/*
Navicat MySQL Data Transfer

Source Server         : 本机
Source Server Version : 80026
Source Host           : localhost:3306
Source Database       : spellingbase

Target Server Type    : MYSQL
Target Server Version : 80026
File Encoding         : 65001

Date: 2023-06-20 23:36:51
*/

SET FOREIGN_KEY_CHECKS=0;

-- ----------------------------
-- Table structure for countlog
-- ----------------------------
DROP TABLE IF EXISTS `countlog`;
CREATE TABLE `countlog` (
  `id` bigint NOT NULL AUTO_INCREMENT,
  `u_id` int NOT NULL,
  `date` date NOT NULL,
  `wordcount` int NOT NULL DEFAULT '0',
  `learncount` int NOT NULL DEFAULT '0',
  PRIMARY KEY (`id`),
  KEY `u_id` (`u_id`),
  CONSTRAINT `u_id` FOREIGN KEY (`u_id`) REFERENCES `user` (`u_id`)
) ENGINE=InnoDB AUTO_INCREMENT=6 DEFAULT CHARSET=utf8mb3;

-- ----------------------------
-- Records of countlog
-- ----------------------------
INSERT INTO `countlog` VALUES ('1', '1', '2023-06-16', '2', '1');
INSERT INTO `countlog` VALUES ('2', '1', '2023-06-17', '3', '0');
INSERT INTO `countlog` VALUES ('3', '1', '2023-06-18', '21', '0');
INSERT INTO `countlog` VALUES ('4', '1', '2023-06-19', '26', '0');
INSERT INTO `countlog` VALUES ('5', '1', '2023-06-20', '4', '9');

-- ----------------------------
-- Table structure for user
-- ----------------------------
DROP TABLE IF EXISTS `user`;
CREATE TABLE `user` (
  `u_id` int NOT NULL AUTO_INCREMENT COMMENT '用户id',
  `username` varchar(255) NOT NULL COMMENT '用户名',
  `password` varchar(255) NOT NULL DEFAULT '123' COMMENT '密码',
  `headpath` varchar(255) CHARACTER SET utf8 COLLATE utf8_general_ci DEFAULT NULL,
  `email` varchar(255) DEFAULT NULL,
  PRIMARY KEY (`u_id`)
) ENGINE=InnoDB AUTO_INCREMENT=6 DEFAULT CHARSET=utf8mb3;

-- ----------------------------
-- Records of user
-- ----------------------------
INSERT INTO `user` VALUES ('1', 'root', '11', '0a85e8b8-92a1-417d-9a64-eb1a2ad2614d.png', '123@qq.com');
INSERT INTO `user` VALUES ('2', 'czk', '123', null, '666@169.com');
INSERT INTO `user` VALUES ('3', 'root1', '123', '775b4275-cd63-40bc-9bf9-4dc4e2ce3529.jpeg', '123你好@qq.com');
INSERT INTO `user` VALUES ('5', 'user1', '123', null, '1449316752@qq.com');

-- ----------------------------
-- Table structure for wordrecord
-- ----------------------------
DROP TABLE IF EXISTS `wordrecord`;
CREATE TABLE `wordrecord` (
  `r_id` bigint NOT NULL AUTO_INCREMENT COMMENT '记录id',
  `u_id` int NOT NULL COMMENT '用户id',
  `w_id` int NOT NULL COMMENT '单词id',
  `level` int NOT NULL DEFAULT '0' COMMENT '级别',
  `isgrasp` tinyint NOT NULL DEFAULT '0' COMMENT '是否掌握',
  `count` int DEFAULT '0' COMMENT '练习次数',
  `updateTime` date DEFAULT NULL,
  PRIMARY KEY (`r_id`),
  KEY `u_id` (`u_id`),
  KEY `w_id` (`w_id`),
  CONSTRAINT `wordrecord_ibfk_1` FOREIGN KEY (`w_id`) REFERENCES `words` (`w_id`),
  CONSTRAINT `wordrecord_ibfk_2` FOREIGN KEY (`u_id`) REFERENCES `user` (`u_id`)
) ENGINE=InnoDB AUTO_INCREMENT=48 DEFAULT CHARSET=utf8mb3;

-- ----------------------------
-- Records of wordrecord
-- ----------------------------
INSERT INTO `wordrecord` VALUES ('19', '1', '1', '3', '1', '11', '2023-06-20');
INSERT INTO `wordrecord` VALUES ('20', '1', '2', '-1', '1', '2', '2023-06-20');
INSERT INTO `wordrecord` VALUES ('21', '1', '21', '-1', '0', '0', '2023-06-06');
INSERT INTO `wordrecord` VALUES ('22', '1', '3', '1', '1', '0', '2023-06-09');
INSERT INTO `wordrecord` VALUES ('23', '1', '41', '2', '2', '0', null);
INSERT INTO `wordrecord` VALUES ('24', '1', '4', '2', '1', '0', null);
INSERT INTO `wordrecord` VALUES ('25', '1', '5', '3', '1', '1', '2023-06-20');
INSERT INTO `wordrecord` VALUES ('26', '1', '6', '3', '1', '0', null);
INSERT INTO `wordrecord` VALUES ('27', '1', '101', '1', '1', '0', null);
INSERT INTO `wordrecord` VALUES ('28', '1', '102', '2', '1', '0', null);
INSERT INTO `wordrecord` VALUES ('29', '1', '1170', '-1', '0', '0', null);
INSERT INTO `wordrecord` VALUES ('30', '1', '22', '-1', '0', '0', null);
INSERT INTO `wordrecord` VALUES ('31', '2', '1', '33', '0', '0', null);
INSERT INTO `wordrecord` VALUES ('32', '1', '1172', '-1', '0', '0', null);
INSERT INTO `wordrecord` VALUES ('33', '1', '1173', '0', '0', '0', null);
INSERT INTO `wordrecord` VALUES ('34', '1', '1174', '0', '0', '0', null);
INSERT INTO `wordrecord` VALUES ('35', '1', '1175', '1', '0', '0', null);
INSERT INTO `wordrecord` VALUES ('36', '1', '1176', '1', '0', '0', null);
INSERT INTO `wordrecord` VALUES ('37', '1', '7', '0', '0', '0', null);
INSERT INTO `wordrecord` VALUES ('38', '1', '8', '2', '0', '0', null);
INSERT INTO `wordrecord` VALUES ('39', '1', '13', '-1', '1', '0', null);
INSERT INTO `wordrecord` VALUES ('40', '1', '14', '-1', '1', '0', null);
INSERT INTO `wordrecord` VALUES ('41', '1', '15', '-1', '1', '0', null);
INSERT INTO `wordrecord` VALUES ('42', '1', '16', '2', '0', '0', null);
INSERT INTO `wordrecord` VALUES ('43', '1', '1171', '0', '1', '0', null);
INSERT INTO `wordrecord` VALUES ('44', '1', '321', '0', '0', '3', null);
INSERT INTO `wordrecord` VALUES ('45', '1', '281', '0', '0', '1', '2023-06-20');
INSERT INTO `wordrecord` VALUES ('46', '1', '61', '0', '1', '0', null);
INSERT INTO `wordrecord` VALUES ('47', '1', '23', '1', '0', '0', null);

-- ----------------------------
-- Table structure for words
-- ----------------------------
DROP TABLE IF EXISTS `words`;
CREATE TABLE `words` (
  `w_id` int NOT NULL AUTO_INCREMENT,
  `word` varchar(255) NOT NULL COMMENT '单词本身',
  `tranCn` varchar(255) NOT NULL COMMENT '释意',
  `list_id` int NOT NULL DEFAULT '1',
  PRIMARY KEY (`w_id`),
  KEY `list_id` (`list_id`),
  CONSTRAINT `words_ibfk_1` FOREIGN KEY (`list_id`) REFERENCES `wordslist` (`list_id`) ON DELETE RESTRICT ON UPDATE RESTRICT
) ENGINE=InnoDB AUTO_INCREMENT=4909 DEFAULT CHARSET=utf8mb3;

-- ----------------------------
-- Records of words
-- ----------------------------
INSERT INTO `words` VALUES ('1', 'access', '获取', '1');
INSERT INTO `words` VALUES ('2', 'project', '工程；课题、作业', '1');
INSERT INTO `words` VALUES ('3', 'intention', '打算，意图', '1');
INSERT INTO `words` VALUES ('4', 'equivalence', '等值，相等', '1');
INSERT INTO `words` VALUES ('5', 'negotiate', '谈判，协商，交涉', '1');
INSERT INTO `words` VALUES ('6', 'disappointing', '令人失望的', '1');
INSERT INTO `words` VALUES ('7', 'alternative', '代替品', '1');
INSERT INTO `words` VALUES ('8', 'generous', '慷慨的', '1');
INSERT INTO `words` VALUES ('9', 'biological', '生物的', '1');
INSERT INTO `words` VALUES ('10', 'strategy', '策略，战略', '1');
INSERT INTO `words` VALUES ('11', 'paradox', '悖论；自相矛盾', '1');
INSERT INTO `words` VALUES ('12', 'primary', '主要的，基本的', '1');
INSERT INTO `words` VALUES ('13', 'standpoint', '立场', '1');
INSERT INTO `words` VALUES ('14', 'grab', '抢先，抢占，抢夺', '1');
INSERT INTO `words` VALUES ('15', 'crucial', '至关重要的', '1');
INSERT INTO `words` VALUES ('16', 'flaw', '缺点；错误', '1');
INSERT INTO `words` VALUES ('17', 'depressed', '萧条的；沮丧的', '1');
INSERT INTO `words` VALUES ('18', 'obstacle', '阻碍', '1');
INSERT INTO `words` VALUES ('19', 'automatic', '自动的', '1');
INSERT INTO `words` VALUES ('20', 'passionate', '热情的', '1');
INSERT INTO `words` VALUES ('21', 'gambling', '赌博', '1');
INSERT INTO `words` VALUES ('22', 'logic', '逻辑', '1');
INSERT INTO `words` VALUES ('23', 'theory', '理论', '1');
INSERT INTO `words` VALUES ('24', 'download', '下载', '1');
INSERT INTO `words` VALUES ('25', 'signal', '信号', '1');
INSERT INTO `words` VALUES ('26', 'authoritative', '权威的', '1');
INSERT INTO `words` VALUES ('27', 'smooth', '光滑的', '1');
INSERT INTO `words` VALUES ('28', 'institution', '社会公共机构；制度；设立，制定', '1');
INSERT INTO `words` VALUES ('29', 'vehicle', '车辆', '1');
INSERT INTO `words` VALUES ('30', 'plague', '使困扰', '1');
INSERT INTO `words` VALUES ('31', 'psychological', '心理上的', '1');
INSERT INTO `words` VALUES ('32', 'shade', '阴凉处', '1');
INSERT INTO `words` VALUES ('33', 'persistent', '持续的；坚持的', '1');
INSERT INTO `words` VALUES ('34', 'voluntary', '自愿的，主动的', '1');
INSERT INTO `words` VALUES ('35', 'tolerance', '宽容，容忍', '1');
INSERT INTO `words` VALUES ('36', 'senior', '老年人', '1');
INSERT INTO `words` VALUES ('37', 'individual', '个人', '1');
INSERT INTO `words` VALUES ('38', 'contemporary', '当代的，现代的', '1');
INSERT INTO `words` VALUES ('39', 'opposite', '相反的', '1');
INSERT INTO `words` VALUES ('40', 'specialize', '专业从事', '1');
INSERT INTO `words` VALUES ('41', 'content', '内容', '1');
INSERT INTO `words` VALUES ('42', 'philosopher', '哲学家', '1');
INSERT INTO `words` VALUES ('43', 'unrest', '不安定，动荡', '1');
INSERT INTO `words` VALUES ('44', 'startle', '吃惊', '1');
INSERT INTO `words` VALUES ('45', 'emission', '排放，辐射', '1');
INSERT INTO `words` VALUES ('46', 'overweight', '超重的', '1');
INSERT INTO `words` VALUES ('47', 'occupation', '职业，工作', '1');
INSERT INTO `words` VALUES ('48', 'mainstream', '主流', '1');
INSERT INTO `words` VALUES ('49', 'scholarship', '奖学金', '1');
INSERT INTO `words` VALUES ('50', 'contract', '合同', '1');
INSERT INTO `words` VALUES ('51', 'cheek', '脸颊', '1');
INSERT INTO `words` VALUES ('52', 'interdependence', '相互依靠', '1');
INSERT INTO `words` VALUES ('53', 'import', '进口', '1');
INSERT INTO `words` VALUES ('54', 'fiction', '小说，虚构的文学作品', '1');
INSERT INTO `words` VALUES ('55', 'upbringing', '养育，培养，教养', '1');
INSERT INTO `words` VALUES ('56', 'preserve', '保护', '1');
INSERT INTO `words` VALUES ('57', 'vitally', '极其重要地', '1');
INSERT INTO `words` VALUES ('58', 'masculine', '男性的', '1');
INSERT INTO `words` VALUES ('59', 'advocate', '倡导', '1');
INSERT INTO `words` VALUES ('60', 'dust', '灰尘', '1');
INSERT INTO `words` VALUES ('61', 'track', '足迹', '1');
INSERT INTO `words` VALUES ('62', 'confidence', '信心', '1');
INSERT INTO `words` VALUES ('63', 'riotous', '狂暴的', '1');
INSERT INTO `words` VALUES ('64', 'sophisticated', '复杂的；世故的', '1');
INSERT INTO `words` VALUES ('65', 'similar', '相似的', '1');
INSERT INTO `words` VALUES ('66', 'transform', '改变', '1');
INSERT INTO `words` VALUES ('67', 'approve', '赞成，同意', '1');
INSERT INTO `words` VALUES ('68', 'session', '开会，会议', '1');
INSERT INTO `words` VALUES ('69', 'awareness', '意识', '1');
INSERT INTO `words` VALUES ('70', 'exhaust', '使筋疲力尽', '1');
INSERT INTO `words` VALUES ('71', 'subsidize', '提供补贴', '1');
INSERT INTO `words` VALUES ('72', 'grocery', '杂货店', '1');
INSERT INTO `words` VALUES ('73', 'ignorance', '无知，愚昧', '1');
INSERT INTO `words` VALUES ('74', 'intelligence', '智力，智慧，理解力', '1');
INSERT INTO `words` VALUES ('75', 'tiny', '微小的', '1');
INSERT INTO `words` VALUES ('76', 'praise', '赞扬，赞美', '1');
INSERT INTO `words` VALUES ('77', 'memorize', '熟记，牢记', '1');
INSERT INTO `words` VALUES ('78', 'relative', '相对的', '1');
INSERT INTO `words` VALUES ('79', 'breakthrough', '突破', '1');
INSERT INTO `words` VALUES ('80', 'incidence', '几率，发生率', '1');
INSERT INTO `words` VALUES ('81', 'scratch', '抓，划痕', '1');
INSERT INTO `words` VALUES ('82', 'harmful', '有害的', '1');
INSERT INTO `words` VALUES ('83', 'undergo', '承受', '1');
INSERT INTO `words` VALUES ('84', 'recession', '衰退', '1');
INSERT INTO `words` VALUES ('85', 'extraordinary', '非凡的', '1');
INSERT INTO `words` VALUES ('86', 'improper', '不合适的，不适当的', '1');
INSERT INTO `words` VALUES ('87', 'marginalize', '边缘化，排斥', '1');
INSERT INTO `words` VALUES ('88', 'vital', '重要的', '1');
INSERT INTO `words` VALUES ('89', 'fortunately', '幸运地', '1');
INSERT INTO `words` VALUES ('90', 'commencement', '毕业典礼', '1');
INSERT INTO `words` VALUES ('91', 'fetch', '取回', '1');
INSERT INTO `words` VALUES ('92', 'clumsy', '笨拙的，不圆滑的', '1');
INSERT INTO `words` VALUES ('93', 'establishment', '确立', '1');
INSERT INTO `words` VALUES ('94', 'emit', '发出，排出', '1');
INSERT INTO `words` VALUES ('95', 'entertaining', '有趣的，使人愉快的', '1');
INSERT INTO `words` VALUES ('96', 'irregular', '不规律的', '1');
INSERT INTO `words` VALUES ('97', 'psychologist', '心理学家', '1');
INSERT INTO `words` VALUES ('98', 'era', '纪元，年代', '1');
INSERT INTO `words` VALUES ('99', 'triumph', '胜利', '1');
INSERT INTO `words` VALUES ('100', 'detection', '侦查；察觉', '1');
INSERT INTO `words` VALUES ('101', 'cozy', '舒适的', '1');
INSERT INTO `words` VALUES ('102', 'gallery', '美术馆', '1');
INSERT INTO `words` VALUES ('103', 'enormous', '巨大的', '1');
INSERT INTO `words` VALUES ('104', 'obtain', '获得', '1');
INSERT INTO `words` VALUES ('105', 'desert', '抛弃', '1');
INSERT INTO `words` VALUES ('106', 'aviate', '驾驶飞机', '1');
INSERT INTO `words` VALUES ('107', 'determine', '决定；下决心', '1');
INSERT INTO `words` VALUES ('108', 'disappear', '不见，消失', '1');
INSERT INTO `words` VALUES ('109', 'entitle', '使具有权利，使具有资格', '1');
INSERT INTO `words` VALUES ('110', 'relieve', '解除，减轻，缓解', '1');
INSERT INTO `words` VALUES ('111', 'generosity', '慷慨，大方', '1');
INSERT INTO `words` VALUES ('112', 'colleague', '同事', '1');
INSERT INTO `words` VALUES ('113', 'undertake', '承担', '1');
INSERT INTO `words` VALUES ('114', 'convenient', '方便的', '1');
INSERT INTO `words` VALUES ('115', 'preferentially', '优先地', '1');
INSERT INTO `words` VALUES ('116', 'column', '专栏', '1');
INSERT INTO `words` VALUES ('117', 'affectionate', '深情的，柔情的', '1');
INSERT INTO `words` VALUES ('118', 'issue', '发表〔声明〕', '1');
INSERT INTO `words` VALUES ('119', 'inquire', '询问', '1');
INSERT INTO `words` VALUES ('120', 'groundlessly', '无缘无故地，无根据地', '1');
INSERT INTO `words` VALUES ('121', 'independently', '独立地', '1');
INSERT INTO `words` VALUES ('122', 'approach', '靠近', '1');
INSERT INTO `words` VALUES ('123', 'administration', '管理；〔某一时期的〕政府', '1');
INSERT INTO `words` VALUES ('124', 'adversity', '逆境，不幸', '1');
INSERT INTO `words` VALUES ('125', 'technician', '技术员，技师', '1');
INSERT INTO `words` VALUES ('126', 'regular', '有规律的，经常的', '1');
INSERT INTO `words` VALUES ('127', 'miscalculation', '算错，误算', '1');
INSERT INTO `words` VALUES ('128', 'hinder', '阻碍', '1');
INSERT INTO `words` VALUES ('129', 'selection', '选择，挑选', '1');
INSERT INTO `words` VALUES ('130', 'tide', '潮水', '1');
INSERT INTO `words` VALUES ('131', 'superior', '上级的，较高的', '1');
INSERT INTO `words` VALUES ('132', 'matter', '要紧，重要', '1');
INSERT INTO `words` VALUES ('133', 'passively', '消极地', '1');
INSERT INTO `words` VALUES ('134', 'grant', '授予；允许', '1');
INSERT INTO `words` VALUES ('135', 'liberation', '解放', '1');
INSERT INTO `words` VALUES ('136', 'observe', '遵守', '1');
INSERT INTO `words` VALUES ('137', 'institute', '建立', '1');
INSERT INTO `words` VALUES ('138', 'dormitory', '宿舍', '1');
INSERT INTO `words` VALUES ('139', 'awful', '可怕的，骇人的', '1');
INSERT INTO `words` VALUES ('140', 'emergency', '紧急情况', '1');
INSERT INTO `words` VALUES ('141', 'stress', '压力；重音', '1');
INSERT INTO `words` VALUES ('142', 'launch', '发动', '1');
INSERT INTO `words` VALUES ('143', 'suppose', '料想，以为；假定；期望', '1');
INSERT INTO `words` VALUES ('144', 'remove', '消除，移除', '1');
INSERT INTO `words` VALUES ('145', 'exposure', '暴露；揭露', '1');
INSERT INTO `words` VALUES ('146', 'promote', '促进，提升；推销', '1');
INSERT INTO `words` VALUES ('147', 'engage', '从事；吸引', '1');
INSERT INTO `words` VALUES ('148', 'uncertain', '不确定的', '1');
INSERT INTO `words` VALUES ('149', 'accommodate', '为…提供住宿', '1');
INSERT INTO `words` VALUES ('150', 'slave', '奴隶', '1');
INSERT INTO `words` VALUES ('151', 'mature', '成熟的', '1');
INSERT INTO `words` VALUES ('152', 'contrast', '对照物', '1');
INSERT INTO `words` VALUES ('153', 'clinic', '诊所', '1');
INSERT INTO `words` VALUES ('154', 'award', '授予；判给', '1');
INSERT INTO `words` VALUES ('155', 'worthwhile', '有价值的', '1');
INSERT INTO `words` VALUES ('156', 'cruelty', '残暴，残酷', '1');
INSERT INTO `words` VALUES ('157', 'threaten', '威胁', '1');
INSERT INTO `words` VALUES ('158', 'chemical', '化学的', '1');
INSERT INTO `words` VALUES ('159', 'consistent', '一致的', '1');
INSERT INTO `words` VALUES ('160', 'renew', '〔中止后〕重新开始，继续', '1');
INSERT INTO `words` VALUES ('161', 'takeoff', '起飞', '1');
INSERT INTO `words` VALUES ('162', 'innocent', '无辜的；天真的', '1');
INSERT INTO `words` VALUES ('163', 'currently', '当前；一般地', '1');
INSERT INTO `words` VALUES ('164', 'dropout', '辍学者', '1');
INSERT INTO `words` VALUES ('165', 'replace', '代替', '1');
INSERT INTO `words` VALUES ('166', 'sightseeing', '观光', '1');
INSERT INTO `words` VALUES ('167', 'honor', '荣誉；崇敬，敬重，敬意', '1');
INSERT INTO `words` VALUES ('168', 'imitate', '模仿', '1');
INSERT INTO `words` VALUES ('169', 'installment', '分期付款', '1');
INSERT INTO `words` VALUES ('170', 'personality', '个性，性格', '1');
INSERT INTO `words` VALUES ('171', 'headquarter', '设立总部，在…设立总部', '1');
INSERT INTO `words` VALUES ('172', 'ingredient', '成分，原料', '1');
INSERT INTO `words` VALUES ('173', 'revenue', '收入', '1');
INSERT INTO `words` VALUES ('174', 'sensitive', '敏感的', '1');
INSERT INTO `words` VALUES ('175', 'particular', '特别的，特指的；讲究的；挑剔的，吹毛求疵的', '1');
INSERT INTO `words` VALUES ('176', 'tumor', '瘤', '1');
INSERT INTO `words` VALUES ('177', 'consequence', '结果，成果', '1');
INSERT INTO `words` VALUES ('178', 'explicitly', '直接地，明确地', '1');
INSERT INTO `words` VALUES ('179', 'sway', '影响', '1');
INSERT INTO `words` VALUES ('180', 'technical', '技术的', '1');
INSERT INTO `words` VALUES ('181', 'expert', '熟练的，内行的', '1');
INSERT INTO `words` VALUES ('182', 'harm', '损害；危害；伤害', '1');
INSERT INTO `words` VALUES ('183', 'imaginary', '虚构的，想象的', '1');
INSERT INTO `words` VALUES ('184', 'contaminate', '污染，弄脏', '1');
INSERT INTO `words` VALUES ('185', 'soar', '猛增', '1');
INSERT INTO `words` VALUES ('186', 'solely', '单独地，唯一地', '1');
INSERT INTO `words` VALUES ('187', 'tremendous', '巨大的', '1');
INSERT INTO `words` VALUES ('188', 'civilization', '文明', '1');
INSERT INTO `words` VALUES ('189', 'tough', '困难的', '1');
INSERT INTO `words` VALUES ('190', 'gift', '礼物；天赋', '1');
INSERT INTO `words` VALUES ('191', 'scale', '规模；比例', '1');
INSERT INTO `words` VALUES ('192', 'injure', '使受伤', '1');
INSERT INTO `words` VALUES ('193', 'embrace', '拥抱；欣然接受，乐意采纳 (新思想、意见、宗教等)', '1');
INSERT INTO `words` VALUES ('194', 'seldom', '很少，罕见', '1');
INSERT INTO `words` VALUES ('195', 'performance', '演出；履行；表现', '1');
INSERT INTO `words` VALUES ('196', 'violate', '违反', '1');
INSERT INTO `words` VALUES ('197', 'associate', '把……联系起来；交往；', '1');
INSERT INTO `words` VALUES ('198', 'privacy', '隐私', '1');
INSERT INTO `words` VALUES ('199', 'choke', '使窒息', '1');
INSERT INTO `words` VALUES ('200', 'capable', '能干的，有能力的', '1');
INSERT INTO `words` VALUES ('201', 'appeal', '呼吁', '1');
INSERT INTO `words` VALUES ('202', 'careless', '粗心的', '1');
INSERT INTO `words` VALUES ('203', 'hit', '(唱片、电影或戏剧的) 成功；命中，击中', '1');
INSERT INTO `words` VALUES ('204', 'swallow', '咽下，吞下', '1');
INSERT INTO `words` VALUES ('205', 'consult', '咨询', '1');
INSERT INTO `words` VALUES ('206', 'preservation', '保存，保留', '1');
INSERT INTO `words` VALUES ('207', 'distance', '距离', '1');
INSERT INTO `words` VALUES ('208', 'plastic', '塑料的', '1');
INSERT INTO `words` VALUES ('209', 'predict', '预言，预测，预告', '1');
INSERT INTO `words` VALUES ('210', 'submit', '提交', '1');
INSERT INTO `words` VALUES ('211', 'entertainment', '娱乐', '1');
INSERT INTO `words` VALUES ('212', 'critical', '批评的，爱挑剔的', '1');
INSERT INTO `words` VALUES ('213', 'transaction', '交易，业务，事务', '1');
INSERT INTO `words` VALUES ('214', 'via', '通过', '1');
INSERT INTO `words` VALUES ('215', 'insist', '主张，坚持', '1');
INSERT INTO `words` VALUES ('216', 'distract', '分心', '1');
INSERT INTO `words` VALUES ('217', 'subdivision', '分支; 分部', '1');
INSERT INTO `words` VALUES ('218', 'yield', '产生，得出〔结果、答案或资料', '1');
INSERT INTO `words` VALUES ('219', 'misunderstand', '误解', '1');
INSERT INTO `words` VALUES ('220', 'detail', '细节', '1');
INSERT INTO `words` VALUES ('221', 'immeasurable', '无法估量的', '1');
INSERT INTO `words` VALUES ('222', 'convincing', '令人信服的', '1');
INSERT INTO `words` VALUES ('223', 'donate', '捐赠', '1');
INSERT INTO `words` VALUES ('224', 'compare', '比较，对照', '1');
INSERT INTO `words` VALUES ('225', 'item', '〔尤指清单上、一群或一组事物中的〕一项，一件，一条', '1');
INSERT INTO `words` VALUES ('226', 'concrete', '具体的', '1');
INSERT INTO `words` VALUES ('227', 'govern', '管理，支配', '1');
INSERT INTO `words` VALUES ('228', 'classify', '把…分类，把…分级', '1');
INSERT INTO `words` VALUES ('229', 'restrict', '限制，限定', '1');
INSERT INTO `words` VALUES ('230', 'establish', '建立，创办，设立', '1');
INSERT INTO `words` VALUES ('231', 'counseling', '咨询服务', '1');
INSERT INTO `words` VALUES ('232', 'majority', '多数', '1');
INSERT INTO `words` VALUES ('233', 'contact', '联系，接触', '1');
INSERT INTO `words` VALUES ('234', 'virtual', '虚拟的', '1');
INSERT INTO `words` VALUES ('235', 'simplicity', '简单', '1');
INSERT INTO `words` VALUES ('236', 'enrollment', '入学人数', '1');
INSERT INTO `words` VALUES ('237', 'programming', '〔计算机的〕程序编写，程序设计；程序；；〔电视或广播〕节目；电视[广播]节目策划，编排', '1');
INSERT INTO `words` VALUES ('238', 'device', '装置，设备', '1');
INSERT INTO `words` VALUES ('239', 'previous', '之前的', '1');
INSERT INTO `words` VALUES ('240', 'alter', '改变', '1');
INSERT INTO `words` VALUES ('241', 'coach', '教练', '1');
INSERT INTO `words` VALUES ('242', 'crisis', '危机', '1');
INSERT INTO `words` VALUES ('243', 'interconnect', '相互联系', '1');
INSERT INTO `words` VALUES ('244', 'enrich', '丰富；使富有', '1');
INSERT INTO `words` VALUES ('245', 'poll', '民意调查', '1');
INSERT INTO `words` VALUES ('246', 'consent', '允许，同意', '1');
INSERT INTO `words` VALUES ('247', 'utility', '公用事业〔如煤气、电力等〕', '1');
INSERT INTO `words` VALUES ('248', 'poisonous', '有毒的，有害的', '1');
INSERT INTO `words` VALUES ('249', 'collision', '冲突，抵触', '1');
INSERT INTO `words` VALUES ('250', 'rank', '具有…等级[地位]', '1');
INSERT INTO `words` VALUES ('251', 'fundamentally', '根本上', '1');
INSERT INTO `words` VALUES ('252', 'inflation', '通货膨胀', '1');
INSERT INTO `words` VALUES ('253', 'secure', '确保……安全', '1');
INSERT INTO `words` VALUES ('254', 'interpret', '解释', '1');
INSERT INTO `words` VALUES ('255', 'criticize', '批评；评论', '1');
INSERT INTO `words` VALUES ('256', 'arrest', '逮捕', '1');
INSERT INTO `words` VALUES ('257', 'afford', '负担得起', '1');
INSERT INTO `words` VALUES ('258', 'implementation', '实现，履行', '1');
INSERT INTO `words` VALUES ('259', 'initiate', '开始，发起', '1');
INSERT INTO `words` VALUES ('260', 'enable', '使能够……', '1');
INSERT INTO `words` VALUES ('261', 'narrow', '狭窄的', '1');
INSERT INTO `words` VALUES ('262', 'overcharge', '向……多收费', '1');
INSERT INTO `words` VALUES ('263', 'shortcut', '捷径，近路', '1');
INSERT INTO `words` VALUES ('264', 'leisure', '悠闲，空闲', '1');
INSERT INTO `words` VALUES ('265', 'original', '原始的，最初的', '1');
INSERT INTO `words` VALUES ('266', 'density', '密度', '1');
INSERT INTO `words` VALUES ('267', 'sphere', '球体；范围', '1');
INSERT INTO `words` VALUES ('268', 'margin', '页边的空白，页边，白边', '1');
INSERT INTO `words` VALUES ('269', 'department', '部门', '1');
INSERT INTO `words` VALUES ('270', 'desire', '渴望，欲望', '1');
INSERT INTO `words` VALUES ('271', 'legend', '传奇', '1');
INSERT INTO `words` VALUES ('272', 'dictator', '独裁者；专制者', '1');
INSERT INTO `words` VALUES ('273', 'diversity', '多样性；差异', '1');
INSERT INTO `words` VALUES ('274', 'quit', '放弃', '1');
INSERT INTO `words` VALUES ('275', 'outgoing', '开朗的；外向的；外出的', '1');
INSERT INTO `words` VALUES ('276', 'solution', '解决，解答，解决办法', '1');
INSERT INTO `words` VALUES ('277', 'revenge', '报仇', '1');
INSERT INTO `words` VALUES ('278', 'reverse', '相反情况；正相反', '1');
INSERT INTO `words` VALUES ('279', 'enroll', '注册', '1');
INSERT INTO `words` VALUES ('280', 'logically', '合乎情理地，符合逻辑地', '1');
INSERT INTO `words` VALUES ('281', 'rental', '租金', '1');
INSERT INTO `words` VALUES ('282', 'component', '成分', '1');
INSERT INTO `words` VALUES ('283', 'quotation', '引文', '1');
INSERT INTO `words` VALUES ('284', 'faith', '信任', '1');
INSERT INTO `words` VALUES ('285', 'invalid', '无效的', '1');
INSERT INTO `words` VALUES ('286', 'invade', '侵入，侵略', '1');
INSERT INTO `words` VALUES ('287', 'separately', '分别地，另行', '1');
INSERT INTO `words` VALUES ('288', 'strain', '扭伤，拉伤', '1');
INSERT INTO `words` VALUES ('289', 'accessible', '易接近的', '1');
INSERT INTO `words` VALUES ('290', 'lap', '〔坐着时的〕大腿部', '1');
INSERT INTO `words` VALUES ('291', 'character', '角色', '1');
INSERT INTO `words` VALUES ('292', 'widespread', '普遍的，广泛的', '1');
INSERT INTO `words` VALUES ('293', 'rearrange', '重新安排', '1');
INSERT INTO `words` VALUES ('294', 'hospitalize', '就医', '1');
INSERT INTO `words` VALUES ('295', 'avail', '有益, 有帮助', '1');
INSERT INTO `words` VALUES ('296', 'instant', '立即的；紧急的；速溶的，方便的', '1');
INSERT INTO `words` VALUES ('297', 'democratic', '民主的', '1');
INSERT INTO `words` VALUES ('298', 'barely', '仅仅，几乎不', '1');
INSERT INTO `words` VALUES ('299', 'vanish', '消失', '1');
INSERT INTO `words` VALUES ('300', 'caregiver', '照料者', '1');
INSERT INTO `words` VALUES ('301', 'harsh', '严酷的', '1');
INSERT INTO `words` VALUES ('302', 'reliable', '可靠的，可信赖的', '1');
INSERT INTO `words` VALUES ('303', 'massive', '(尺寸、数量、规模) 非常大的', '1');
INSERT INTO `words` VALUES ('304', 'alcohol', '酒精', '1');
INSERT INTO `words` VALUES ('305', 'pregnant', '怀孕的', '1');
INSERT INTO `words` VALUES ('306', 'adapt', '适应于', '1');
INSERT INTO `words` VALUES ('307', 'bogus', '假冒的', '1');
INSERT INTO `words` VALUES ('308', 'slippery', '滑的；模糊的，不明确的，', '1');
INSERT INTO `words` VALUES ('309', 'current', '当前的', '1');
INSERT INTO `words` VALUES ('310', 'overwhelm', '压倒，战胜', '1');
INSERT INTO `words` VALUES ('311', 'stressful', '充满著压力的，充满著紧张的', '1');
INSERT INTO `words` VALUES ('312', 'toothache', '牙痛，牙疼', '1');
INSERT INTO `words` VALUES ('313', 'eliminate', '消除', '1');
INSERT INTO `words` VALUES ('314', 'terminal', '终点站，航空站', '1');
INSERT INTO `words` VALUES ('315', 'severe', '严重的', '1');
INSERT INTO `words` VALUES ('316', 'immobile', '稳定的，不变的', '1');
INSERT INTO `words` VALUES ('317', 'diplomatic', '外交的', '1');
INSERT INTO `words` VALUES ('318', 'candidate', '申请求职者；投考者；候选人', '1');
INSERT INTO `words` VALUES ('319', 'fund', '基金，储备；', '1');
INSERT INTO `words` VALUES ('320', 'complacency', '自满，满足', '1');
INSERT INTO `words` VALUES ('321', 'delight', '高兴', '1');
INSERT INTO `words` VALUES ('322', 'inadequate', '不足的，不够的', '1');
INSERT INTO `words` VALUES ('323', 'steady', '稳定的，逐步的', '1');
INSERT INTO `words` VALUES ('324', 'accurate', '精确的，准确的', '1');
INSERT INTO `words` VALUES ('325', 'identification', '身份证明；鉴定，识别；认同；', '1');
INSERT INTO `words` VALUES ('326', 'previously', '事先', '1');
INSERT INTO `words` VALUES ('327', 'identical', '相同的', '1');
INSERT INTO `words` VALUES ('328', 'retirement', '退休', '1');
INSERT INTO `words` VALUES ('329', 'commit', '犯罪；承担义务', '1');
INSERT INTO `words` VALUES ('330', 'element', '要素；元素', '1');
INSERT INTO `words` VALUES ('331', 'assess', '评价', '1');
INSERT INTO `words` VALUES ('332', 'hire', '雇佣', '1');
INSERT INTO `words` VALUES ('333', 'represent', '代表', '1');
INSERT INTO `words` VALUES ('334', 'overestimate', '对（数量）估计过高', '1');
INSERT INTO `words` VALUES ('335', 'supervision', '监督', '1');
INSERT INTO `words` VALUES ('336', 'expose', '暴露', '1');
INSERT INTO `words` VALUES ('337', 'seemingly', '表面上看', '1');
INSERT INTO `words` VALUES ('338', 'assignment', '作业', '1');
INSERT INTO `words` VALUES ('339', 'preference', '偏爱', '1');
INSERT INTO `words` VALUES ('340', 'energetic', '精力充沛的', '1');
INSERT INTO `words` VALUES ('341', 'application', '申请；应用', '1');
INSERT INTO `words` VALUES ('342', 'moral', '精神上的, 道德的', '1');
INSERT INTO `words` VALUES ('343', 'dispute', '辩论，争论', '1');
INSERT INTO `words` VALUES ('344', 'influence', '影响', '1');
INSERT INTO `words` VALUES ('345', 'illegal', '非法的', '1');
INSERT INTO `words` VALUES ('346', 'esteem', '自尊', '1');
INSERT INTO `words` VALUES ('347', 'abundant', '大量的，丰富的', '1');
INSERT INTO `words` VALUES ('348', 'survey', '调查；审视，仔细考虑', '1');
INSERT INTO `words` VALUES ('349', 'extensively', '广泛地', '1');
INSERT INTO `words` VALUES ('350', 'deserve', '值得', '1');
INSERT INTO `words` VALUES ('351', 'crash', '坠落;坠毁;撞击', '1');
INSERT INTO `words` VALUES ('352', 'affirm', '断言，声明', '1');
INSERT INTO `words` VALUES ('353', 'reputation', '名气，名声，名誉', '1');
INSERT INTO `words` VALUES ('354', 'degree', '程度', '1');
INSERT INTO `words` VALUES ('355', 'fade', '逐渐消失', '1');
INSERT INTO `words` VALUES ('356', 'competitor', '竞争者，对手', '1');
INSERT INTO `words` VALUES ('357', 'confuse', '使混淆，迷惑', '1');
INSERT INTO `words` VALUES ('358', 'task', '任务，工作', '1');
INSERT INTO `words` VALUES ('359', 'lessen', '减少', '1');
INSERT INTO `words` VALUES ('360', 'admit', '承认；容许', '1');
INSERT INTO `words` VALUES ('361', 'bow', '鞠躬', '1');
INSERT INTO `words` VALUES ('362', 'division', '除法；部门', '1');
INSERT INTO `words` VALUES ('363', 'literature', '文学，文学作品；文献；文献', '1');
INSERT INTO `words` VALUES ('364', 'consultant', '顾问', '1');
INSERT INTO `words` VALUES ('365', 'penalty', '惩罚', '1');
INSERT INTO `words` VALUES ('366', 'comment', '评论', '1');
INSERT INTO `words` VALUES ('367', 'major', '主要的', '1');
INSERT INTO `words` VALUES ('368', 'option', '选择', '1');
INSERT INTO `words` VALUES ('369', 'socialize', '交往，联谊', '1');
INSERT INTO `words` VALUES ('370', 'bureau', '局', '1');
INSERT INTO `words` VALUES ('371', 'budget', '预算', '1');
INSERT INTO `words` VALUES ('372', 'pop', '突然出现，跳出', '1');
INSERT INTO `words` VALUES ('373', 'position', '职位', '1');
INSERT INTO `words` VALUES ('374', 'unaffordable', '买不起的，负担不起的', '1');
INSERT INTO `words` VALUES ('375', 'function', '功能', '1');
INSERT INTO `words` VALUES ('376', 'perceive', '察觉', '1');
INSERT INTO `words` VALUES ('377', 'reserve', '留出，预定', '1');
INSERT INTO `words` VALUES ('378', 'innovation', '改革，创新', '1');
INSERT INTO `words` VALUES ('379', 'alert', '提醒；使〔某人〕意识到', '1');
INSERT INTO `words` VALUES ('380', 'cautious', '谨慎的', '1');
INSERT INTO `words` VALUES ('381', 'document', '文件', '1');
INSERT INTO `words` VALUES ('382', 'characterize', '以……特点', '1');
INSERT INTO `words` VALUES ('383', 'achieve', '完成，实现', '1');
INSERT INTO `words` VALUES ('384', 'address', '解决', '1');
INSERT INTO `words` VALUES ('385', 'inspiration', '灵感', '1');
INSERT INTO `words` VALUES ('386', 'agency', '机构', '1');
INSERT INTO `words` VALUES ('387', 'formulate', '规定，制定', '1');
INSERT INTO `words` VALUES ('388', 'fate', '命运', '1');
INSERT INTO `words` VALUES ('389', 'surf', '冲浪', '1');
INSERT INTO `words` VALUES ('390', 'steer', '驾驶', '1');
INSERT INTO `words` VALUES ('391', 'structure', '结构', '1');
INSERT INTO `words` VALUES ('392', 'architect', '建筑师', '1');
INSERT INTO `words` VALUES ('393', 'frame', '框架', '1');
INSERT INTO `words` VALUES ('394', 'amaze', '使吃惊', '1');
INSERT INTO `words` VALUES ('395', 'affirmation', '断言，肯定', '1');
INSERT INTO `words` VALUES ('396', 'intelligent', '有智慧的，聪明的，悟性强的', '1');
INSERT INTO `words` VALUES ('397', 'code', '代码，密码', '1');
INSERT INTO `words` VALUES ('398', 'burden', '重担，负担', '1');
INSERT INTO `words` VALUES ('399', 'absorb', '吸收（液体、气体等）', '1');
INSERT INTO `words` VALUES ('400', 'instruction', '用法说明；操作指南；命令，指示', '1');
INSERT INTO `words` VALUES ('401', 'admission', '承认；准许进(加)入；入场费', '1');
INSERT INTO `words` VALUES ('402', 'additional', '额外的', '1');
INSERT INTO `words` VALUES ('403', 'prejudice', '偏见', '1');
INSERT INTO `words` VALUES ('404', 'process', '过程，进程；；工序；工艺流程', '1');
INSERT INTO `words` VALUES ('405', 'elegant', '优雅的', '1');
INSERT INTO `words` VALUES ('406', 'hospitable', '热情友好的', '1');
INSERT INTO `words` VALUES ('407', 'refreshing', '恢复活力的', '1');
INSERT INTO `words` VALUES ('408', 'ensure', '确保', '1');
INSERT INTO `words` VALUES ('409', 'frighten', '使惊恐，使恐慌', '1');
INSERT INTO `words` VALUES ('410', 'civilized', '文明的', '1');
INSERT INTO `words` VALUES ('411', 'approval', '批准，认可；赞成，同意', '1');
INSERT INTO `words` VALUES ('412', 'publicize', '宣布', '1');
INSERT INTO `words` VALUES ('413', 'resident', '居民', '1');
INSERT INTO `words` VALUES ('414', 'considerate', '体贴的；考虑周到的', '1');
INSERT INTO `words` VALUES ('415', 'twist', '扭曲，使弯曲', '1');
INSERT INTO `words` VALUES ('416', 'citizen', '市民，城镇居民；公民', '1');
INSERT INTO `words` VALUES ('417', 'stake', '风险', '1');
INSERT INTO `words` VALUES ('418', 'keenly', '敏锐地', '1');
INSERT INTO `words` VALUES ('419', 'superficial', '肤浅的', '1');
INSERT INTO `words` VALUES ('420', 'flexibility', '灵活性；适应性', '1');
INSERT INTO `words` VALUES ('421', 'favorable', '赞同的', '1');
INSERT INTO `words` VALUES ('422', 'competent', '胜任的，有能力的', '1');
INSERT INTO `words` VALUES ('423', 'emotional', '情绪(上)的，情感(上)的；激起感情的； 敏感的；情绪激动的〔尤指哭泣〕', '1');
INSERT INTO `words` VALUES ('424', 'pioneer', '开拓，开发', '1');
INSERT INTO `words` VALUES ('425', 'sustain', '维持', '1');
INSERT INTO `words` VALUES ('426', 'gloomy', '阴沉的，沮丧的', '1');
INSERT INTO `words` VALUES ('427', 'convince', '使相信', '1');
INSERT INTO `words` VALUES ('428', 'profitable', '有利可图的，有益的', '1');
INSERT INTO `words` VALUES ('429', 'routinely', '例行公事地', '1');
INSERT INTO `words` VALUES ('430', 'phenomenon', '现象', '1');
INSERT INTO `words` VALUES ('431', 'variety', '多样', '1');
INSERT INTO `words` VALUES ('432', 'gum', '牙龈', '1');
INSERT INTO `words` VALUES ('433', 'criticism', '批评', '1');
INSERT INTO `words` VALUES ('434', 'fatal', '致命的，攸关的', '1');
INSERT INTO `words` VALUES ('435', 'delightful', '高兴的', '1');
INSERT INTO `words` VALUES ('436', 'tedious', '单调沉闷的', '1');
INSERT INTO `words` VALUES ('437', 'flexible', '灵活的', '1');
INSERT INTO `words` VALUES ('438', 'considerably', '相当地，非常地', '1');
INSERT INTO `words` VALUES ('439', 'efficiently', '有效地', '1');
INSERT INTO `words` VALUES ('440', 'appearance', '外表, 外观；出现', '1');
INSERT INTO `words` VALUES ('441', 'album', '粘贴簿，集邮簿，册', '1');
INSERT INTO `words` VALUES ('442', 'optimistic', '乐观的', '1');
INSERT INTO `words` VALUES ('443', 'clue', '线索', '1');
INSERT INTO `words` VALUES ('444', 'grief', '悲伤', '1');
INSERT INTO `words` VALUES ('445', 'synthetic', '合成的，人造的', '1');
INSERT INTO `words` VALUES ('446', 'resistance', '抵御，抵抗；抵抗力', '1');
INSERT INTO `words` VALUES ('447', 'install', '安装', '1');
INSERT INTO `words` VALUES ('448', 'pledge', '保证，誓言', '1');
INSERT INTO `words` VALUES ('449', 'unique', '独特的，唯一的', '1');
INSERT INTO `words` VALUES ('450', 'stock', '股票；库存', '1');
INSERT INTO `words` VALUES ('451', 'disadvantage', '不利情况，缺点', '1');
INSERT INTO `words` VALUES ('452', 'compensate', '弥补，补偿', '1');
INSERT INTO `words` VALUES ('453', 'rescue', '营救，援救', '1');
INSERT INTO `words` VALUES ('454', 'monitor', '监控；监听', '1');
INSERT INTO `words` VALUES ('455', 'refusal', '拒绝', '1');
INSERT INTO `words` VALUES ('456', 'exile', '流放，放逐', '1');
INSERT INTO `words` VALUES ('457', 'encourage', '鼓励', '1');
INSERT INTO `words` VALUES ('458', 'concept', '观点，观念', '1');
INSERT INTO `words` VALUES ('459', 'render', '给予', '1');
INSERT INTO `words` VALUES ('460', 'trait', '性格', '1');
INSERT INTO `words` VALUES ('461', 'feature', '特点', '1');
INSERT INTO `words` VALUES ('462', 'reframe', '再构造(图画、照片等)', '1');
INSERT INTO `words` VALUES ('463', 'identify', '认出，识别；视为', '1');
INSERT INTO `words` VALUES ('464', 'impose', '强加', '1');
INSERT INTO `words` VALUES ('465', 'snack', '零食，小吃', '1');
INSERT INTO `words` VALUES ('466', 'require', '要求，命令', '1');
INSERT INTO `words` VALUES ('467', 'donation', '捐赠', '1');
INSERT INTO `words` VALUES ('468', 'equal', '相等的，平等的', '1');
INSERT INTO `words` VALUES ('469', 'rare', '罕有的，少见的', '1');
INSERT INTO `words` VALUES ('470', 'specify', '指定，具体说明', '1');
INSERT INTO `words` VALUES ('471', 'constant', '不断的，持续的', '1');
INSERT INTO `words` VALUES ('472', 'standardize', '使标准化', '1');
INSERT INTO `words` VALUES ('473', 'consume', '消费，消耗', '1');
INSERT INTO `words` VALUES ('474', 'status', '地位', '1');
INSERT INTO `words` VALUES ('475', 'complement', '补充', '1');
INSERT INTO `words` VALUES ('476', 'lengthy', '长的，漫长的', '1');
INSERT INTO `words` VALUES ('477', 'embarrassed', '尴尬的；窘迫的', '1');
INSERT INTO `words` VALUES ('478', 'rational', '神智清楚的', '1');
INSERT INTO `words` VALUES ('479', 'distant', '遥远的', '1');
INSERT INTO `words` VALUES ('480', 'homemaker', '主妇', '1');
INSERT INTO `words` VALUES ('481', 'exception', '例外', '1');
INSERT INTO `words` VALUES ('482', 'sustainable', '可持续的', '1');
INSERT INTO `words` VALUES ('483', 'trigger', '引发，引起', '1');
INSERT INTO `words` VALUES ('484', 'intend', '打算', '1');
INSERT INTO `words` VALUES ('485', 'spread', '扩散；传播', '1');
INSERT INTO `words` VALUES ('486', 'estimate', '估计', '1');
INSERT INTO `words` VALUES ('487', 'technique', '技巧，手艺；技术，技能', '1');
INSERT INTO `words` VALUES ('488', 'include', '包含', '1');
INSERT INTO `words` VALUES ('489', 'academic', '学术的', '1');
INSERT INTO `words` VALUES ('490', 'distinctive', '独特的，与众不同的', '1');
INSERT INTO `words` VALUES ('491', 'consist', '由……组成', '1');
INSERT INTO `words` VALUES ('492', 'bid', '出价，投标', '1');
INSERT INTO `words` VALUES ('493', 'benefit', '有益于，有助于', '1');
INSERT INTO `words` VALUES ('494', 'downsize', '裁员', '1');
INSERT INTO `words` VALUES ('495', 'avoid', '避免', '1');
INSERT INTO `words` VALUES ('496', 'gender', '性别', '1');
INSERT INTO `words` VALUES ('497', 'interracial', '种族间的', '1');
INSERT INTO `words` VALUES ('498', 'complaint', '抱怨; 投诉', '1');
INSERT INTO `words` VALUES ('499', 'pattern', '模式', '1');
INSERT INTO `words` VALUES ('500', 'mood', '心情', '1');
INSERT INTO `words` VALUES ('501', 'sympathy', '同情心', '1');
INSERT INTO `words` VALUES ('502', 'discount', '折扣', '1');
INSERT INTO `words` VALUES ('503', 'value', '重视', '1');
INSERT INTO `words` VALUES ('504', 'altitude', '海拔, 高度', '1');
INSERT INTO `words` VALUES ('505', 'groundsheet', '防潮布', '1');
INSERT INTO `words` VALUES ('506', 'evolutionary', '进化的；演变的', '1');
INSERT INTO `words` VALUES ('507', 'implement', '实施，执行', '1');
INSERT INTO `words` VALUES ('508', 'dominant', '占优势的', '1');
INSERT INTO `words` VALUES ('509', 'scope', '范围', '1');
INSERT INTO `words` VALUES ('510', 'suspect', '怀疑，猜想', '1');
INSERT INTO `words` VALUES ('511', 'confrontation', '冲突，对抗', '1');
INSERT INTO `words` VALUES ('512', 'puzzle', '迷惑', '1');
INSERT INTO `words` VALUES ('513', 'critic', '批评家，评论家', '1');
INSERT INTO `words` VALUES ('514', 'apartment', '公寓', '1');
INSERT INTO `words` VALUES ('515', 'analyze', '分析', '1');
INSERT INTO `words` VALUES ('516', 'maintain', '维持；主张', '1');
INSERT INTO `words` VALUES ('517', 'curb', '控制', '1');
INSERT INTO `words` VALUES ('518', 'version', '版本', '1');
INSERT INTO `words` VALUES ('519', 'rival', '对手', '1');
INSERT INTO `words` VALUES ('520', 'beneficial', '有利的，有益的', '1');
INSERT INTO `words` VALUES ('521', 'substantial', '大量的', '1');
INSERT INTO `words` VALUES ('522', 'recover', '恢复；重新获得；寻回', '1');
INSERT INTO `words` VALUES ('523', 'diploma', '文凭', '1');
INSERT INTO `words` VALUES ('524', 'carpenter', '木匠', '1');
INSERT INTO `words` VALUES ('525', 'circumstance', '环境，境遇', '1');
INSERT INTO `words` VALUES ('526', 'canteen', '食堂', '1');
INSERT INTO `words` VALUES ('527', 'advocator', '主张者，倡导者', '1');
INSERT INTO `words` VALUES ('528', 'disorderly', '杂乱的', '1');
INSERT INTO `words` VALUES ('529', 'essentially', '本质上，根本上', '1');
INSERT INTO `words` VALUES ('530', 'prevent', '预防', '1');
INSERT INTO `words` VALUES ('531', 'ceremony', '典礼，仪式', '1');
INSERT INTO `words` VALUES ('532', 'assume', '假定，认为', '1');
INSERT INTO `words` VALUES ('533', 'demand', '需求，要求', '1');
INSERT INTO `words` VALUES ('534', 'principle', '原则，原理', '1');
INSERT INTO `words` VALUES ('535', 'reception', '接待；反响', '1');
INSERT INTO `words` VALUES ('536', 'transfer', '转换，调换', '1');
INSERT INTO `words` VALUES ('537', 'preventable', '可预防的', '1');
INSERT INTO `words` VALUES ('538', 'anticipate', '预感', '1');
INSERT INTO `words` VALUES ('539', 'assumption', '假定，假设', '1');
INSERT INTO `words` VALUES ('540', 'prescription', '处方', '1');
INSERT INTO `words` VALUES ('541', 'evolution', '演变，进化', '1');
INSERT INTO `words` VALUES ('542', 'annoy', '使反感，厌烦', '1');
INSERT INTO `words` VALUES ('543', 'unintended', '意想不到的', '1');
INSERT INTO `words` VALUES ('544', 'origin', '起源', '1');
INSERT INTO `words` VALUES ('545', 'qualify', '使……有资格', '1');
INSERT INTO `words` VALUES ('546', 'emergence', '出现，发生', '1');
INSERT INTO `words` VALUES ('547', 'complain', '抱怨', '1');
INSERT INTO `words` VALUES ('548', 'merit', '优点，成绩', '1');
INSERT INTO `words` VALUES ('549', 'forum', '论坛', '1');
INSERT INTO `words` VALUES ('550', 'arrange', '安排，筹划', '1');
INSERT INTO `words` VALUES ('551', 'determination', '意志', '1');
INSERT INTO `words` VALUES ('552', 'bargain', '便宜货，减价品', '1');
INSERT INTO `words` VALUES ('553', 'appetite', '欲望, 胃口', '1');
INSERT INTO `words` VALUES ('554', 'neutral', '中立的', '1');
INSERT INTO `words` VALUES ('555', 'primitive', '原始的；简单的；简单的，简陋的', '1');
INSERT INTO `words` VALUES ('556', 'therapy', '疗法 治疗', '1');
INSERT INTO `words` VALUES ('557', 'conscience', '良心', '1');
INSERT INTO `words` VALUES ('558', 'define', '确定；下定义', '1');
INSERT INTO `words` VALUES ('559', 'creativity', '创造力', '1');
INSERT INTO `words` VALUES ('560', 'tailor', '调整使适应', '1');
INSERT INTO `words` VALUES ('561', 'dramatically', '戏剧性地，引人注目地', '1');
INSERT INTO `words` VALUES ('562', 'panic', '惊恐', '1');
INSERT INTO `words` VALUES ('563', 'motivation', '激励，刺激', '1');
INSERT INTO `words` VALUES ('564', 'durable', '持久的，耐用的', '1');
INSERT INTO `words` VALUES ('565', 'remedy', '药物', '1');
INSERT INTO `words` VALUES ('566', 'inevitable', '不可避免的', '1');
INSERT INTO `words` VALUES ('567', 'diverse', '各种各样的', '1');
INSERT INTO `words` VALUES ('568', 'context', '背景，环境', '1');
INSERT INTO `words` VALUES ('569', 'prominent', '杰出的；突出的，凸起的', '1');
INSERT INTO `words` VALUES ('570', 'witness', '目击者，目击', '1');
INSERT INTO `words` VALUES ('571', 'save', '节省', '1');
INSERT INTO `words` VALUES ('572', 'inherit', '继承', '1');
INSERT INTO `words` VALUES ('573', 'occasion', '场合', '1');
INSERT INTO `words` VALUES ('574', 'initiative', '主动权，自主权', '1');
INSERT INTO `words` VALUES ('575', 'insight', '洞察力，洞悉', '1');
INSERT INTO `words` VALUES ('576', 'misguided', '被误导的', '1');
INSERT INTO `words` VALUES ('577', 'sponsor', '赞助', '1');
INSERT INTO `words` VALUES ('578', 'porter', '搬运工', '1');
INSERT INTO `words` VALUES ('579', 'loyalty', '忠诚，忠实', '1');
INSERT INTO `words` VALUES ('580', 'overwhelming', '压倒性的', '1');
INSERT INTO `words` VALUES ('581', 'appreciation', '感激', '1');
INSERT INTO `words` VALUES ('582', 'setting', '背景，环境', '1');
INSERT INTO `words` VALUES ('583', 'display', '展览', '1');
INSERT INTO `words` VALUES ('584', 'deliver', '发表', '1');
INSERT INTO `words` VALUES ('585', 'astonish', '使惊讶，使大为吃惊', '1');
INSERT INTO `words` VALUES ('586', 'adequate', '足够的', '1');
INSERT INTO `words` VALUES ('587', 'consumption', '消费，消耗', '1');
INSERT INTO `words` VALUES ('588', 'abuse', '虐待；滥用', '1');
INSERT INTO `words` VALUES ('589', 'broad', '宽的', '1');
INSERT INTO `words` VALUES ('590', 'inappropriate', '不合适的', '1');
INSERT INTO `words` VALUES ('591', 'worldwide', '全世界范围地', '1');
INSERT INTO `words` VALUES ('592', 'strict', '严格的', '1');
INSERT INTO `words` VALUES ('593', 'means', '方法', '1');
INSERT INTO `words` VALUES ('594', 'reveal', '揭露，揭示', '1');
INSERT INTO `words` VALUES ('595', 'confirm', '证实', '1');
INSERT INTO `words` VALUES ('596', 'consensus', '一致意见', '1');
INSERT INTO `words` VALUES ('597', 'agent', '代理商', '1');
INSERT INTO `words` VALUES ('598', 'neighborhood', '地区', '1');
INSERT INTO `words` VALUES ('599', 'participate', '参与，参加', '1');
INSERT INTO `words` VALUES ('600', 'valid', '有效的', '1');
INSERT INTO `words` VALUES ('601', 'initially', '最初，起初', '1');
INSERT INTO `words` VALUES ('602', 'slightly', '轻微地', '1');
INSERT INTO `words` VALUES ('603', 'objection', '反对', '1');
INSERT INTO `words` VALUES ('604', 'atmosphere', '气氛；大气；空气', '1');
INSERT INTO `words` VALUES ('605', 'assign', '布置；分配', '1');
INSERT INTO `words` VALUES ('606', 'evidence', '根据，证据，迹象', '1');
INSERT INTO `words` VALUES ('607', 'racially', '种族上地', '1');
INSERT INTO `words` VALUES ('608', 'exclude', '排除，不包括', '1');
INSERT INTO `words` VALUES ('609', 'available', '可利用的，现有的；可获得的', '1');
INSERT INTO `words` VALUES ('610', 'puzzling', '令人困惑的', '1');
INSERT INTO `words` VALUES ('611', 'evaluation', '评价，评估', '1');
INSERT INTO `words` VALUES ('612', 'irritate', '激怒', '1');
INSERT INTO `words` VALUES ('613', 'distinguished', '显著的，杰出的', '1');
INSERT INTO `words` VALUES ('614', 'depressing', '令人沮丧的', '1');
INSERT INTO `words` VALUES ('615', 'mutually', '互相地', '1');
INSERT INTO `words` VALUES ('616', 'mission', '使命，任务；代表团', '1');
INSERT INTO `words` VALUES ('617', 'migration', '迁移，移民', '1');
INSERT INTO `words` VALUES ('618', 'site', '场所，地址', '1');
INSERT INTO `words` VALUES ('619', 'expectation', '期望', '1');
INSERT INTO `words` VALUES ('620', 'update', '更新；使现代化', '1');
INSERT INTO `words` VALUES ('621', 'gear', '齿轮', '1');
INSERT INTO `words` VALUES ('622', 'reproductive', '生殖的，再生的', '1');
INSERT INTO `words` VALUES ('623', 'incredible', '不可思议的', '1');
INSERT INTO `words` VALUES ('624', 'backward', '向后', '1');
INSERT INTO `words` VALUES ('625', 'raise', '提高；筹款；抚养', '1');
INSERT INTO `words` VALUES ('626', 'prohibit', '禁止，阻止，防止', '1');
INSERT INTO `words` VALUES ('627', 'bother', '麻烦；打扰', '1');
INSERT INTO `words` VALUES ('628', 'pose', '摆姿势，装腔作势', '1');
INSERT INTO `words` VALUES ('629', 'instrument', '仪器，器械，工具', '1');
INSERT INTO `words` VALUES ('630', 'mask', '掩饰', '1');
INSERT INTO `words` VALUES ('631', 'essential', '必须的；本质的', '1');
INSERT INTO `words` VALUES ('632', 'harvest', '丰收，收获', '1');
INSERT INTO `words` VALUES ('633', 'reject', '拒绝，驳回', '1');
INSERT INTO `words` VALUES ('634', 'advancement', '进步，提升', '1');
INSERT INTO `words` VALUES ('635', 'skyrocket', '突升，猛涨', '1');
INSERT INTO `words` VALUES ('636', 'characteristic', '特点', '1');
INSERT INTO `words` VALUES ('637', 'implication', '含义，暗示', '1');
INSERT INTO `words` VALUES ('638', 'measure', '分量', '1');
INSERT INTO `words` VALUES ('639', 'replacement', '代替', '1');
INSERT INTO `words` VALUES ('640', 'easygoing', '脾气随和的，温和的', '1');
INSERT INTO `words` VALUES ('641', 'squeeze', '压，榨', '1');
INSERT INTO `words` VALUES ('642', 'exhibition', '展览', '1');
INSERT INTO `words` VALUES ('643', 'responsibility', '责任', '1');
INSERT INTO `words` VALUES ('644', 'enhance', '提高；加强；增加', '1');
INSERT INTO `words` VALUES ('645', 'retain', '保留,留用', '1');
INSERT INTO `words` VALUES ('646', 'convey', '传达，传递', '1');
INSERT INTO `words` VALUES ('647', 'regulation', '管理；规则', '1');
INSERT INTO `words` VALUES ('648', 'integrity', '完整', '1');
INSERT INTO `words` VALUES ('649', 'combine', '联合，结合', '1');
INSERT INTO `words` VALUES ('650', 'impermanency', '非永久性', '1');
INSERT INTO `words` VALUES ('651', 'catalogue', '把……编入目录', '1');
INSERT INTO `words` VALUES ('652', 'council', '议会', '1');
INSERT INTO `words` VALUES ('653', 'prepare', '做准备', '1');
INSERT INTO `words` VALUES ('654', 'inquiry', '询问', '1');
INSERT INTO `words` VALUES ('655', 'tension', '紧张', '1');
INSERT INTO `words` VALUES ('656', 'prompt', '迅速的；立刻的；及时的', '1');
INSERT INTO `words` VALUES ('657', 'attendance', '出席人数', '1');
INSERT INTO `words` VALUES ('658', 'retail', '零售', '1');
INSERT INTO `words` VALUES ('659', 'image', '形象，声誉，；印象', '1');
INSERT INTO `words` VALUES ('660', 'quantity', '量，数量', '1');
INSERT INTO `words` VALUES ('661', 'inspector', '检查员', '1');
INSERT INTO `words` VALUES ('662', 'endurance', '耐力', '1');
INSERT INTO `words` VALUES ('663', 'simplify', '简化', '1');
INSERT INTO `words` VALUES ('664', 'range', '范围', '1');
INSERT INTO `words` VALUES ('665', 'accomplish', '完成', '1');
INSERT INTO `words` VALUES ('666', 'treatment', '治疗；对待', '1');
INSERT INTO `words` VALUES ('667', 'spare', '空闲的', '1');
INSERT INTO `words` VALUES ('668', 'welfare', '幸福；福利', '1');
INSERT INTO `words` VALUES ('669', 'boost', '推动', '1');
INSERT INTO `words` VALUES ('670', 'consciousness', '意识', '1');
INSERT INTO `words` VALUES ('671', 'patiently', '耐心地', '1');
INSERT INTO `words` VALUES ('672', 'decent', '正派的，体面的', '1');
INSERT INTO `words` VALUES ('673', 'review', '回顾', '1');
INSERT INTO `words` VALUES ('674', 'considerable', '相当大(或多)的', '1');
INSERT INTO `words` VALUES ('675', 'misguide', '误导', '1');
INSERT INTO `words` VALUES ('676', 'foundation', '地基；基础；；基金会', '1');
INSERT INTO `words` VALUES ('677', 'postgraduate', '研究生', '1');
INSERT INTO `words` VALUES ('678', 'prevail', '流行，盛行', '1');
INSERT INTO `words` VALUES ('679', 'solid', '扎实的，坚实的', '1');
INSERT INTO `words` VALUES ('680', 'counsel', '忠告，建议', '1');
INSERT INTO `words` VALUES ('681', 'maximum', '最大值，最大量', '1');
INSERT INTO `words` VALUES ('682', 'abstract', '抽象的', '1');
INSERT INTO `words` VALUES ('683', 'realistic', '现实的，实际的', '1');
INSERT INTO `words` VALUES ('684', 'ban', '禁止', '1');
INSERT INTO `words` VALUES ('685', 'ashamed', '羞耻的；内疚的；惭愧的', '1');
INSERT INTO `words` VALUES ('686', 'solve', '解决', '1');
INSERT INTO `words` VALUES ('687', 'reinforce', '加强，强化', '1');
INSERT INTO `words` VALUES ('688', 'applicant', '申请人', '1');
INSERT INTO `words` VALUES ('689', 'tuition', '学费', '1');
INSERT INTO `words` VALUES ('690', 'persistence', '坚持不懈', '1');
INSERT INTO `words` VALUES ('691', 'overcome', '战胜，克服', '1');
INSERT INTO `words` VALUES ('692', 'bride', '新娘', '1');
INSERT INTO `words` VALUES ('693', 'engagement', '婚约', '1');
INSERT INTO `words` VALUES ('694', 'household', '家庭，一家人', '1');
INSERT INTO `words` VALUES ('695', 'evaluate', '评价', '1');
INSERT INTO `words` VALUES ('696', 'saint', '圣人', '1');
INSERT INTO `words` VALUES ('697', 'delay', '推迟，延期', '1');
INSERT INTO `words` VALUES ('698', 'private', '私人的', '1');
INSERT INTO `words` VALUES ('699', 'definition', '定义', '1');
INSERT INTO `words` VALUES ('700', 'influential', '有影响力的', '1');
INSERT INTO `words` VALUES ('701', 'recommend', '推荐；劝告；使受欢迎', '1');
INSERT INTO `words` VALUES ('702', 'frontier', '边境', '1');
INSERT INTO `words` VALUES ('703', 'concern', '重要的事情', '1');
INSERT INTO `words` VALUES ('704', 'organ', '器官', '1');
INSERT INTO `words` VALUES ('705', 'cite', '引用', '1');
INSERT INTO `words` VALUES ('706', 'mechanism', '机制，机能', '1');
INSERT INTO `words` VALUES ('707', 'contest', '比赛', '1');
INSERT INTO `words` VALUES ('708', 'symptom', '症状', '1');
INSERT INTO `words` VALUES ('709', 'deadline', '最后期限', '1');
INSERT INTO `words` VALUES ('710', 'domination', '主导', '1');
INSERT INTO `words` VALUES ('711', 'figure', '人物；数字', '1');
INSERT INTO `words` VALUES ('712', 'imply', '暗示；意味；', '1');
INSERT INTO `words` VALUES ('713', 'curiosity', '好奇心', '1');
INSERT INTO `words` VALUES ('714', 'induce', '引诱', '1');
INSERT INTO `words` VALUES ('715', 'acknowledge', '承认(…的权威)', '1');
INSERT INTO `words` VALUES ('716', 'gym', '体育馆，健身房', '1');
INSERT INTO `words` VALUES ('717', 'chef', '厨师', '1');
INSERT INTO `words` VALUES ('718', 'sensible', '明智的', '1');
INSERT INTO `words` VALUES ('719', 'outline', '梗概，提纲，草稿，要点', '1');
INSERT INTO `words` VALUES ('720', 'react', '对……作出反应', '1');
INSERT INTO `words` VALUES ('721', 'committee', '委员会', '1');
INSERT INTO `words` VALUES ('722', 'civilian', '平民，百姓', '1');
INSERT INTO `words` VALUES ('723', 'domestic', '国内的', '1');
INSERT INTO `words` VALUES ('724', 'complex', '复杂的', '1');
INSERT INTO `words` VALUES ('725', 'locate', '位于，定位', '1');
INSERT INTO `words` VALUES ('726', 'tighten', '使变紧', '1');
INSERT INTO `words` VALUES ('727', 'physics', '物理，物理学', '1');
INSERT INTO `words` VALUES ('728', 'foothold', '立足处（攀登时脚踩的地方）', '1');
INSERT INTO `words` VALUES ('729', 'discharge', '释放；排出；批准离开; 命令离开', '1');
INSERT INTO `words` VALUES ('730', 'advanced', '高级的', '1');
INSERT INTO `words` VALUES ('731', 'complicated', '复杂的，难懂的', '1');
INSERT INTO `words` VALUES ('732', 'needy', '贫穷的', '1');
INSERT INTO `words` VALUES ('733', 'stale', '乏味的，没有新意的', '1');
INSERT INTO `words` VALUES ('734', 'casual', '漫不经心的，随便的；偶然的', '1');
INSERT INTO `words` VALUES ('735', 'conform', '相一致，遵守', '1');
INSERT INTO `words` VALUES ('736', 'recharge', '再充电', '1');
INSERT INTO `words` VALUES ('737', 'annually', '每年，一年一次', '1');
INSERT INTO `words` VALUES ('738', 'frown', '皱眉', '1');
INSERT INTO `words` VALUES ('739', 'decline', '下降，减少；拒绝', '1');
INSERT INTO `words` VALUES ('740', 'originate', '开始', '1');
INSERT INTO `words` VALUES ('741', 'prospect', '前景；前途', '1');
INSERT INTO `words` VALUES ('742', 'curious', '好奇的', '1');
INSERT INTO `words` VALUES ('743', 'incentive', '动机，刺激', '1');
INSERT INTO `words` VALUES ('744', 'virus', '病毒', '1');
INSERT INTO `words` VALUES ('745', 'cultivate', '培养， 养成', '1');
INSERT INTO `words` VALUES ('746', 'potential', '潜力', '1');
INSERT INTO `words` VALUES ('747', 'reluctant', '不愿意的，勉强的', '1');
INSERT INTO `words` VALUES ('748', 'miserable', '痛苦的', '1');
INSERT INTO `words` VALUES ('749', 'persuasion', '劝说', '1');
INSERT INTO `words` VALUES ('750', 'competitiveness', '竞争力', '1');
INSERT INTO `words` VALUES ('751', 'restriction', '限制，限定', '1');
INSERT INTO `words` VALUES ('752', 'minor', '小的', '1');
INSERT INTO `words` VALUES ('753', 'grain', '谷物，粮食', '1');
INSERT INTO `words` VALUES ('754', 'rate', '比率，速率', '1');
INSERT INTO `words` VALUES ('755', 'radically', '完全地，彻底地', '1');
INSERT INTO `words` VALUES ('756', 'distinct', '明显的；有区别的', '1');
INSERT INTO `words` VALUES ('757', 'equality', '平等', '1');
INSERT INTO `words` VALUES ('758', 'hardworking', '苦干的，不辞辛劳的', '1');
INSERT INTO `words` VALUES ('759', 'qualification', '资格(证明)，合格证书', '1');
INSERT INTO `words` VALUES ('760', 'bacteria', '细菌', '1');
INSERT INTO `words` VALUES ('761', 'corporate', '团体的；法人的', '1');
INSERT INTO `words` VALUES ('762', 'undermine', '逐渐削弱; 逐渐动摇', '1');
INSERT INTO `words` VALUES ('763', 'selfish', '自私的', '1');
INSERT INTO `words` VALUES ('764', 'cater', '迎合', '1');
INSERT INTO `words` VALUES ('765', 'survival', '幸存', '1');
INSERT INTO `words` VALUES ('766', 'favor', '偏好, 较喜欢', '1');
INSERT INTO `words` VALUES ('767', 'conflict', '冲突', '1');
INSERT INTO `words` VALUES ('768', 'client', '客户', '1');
INSERT INTO `words` VALUES ('769', 'garage', '车库', '1');
INSERT INTO `words` VALUES ('770', 'fatigue', '疲劳，疲乏', '1');
INSERT INTO `words` VALUES ('771', 'plant', '工厂', '1');
INSERT INTO `words` VALUES ('772', 'endanger', '危及，危害，濒临危险', '1');
INSERT INTO `words` VALUES ('773', 'operation', '手术；行动', '1');
INSERT INTO `words` VALUES ('774', 'handle', '处理', '1');
INSERT INTO `words` VALUES ('775', 'laborious', '费力的', '1');
INSERT INTO `words` VALUES ('776', 'passion', '热情，激情', '1');
INSERT INTO `words` VALUES ('777', 'cooperative', '合作的', '1');
INSERT INTO `words` VALUES ('778', 'inflate', '(使)膨胀', '1');
INSERT INTO `words` VALUES ('779', 'resourceful', '机智的', '1');
INSERT INTO `words` VALUES ('780', 'exaggerate', '夸张', '1');
INSERT INTO `words` VALUES ('781', 'loan', '贷款', '1');
INSERT INTO `words` VALUES ('782', 'vocabulary', '词汇', '1');
INSERT INTO `words` VALUES ('783', 'illustrate', '说明,阐明', '1');
INSERT INTO `words` VALUES ('784', 'overflow', '溢出，淹没', '1');
INSERT INTO `words` VALUES ('785', 'fantasize', '想象，幻想', '1');
INSERT INTO `words` VALUES ('786', 'amusing', '有趣的，好玩儿的', '1');
INSERT INTO `words` VALUES ('787', 'universal', '宇宙的，全世界的；普遍的', '1');
INSERT INTO `words` VALUES ('788', 'generate', '产生', '1');
INSERT INTO `words` VALUES ('789', 'schedule', '日程表', '1');
INSERT INTO `words` VALUES ('790', 'backslide', '倒退，退步', '1');
INSERT INTO `words` VALUES ('791', 'particle', '微粒', '1');
INSERT INTO `words` VALUES ('792', 'menu', '菜单', '1');
INSERT INTO `words` VALUES ('793', 'reward', '报答，奖赏', '1');
INSERT INTO `words` VALUES ('794', 'reproduce', '复制', '1');
INSERT INTO `words` VALUES ('795', 'worsen', '（使）变得更坏', '1');
INSERT INTO `words` VALUES ('796', 'feedback', '反馈', '1');
INSERT INTO `words` VALUES ('797', 'equivalent', '相等的，相当的', '1');
INSERT INTO `words` VALUES ('798', 'resign', '辞职', '1');
INSERT INTO `words` VALUES ('799', 'motivate', '促动，激发，诱导', '1');
INSERT INTO `words` VALUES ('800', 'compel', '强迫', '1');
INSERT INTO `words` VALUES ('801', 'revise', '修订', '1');
INSERT INTO `words` VALUES ('802', 'dampen', '抑制', '1');
INSERT INTO `words` VALUES ('803', 'prosperity', '繁荣', '1');
INSERT INTO `words` VALUES ('804', 'flow', '流动', '1');
INSERT INTO `words` VALUES ('805', 'humanity', '人类〔总称〕；人性', '1');
INSERT INTO `words` VALUES ('806', 'sideways', '向侧面', '1');
INSERT INTO `words` VALUES ('807', 'pursue', '追求', '1');
INSERT INTO `words` VALUES ('808', 'innovate', '创新，革新', '1');
INSERT INTO `words` VALUES ('809', 'mill', '工厂', '1');
INSERT INTO `words` VALUES ('810', 'promotional', '促销的', '1');
INSERT INTO `words` VALUES ('811', 'dump', '扔下，倾倒；倾销', '1');
INSERT INTO `words` VALUES ('812', 'resist', '抵抗，抗拒', '1');
INSERT INTO `words` VALUES ('813', 'source', '来源', '1');
INSERT INTO `words` VALUES ('814', 'legal', '法律的', '1');
INSERT INTO `words` VALUES ('815', 'picky', '挑剔的', '1');
INSERT INTO `words` VALUES ('816', 'steal', '偷窃', '1');
INSERT INTO `words` VALUES ('817', 'despite', '尽管', '1');
INSERT INTO `words` VALUES ('818', 'explosion', '爆炸', '1');
INSERT INTO `words` VALUES ('819', 'gap', '缝隙，缺口；差距', '1');
INSERT INTO `words` VALUES ('820', 'relevant', '有关的，切题的', '1');
INSERT INTO `words` VALUES ('821', 'ignore', '忽视，不顾', '1');
INSERT INTO `words` VALUES ('822', 'complete', '完成', '1');
INSERT INTO `words` VALUES ('823', 'sufficient', '足够的', '1');
INSERT INTO `words` VALUES ('824', 'switch', '转变，改变', '1');
INSERT INTO `words` VALUES ('825', 'request', '要求', '1');
INSERT INTO `words` VALUES ('826', 'stereotype', '老套，固定模式', '1');
INSERT INTO `words` VALUES ('827', 'couple', '夫妻，情侣', '1');
INSERT INTO `words` VALUES ('828', 'honesty', '诚实', '1');
INSERT INTO `words` VALUES ('829', 'transportation', '运输', '1');
INSERT INTO `words` VALUES ('830', 'physical', '身体上的', '1');
INSERT INTO `words` VALUES ('831', 'screen', '筛查', '1');
INSERT INTO `words` VALUES ('832', 'divine', '神圣的', '1');
INSERT INTO `words` VALUES ('833', 'guideline', '指导原则', '1');
INSERT INTO `words` VALUES ('834', 'revolution', '革命', '1');
INSERT INTO `words` VALUES ('835', 'interruption', '打扰；中断', '1');
INSERT INTO `words` VALUES ('836', 'dishwasher', '洗碗机', '1');
INSERT INTO `words` VALUES ('837', 'promising', '有希望的，有前途的', '1');
INSERT INTO `words` VALUES ('838', 'vary', '不同；变化', '1');
INSERT INTO `words` VALUES ('839', 'permanent', '永久的', '1');
INSERT INTO `words` VALUES ('840', 'manufacture', '制造，生产', '1');
INSERT INTO `words` VALUES ('841', 'fussy', '爱挑剔的；', '1');
INSERT INTO `words` VALUES ('842', 'dictate', '命令，规定', '1');
INSERT INTO `words` VALUES ('843', 'professional', '专业的', '1');
INSERT INTO `words` VALUES ('844', 'prosper', '繁荣', '1');
INSERT INTO `words` VALUES ('845', 'exchange', '交换，交流', '1');
INSERT INTO `words` VALUES ('846', 'concentration', '集中', '1');
INSERT INTO `words` VALUES ('847', 'gesture', '手势，姿势', '1');
INSERT INTO `words` VALUES ('848', 'deliberate', '故意的', '1');
INSERT INTO `words` VALUES ('849', 'contribution', '贡献；捐款', '1');
INSERT INTO `words` VALUES ('850', 'bless', '保佑，祝福', '1');
INSERT INTO `words` VALUES ('851', 'detective', '侦探', '1');
INSERT INTO `words` VALUES ('852', 'evident', '明显的', '1');
INSERT INTO `words` VALUES ('853', 'retreat', '退避，后退；撤退', '1');
INSERT INTO `words` VALUES ('854', 'responsible', '负责的，有责任的', '1');
INSERT INTO `words` VALUES ('855', 'identity', '身份', '1');
INSERT INTO `words` VALUES ('856', 'statistics', '统计学；数据', '1');
INSERT INTO `words` VALUES ('857', 'appreciate', '感激；欣赏', '1');
INSERT INTO `words` VALUES ('858', 'insult', '侮辱', '1');
INSERT INTO `words` VALUES ('859', 'neglect', '疏忽；忽视', '1');
INSERT INTO `words` VALUES ('860', 'primarily', '主要地，首先', '1');
INSERT INTO `words` VALUES ('861', 'long', '渴望', '1');
INSERT INTO `words` VALUES ('862', 'incline', '倾向于', '1');
INSERT INTO `words` VALUES ('863', 'asset', '有价值的人(或物)资产', '1');
INSERT INTO `words` VALUES ('864', 'overtake', '超车', '1');
INSERT INTO `words` VALUES ('865', 'extension', '分机', '1');
INSERT INTO `words` VALUES ('866', 'engine', '引擎，发动机', '1');
INSERT INTO `words` VALUES ('867', 'emphasize', '强调', '1');
INSERT INTO `words` VALUES ('868', 'genuine', '真正的', '1');
INSERT INTO `words` VALUES ('869', 'fascination', '魅力；入迷', '1');
INSERT INTO `words` VALUES ('870', 'lodge', '住宿，暂住', '1');
INSERT INTO `words` VALUES ('871', 'cheat', '欺骗, 作弊', '1');
INSERT INTO `words` VALUES ('872', 'security', '安全，安保', '1');
INSERT INTO `words` VALUES ('873', 'painful', '痛苦的，疼痛的，令人不快的', '1');
INSERT INTO `words` VALUES ('874', 'emerge', '出现', '1');
INSERT INTO `words` VALUES ('875', 'instance', '情况，例子', '1');
INSERT INTO `words` VALUES ('876', 'steep', '陡峭的；急剧升/降的', '1');
INSERT INTO `words` VALUES ('877', 'rigorous', '严格的', '1');
INSERT INTO `words` VALUES ('878', 'persuade', '说服', '1');
INSERT INTO `words` VALUES ('879', 'procedure', '程序', '1');
INSERT INTO `words` VALUES ('880', 'signature', '签名', '1');
INSERT INTO `words` VALUES ('881', 'surpass', '超过', '1');
INSERT INTO `words` VALUES ('882', 'campaign', '活动', '1');
INSERT INTO `words` VALUES ('883', 'advance', '提前', '1');
INSERT INTO `words` VALUES ('884', 'charity', '慈善机构', '1');
INSERT INTO `words` VALUES ('885', 'average', '平常的', '1');
INSERT INTO `words` VALUES ('886', 'indispensable', '必不可少的', '1');
INSERT INTO `words` VALUES ('887', 'irrationally', '不合理地，无理性地', '1');
INSERT INTO `words` VALUES ('888', 'accompany', '陪伴', '1');
INSERT INTO `words` VALUES ('889', 'aviation', '航空', '1');
INSERT INTO `words` VALUES ('890', 'distress', '使痛苦，悲痛', '1');
INSERT INTO `words` VALUES ('891', 'invariably', '不变地，一直', '1');
INSERT INTO `words` VALUES ('892', 'invest', '投资', '1');
INSERT INTO `words` VALUES ('893', 'approximately', '大约', '1');
INSERT INTO `words` VALUES ('894', 'conservation', '保护，保存', '1');
INSERT INTO `words` VALUES ('895', 'ease', '轻松，舒适', '1');
INSERT INTO `words` VALUES ('896', 'extracurricular', '课外的', '1');
INSERT INTO `words` VALUES ('897', 'undoubtedly', '无疑', '1');
INSERT INTO `words` VALUES ('898', 'excellent', '卓越的，杰出的，极好的', '1');
INSERT INTO `words` VALUES ('899', 'investigate', '调查', '1');
INSERT INTO `words` VALUES ('900', 'judgement', '判断，决定', '1');
INSERT INTO `words` VALUES ('901', 'struggle', '搏斗', '1');
INSERT INTO `words` VALUES ('902', 'prohibitively', '过分地，非常地', '1');
INSERT INTO `words` VALUES ('903', 'military', '军队的，军事的', '1');
INSERT INTO `words` VALUES ('904', 'consequently', '结果', '1');
INSERT INTO `words` VALUES ('905', 'suffer', '受苦；遭受（痛苦）', '1');
INSERT INTO `words` VALUES ('906', 'visible', '看得见的', '1');
INSERT INTO `words` VALUES ('907', 'swift', '迅速的', '1');
INSERT INTO `words` VALUES ('908', 'battle', '战争，战役', '1');
INSERT INTO `words` VALUES ('909', 'liability', '责任', '1');
INSERT INTO `words` VALUES ('910', 'resistant', '抵抗的；抵制的', '1');
INSERT INTO `words` VALUES ('911', 'nutritious', '营养的', '1');
INSERT INTO `words` VALUES ('912', 'constantly', '不断地，时常地', '1');
INSERT INTO `words` VALUES ('913', 'familiar', '熟悉的', '1');
INSERT INTO `words` VALUES ('914', 'terribly', '可怕地，非常', '1');
INSERT INTO `words` VALUES ('915', 'restore', '修复', '1');
INSERT INTO `words` VALUES ('916', 'refine', '改善；精炼', '1');
INSERT INTO `words` VALUES ('917', 'inspire', '激发；鼓舞；使产生灵感', '1');
INSERT INTO `words` VALUES ('918', 'comply', '遵从', '1');
INSERT INTO `words` VALUES ('919', 'justice', '公正', '1');
INSERT INTO `words` VALUES ('920', 'district', '区', '1');
INSERT INTO `words` VALUES ('921', 'installation', '安装；就职；就职仪式', '1');
INSERT INTO `words` VALUES ('922', 'marvelous', '引起惊异的', '1');
INSERT INTO `words` VALUES ('923', 'provoke', '激起，挑起', '1');
INSERT INTO `words` VALUES ('924', 'lobby', '大堂', '1');
INSERT INTO `words` VALUES ('925', 'interview', '面谈（试）；会见；', '1');
INSERT INTO `words` VALUES ('926', 'release', '释放；发布', '1');
INSERT INTO `words` VALUES ('927', 'explore', '探索', '1');
INSERT INTO `words` VALUES ('928', 'profound', '深厚的', '1');
INSERT INTO `words` VALUES ('929', 'exploit', '开采', '1');
INSERT INTO `words` VALUES ('930', 'startup', '启动，开办', '1');
INSERT INTO `words` VALUES ('931', 'constructive', '建设的，建设性的', '1');
INSERT INTO `words` VALUES ('932', 'unbearable', '无法忍受的', '1');
INSERT INTO `words` VALUES ('933', 'laundry', '要洗的衣服；刚洗过的衣物；洗衣房', '1');
INSERT INTO `words` VALUES ('934', 'seize', '抓住', '1');
INSERT INTO `words` VALUES ('935', 'poison', '使中毒', '1');
INSERT INTO `words` VALUES ('936', 'bakery', '面包店', '1');
INSERT INTO `words` VALUES ('937', 'tent', '帐篷', '1');
INSERT INTO `words` VALUES ('938', 'wedding', '婚礼', '1');
INSERT INTO `words` VALUES ('939', 'fair', '集市', '1');
INSERT INTO `words` VALUES ('940', 'geographic', '地理的', '1');
INSERT INTO `words` VALUES ('941', 'comprehensive', '综合的，全面的', '1');
INSERT INTO `words` VALUES ('942', 'riot', '暴乱', '1');
INSERT INTO `words` VALUES ('943', 'conspicuous', '显著地', '1');
INSERT INTO `words` VALUES ('944', 'block', '阻碍', '1');
INSERT INTO `words` VALUES ('945', 'acute', '敏锐的', '1');
INSERT INTO `words` VALUES ('946', 'endure', '忍耐；容忍', '1');
INSERT INTO `words` VALUES ('947', 'assembly', '装配', '1');
INSERT INTO `words` VALUES ('948', 'opponent', '对手', '1');
INSERT INTO `words` VALUES ('949', 'confront', '面对', '1');
INSERT INTO `words` VALUES ('950', 'stir', '搅动；煽动，激起', '1');
INSERT INTO `words` VALUES ('951', 'rocket', '火箭', '1');
INSERT INTO `words` VALUES ('952', 'attribute', '归因于', '1');
INSERT INTO `words` VALUES ('953', 'sentence', '判决', '1');
INSERT INTO `words` VALUES ('954', 'tempting', '诱人的，吸引人的', '1');
INSERT INTO `words` VALUES ('955', 'commitment', '承诺，保证', '1');
INSERT INTO `words` VALUES ('956', 'feasible', '可行的；可能的；可用的', '1');
INSERT INTO `words` VALUES ('957', 'outcome', '结果', '1');
INSERT INTO `words` VALUES ('958', 'diligent', '勤奋的', '1');
INSERT INTO `words` VALUES ('959', 'deprive', '剥夺，夺去，使丧失', '1');
INSERT INTO `words` VALUES ('960', 'grid', '输电网', '1');
INSERT INTO `words` VALUES ('961', 'distribute', '分发', '1');
INSERT INTO `words` VALUES ('962', 'destruction', '破坏', '1');
INSERT INTO `words` VALUES ('963', 'divide', '分开', '1');
INSERT INTO `words` VALUES ('964', 'highlight', '突出；强调', '1');
INSERT INTO `words` VALUES ('965', 'justify', '证明……正当', '1');
INSERT INTO `words` VALUES ('966', 'announce', '宣布，声称', '1');
INSERT INTO `words` VALUES ('967', 'proposal', '提议', '1');
INSERT INTO `words` VALUES ('968', 'advisory', '报告，警告', '1');
INSERT INTO `words` VALUES ('969', 'mystery', '迷，神秘的事物', '1');
INSERT INTO `words` VALUES ('970', 'punctual', '准时的', '1');
INSERT INTO `words` VALUES ('971', 'derive', '得到，导出', '1');
INSERT INTO `words` VALUES ('972', 'harmony', '和谐', '1');
INSERT INTO `words` VALUES ('973', 'unwilling', '不愿意的', '1');
INSERT INTO `words` VALUES ('974', 'view', '看待', '1');
INSERT INTO `words` VALUES ('975', 'financial', '财政的，经济的', '1');
INSERT INTO `words` VALUES ('976', 'priority', '优先，优先权', '1');
INSERT INTO `words` VALUES ('977', 'impermanent', '非永久（性）的；不持久的，暂时的', '1');
INSERT INTO `words` VALUES ('978', 'symbolize', '象征', '1');
INSERT INTO `words` VALUES ('979', 'bankrupt', '破产的，倒闭的', '1');
INSERT INTO `words` VALUES ('980', 'intake', '摄入', '1');
INSERT INTO `words` VALUES ('981', 'addiction', '上瘾', '1');
INSERT INTO `words` VALUES ('982', 'productive', '富有成效的', '1');
INSERT INTO `words` VALUES ('983', 'admire', '钦佩，称赞', '1');
INSERT INTO `words` VALUES ('984', 'reflect', '反映', '1');
INSERT INTO `words` VALUES ('985', 'underline', '强调', '1');
INSERT INTO `words` VALUES ('986', 'representative', '代表', '1');
INSERT INTO `words` VALUES ('987', 'blame', '指责，责怪', '1');
INSERT INTO `words` VALUES ('988', 'retrain', '再教育；再训练', '1');
INSERT INTO `words` VALUES ('989', 'tasteless', '无味的', '1');
INSERT INTO `words` VALUES ('990', 'excessive', '过度的', '1');
INSERT INTO `words` VALUES ('991', 'dishonest', '不诚实的', '1');
INSERT INTO `words` VALUES ('992', 'caution', '小心，谨慎', '1');
INSERT INTO `words` VALUES ('993', 'glorious', '辉煌的', '1');
INSERT INTO `words` VALUES ('994', 'pointless', '无意义的', '1');
INSERT INTO `words` VALUES ('995', 'significant', '重要的', '1');
INSERT INTO `words` VALUES ('996', 'mutual', '相互的', '1');
INSERT INTO `words` VALUES ('997', 'temptation', '诱惑，引诱', '1');
INSERT INTO `words` VALUES ('998', 'passive', '被动的', '1');
INSERT INTO `words` VALUES ('999', 'evolve', '使发展', '1');
INSERT INTO `words` VALUES ('1000', 'treasure', '珍爱', '1');
INSERT INTO `words` VALUES ('1001', 'shock', '感到震惊', '1');
INSERT INTO `words` VALUES ('1002', 'disservice', '伤害，帮倒忙', '1');
INSERT INTO `words` VALUES ('1003', 'ambitious', '有雄心的，野心勃勃的', '1');
INSERT INTO `words` VALUES ('1004', 'fancy', '华丽的；别致的', '1');
INSERT INTO `words` VALUES ('1005', 'accumulate', '积累，增加', '1');
INSERT INTO `words` VALUES ('1006', 'fuss', '大惊小怪', '1');
INSERT INTO `words` VALUES ('1007', 'ultimately', '最后，最终', '1');
INSERT INTO `words` VALUES ('1008', 'showmanship', '主持演出的技巧', '1');
INSERT INTO `words` VALUES ('1009', 'cancel', '取消', '1');
INSERT INTO `words` VALUES ('1010', 'regulate', '管理', '1');
INSERT INTO `words` VALUES ('1011', 'peer', '同龄人', '1');
INSERT INTO `words` VALUES ('1012', 'calculate', '计算', '1');
INSERT INTO `words` VALUES ('1013', 'virtually', '几乎，差不多', '1');
INSERT INTO `words` VALUES ('1014', 'accustom', '使习惯', '1');
INSERT INTO `words` VALUES ('1015', 'retailer', '零售商', '1');
INSERT INTO `words` VALUES ('1016', 'programmer', '程序设计员', '1');
INSERT INTO `words` VALUES ('1017', 'advice', '建议', '1');
INSERT INTO `words` VALUES ('1018', 'admiration', '钦佩，称赞', '1');
INSERT INTO `words` VALUES ('1019', 'courageous', '有勇气的', '1');
INSERT INTO `words` VALUES ('1020', 'respectful', '有礼貌的，尊重的', '1');
INSERT INTO `words` VALUES ('1021', 'makeup', '化妆品', '1');
INSERT INTO `words` VALUES ('1022', 'reservation', '预定', '1');
INSERT INTO `words` VALUES ('1023', 'apply', '申请；应用', '1');
INSERT INTO `words` VALUES ('1024', 'demonstrate', '证明；展示', '1');
INSERT INTO `words` VALUES ('1025', 'generation', '一代人；产生', '1');
INSERT INTO `words` VALUES ('1026', 'chat', '聊天', '1');
INSERT INTO `words` VALUES ('1027', 'ancient', '古代的', '1');
INSERT INTO `words` VALUES ('1028', 'evil', '邪恶，罪恶', '1');
INSERT INTO `words` VALUES ('1029', 'indifferent', '冷漠的', '1');
INSERT INTO `words` VALUES ('1030', 'namely', '即，也就是', '1');
INSERT INTO `words` VALUES ('1031', 'effect', '影响', '1');
INSERT INTO `words` VALUES ('1032', 'devote', '奉献，致力于', '1');
INSERT INTO `words` VALUES ('1033', 'appointment', '约会', '1');
INSERT INTO `words` VALUES ('1034', 'appoint', '任命，委派；约定，确定，指定', '1');
INSERT INTO `words` VALUES ('1035', 'resemble', '像，相似', '1');
INSERT INTO `words` VALUES ('1036', 'assemble', '集合；组装；集合', '1');
INSERT INTO `words` VALUES ('1037', 'expressiveness', '表达', '1');
INSERT INTO `words` VALUES ('1038', 'visibility', '能见度', '1');
INSERT INTO `words` VALUES ('1039', 'distracted', '分心的', '1');
INSERT INTO `words` VALUES ('1040', 'debt', '债务', '1');
INSERT INTO `words` VALUES ('1041', 'substitute', '代替者', '1');
INSERT INTO `words` VALUES ('1042', 'insecure', '不安全的', '1');
INSERT INTO `words` VALUES ('1043', 'chap', '小伙子，小家伙，家伙', '1');
INSERT INTO `words` VALUES ('1044', 'selective', '选择的,精选的', '1');
INSERT INTO `words` VALUES ('1045', 'compensation', '弥补，补偿', '1');
INSERT INTO `words` VALUES ('1046', 'dilemma', '困境', '1');
INSERT INTO `words` VALUES ('1047', 'foreseeable', '可以预见的', '1');
INSERT INTO `words` VALUES ('1048', 'inadequacy', '不足', '1');
INSERT INTO `words` VALUES ('1049', 'guarantee', '担保', '1');
INSERT INTO `words` VALUES ('1050', 'discrimination', '歧视', '1');
INSERT INTO `words` VALUES ('1051', 'intense', '强烈的', '1');
INSERT INTO `words` VALUES ('1052', 'facilitate', '使便利，促进', '1');
INSERT INTO `words` VALUES ('1053', 'mislead', '误导', '1');
INSERT INTO `words` VALUES ('1054', 'reassess', '重新评估', '1');
INSERT INTO `words` VALUES ('1055', 'response', '反应', '1');
INSERT INTO `words` VALUES ('1056', 'essay', '散文，文章', '1');
INSERT INTO `words` VALUES ('1057', 'stimulate', '刺激', '1');
INSERT INTO `words` VALUES ('1058', 'dessert', '甜点', '1');
INSERT INTO `words` VALUES ('1059', 'peaceful', '平静的；和平的', '1');
INSERT INTO `words` VALUES ('1060', 'regularly', '定期地，有规律地', '1');
INSERT INTO `words` VALUES ('1061', 'fascinate', '强烈地吸引，迷住', '1');
INSERT INTO `words` VALUES ('1062', 'durability', '持久', '1');
INSERT INTO `words` VALUES ('1063', 'discover', '发现', '1');
INSERT INTO `words` VALUES ('1064', 'constitute', '组成', '1');
INSERT INTO `words` VALUES ('1065', 'administrative', '管理的', '1');
INSERT INTO `words` VALUES ('1066', 'tremble', '颤抖', '1');
INSERT INTO `words` VALUES ('1067', 'ignorant', '无知的', '1');
INSERT INTO `words` VALUES ('1068', 'decorate', '装饰', '1');
INSERT INTO `words` VALUES ('1069', 'acquire', '获得', '1');
INSERT INTO `words` VALUES ('1070', 'annual', '每年的', '1');
INSERT INTO `words` VALUES ('1071', 'due', '到期的', '1');
INSERT INTO `words` VALUES ('1072', 'situation', '情况', '1');
INSERT INTO `words` VALUES ('1073', 'archive', '档案馆，档案室；档案', '1');
INSERT INTO `words` VALUES ('1074', 'incomparable', '无比的，无可匹敌的', '1');
INSERT INTO `words` VALUES ('1075', 'perspective', '视角，观点；远景', '1');
INSERT INTO `words` VALUES ('1076', 'compete', '竞争', '1');
INSERT INTO `words` VALUES ('1077', 'joint', '联合的', '1');
INSERT INTO `words` VALUES ('1078', 'overload', '负担太重', '1');
INSERT INTO `words` VALUES ('1079', 'mechanic', '机械师', '1');
INSERT INTO `words` VALUES ('1080', 'distinguish', '区别，区分', '1');
INSERT INTO `words` VALUES ('1081', 'vote', '投票，选举', '1');
INSERT INTO `words` VALUES ('1082', 'everlasting', '永恒的', '1');
INSERT INTO `words` VALUES ('1083', 'construction', '建筑', '1');
INSERT INTO `words` VALUES ('1084', 'aggressive', '挑衅的，好斗的；有上进心的', '1');
INSERT INTO `words` VALUES ('1085', 'classification', '分类，级别', '1');
INSERT INTO `words` VALUES ('1086', 'melt', '融化', '1');
INSERT INTO `words` VALUES ('1087', 'detect', '觉察；检测', '1');
INSERT INTO `words` VALUES ('1088', 'discourage', '阻止；使气馁', '1');
INSERT INTO `words` VALUES ('1089', 'combination', '联合，结合', '1');
INSERT INTO `words` VALUES ('1090', 'grave', '坟墓', '1');
INSERT INTO `words` VALUES ('1091', 'malfunction', '失灵，故障', '1');
INSERT INTO `words` VALUES ('1092', 'reduce', '减少', '1');
INSERT INTO `words` VALUES ('1093', 'respectively', '各自地', '1');
INSERT INTO `words` VALUES ('1094', 'forefinger', '食指', '1');
INSERT INTO `words` VALUES ('1095', 'wise', '聪明的，有智慧的', '1');
INSERT INTO `words` VALUES ('1096', 'background', '背景', '1');
INSERT INTO `words` VALUES ('1097', 'symbol', '象征，标志', '1');
INSERT INTO `words` VALUES ('1098', 'quality', '品质', '1');
INSERT INTO `words` VALUES ('1099', 'repave', '再铺，重新铺砌', '1');
INSERT INTO `words` VALUES ('1100', 'downfall', '（雨等的）大下特下', '1');
INSERT INTO `words` VALUES ('1101', 'ring', '拳击台', '1');
INSERT INTO `words` VALUES ('1102', 'planet', '行星', '1');
INSERT INTO `words` VALUES ('1103', 'pension', '养老金', '1');
INSERT INTO `words` VALUES ('1104', 'perception', '感知', '1');
INSERT INTO `words` VALUES ('1105', 'facility', '设施', '1');
INSERT INTO `words` VALUES ('1106', 'proportion', '比例，部分', '1');
INSERT INTO `words` VALUES ('1107', 'involve', '卷入，包含', '1');
INSERT INTO `words` VALUES ('1108', 'attempt', '尝试，试图', '1');
INSERT INTO `words` VALUES ('1109', 'conventional', '传统的', '1');
INSERT INTO `words` VALUES ('1110', 'detailed', '细节的，详细的', '1');
INSERT INTO `words` VALUES ('1111', 'interpretation', '阐释，说明', '1');
INSERT INTO `words` VALUES ('1112', 'guilt', '有罪，犯罪行为', '1');
INSERT INTO `words` VALUES ('1113', 'connectivity', '连接，联系', '1');
INSERT INTO `words` VALUES ('1114', 'behave', '表现', '1');
INSERT INTO `words` VALUES ('1115', 'instruct', '指导；教授；通知；命令；', '1');
INSERT INTO `words` VALUES ('1116', 'infinite', '无限的', '1');
INSERT INTO `words` VALUES ('1117', 'hazard', '危险', '1');
INSERT INTO `words` VALUES ('1118', 'undervalue', '低估', '1');
INSERT INTO `words` VALUES ('1119', 'specific', '特定的，具体的', '1');
INSERT INTO `words` VALUES ('1120', 'appealing', '吸引人的', '1');
INSERT INTO `words` VALUES ('1121', 'fitness', '健康', '1');
INSERT INTO `words` VALUES ('1122', 'conclusion', '结论', '1');
INSERT INTO `words` VALUES ('1123', 'absent', '缺席的', '1');
INSERT INTO `words` VALUES ('1124', 'antique', '古玩，古董', '1');
INSERT INTO `words` VALUES ('1125', 'myth', '神话', '1');
INSERT INTO `words` VALUES ('1126', 'intervention', '干涉', '1');
INSERT INTO `words` VALUES ('1127', 'trace', '痕迹', '1');
INSERT INTO `words` VALUES ('1128', 'protest', '抗议', '1');
INSERT INTO `words` VALUES ('1129', 'refuel', '（给）加油，加燃料', '1');
INSERT INTO `words` VALUES ('1130', 'tackle', '处理', '1');
INSERT INTO `words` VALUES ('1131', 'finance', '财政', '1');
INSERT INTO `words` VALUES ('1132', 'fine', '罚款', '1');
INSERT INTO `words` VALUES ('1133', 'indicate', '表明', '1');
INSERT INTO `words` VALUES ('1134', 'dissatisfy', '不满意', '1');
INSERT INTO `words` VALUES ('1135', 'expand', '扩大', '1');
INSERT INTO `words` VALUES ('1136', 'spontaneous', '自发的', '1');
INSERT INTO `words` VALUES ('1137', 'offense', '犯罪；冒犯', '1');
INSERT INTO `words` VALUES ('1138', 'abruptly', '突然地', '1');
INSERT INTO `words` VALUES ('1139', 'recycle', '循环，再利用', '1');
INSERT INTO `words` VALUES ('1140', 'rude', '粗鲁的', '1');
INSERT INTO `words` VALUES ('1141', 'contribute', '捐款，贡献', '1');
INSERT INTO `words` VALUES ('1142', 'embarrass', '尴尬', '1');
INSERT INTO `words` VALUES ('1143', 'weaken', '减少，减弱', '1');
INSERT INTO `words` VALUES ('1144', 'mineral', '矿物', '1');
INSERT INTO `words` VALUES ('1145', 'sticky', '粘的', '1');
INSERT INTO `words` VALUES ('1146', 'challenge', '挑战', '1');
INSERT INTO `words` VALUES ('1147', 'excess', '过量，过度', '1');
INSERT INTO `words` VALUES ('1148', 'recruit', '招募，吸收', '1');
INSERT INTO `words` VALUES ('1149', 'overstate', '夸张，夸大', '1');
INSERT INTO `words` VALUES ('1150', 'generalization', '概括', '1');
INSERT INTO `words` VALUES ('1151', 'hub', '中心', '1');
INSERT INTO `words` VALUES ('1152', 'conservative', '保守的，传统的', '1');
INSERT INTO `words` VALUES ('1153', 'restock', '重新进货，再储存', '1');
INSERT INTO `words` VALUES ('1154', 'convict', '证明…有罪', '1');
INSERT INTO `words` VALUES ('1155', 'deepen', '使加深，加剧', '1');
INSERT INTO `words` VALUES ('1156', 'tank', '油箱，水箱', '1');
INSERT INTO `words` VALUES ('1157', 'negative', '消积的；否定的', '1');
INSERT INTO `words` VALUES ('1158', 'accelerate', '加速', '1');
INSERT INTO `words` VALUES ('1159', 'territory', '领土，领域', '1');
INSERT INTO `words` VALUES ('1160', 'impact', '影响', '1');
INSERT INTO `words` VALUES ('1161', 'distraction', '分心；消遣', '1');
INSERT INTO `words` VALUES ('1162', 'resolve', '解决；下决心', '1');
INSERT INTO `words` VALUES ('1170', 'refuse', '拒绝', '2');
INSERT INTO `words` VALUES ('1171', 'soluble', '可溶的；可以解决的', '2');
INSERT INTO `words` VALUES ('1172', 'brave', '勇敢的；极好的', '2');
INSERT INTO `words` VALUES ('1173', 'hat', '帽子（一般指有边的）', '2');
INSERT INTO `words` VALUES ('1174', 'beach', '海滩，湖滩，河滩', '2');
INSERT INTO `words` VALUES ('1175', 'authority', '当局，官方；权力', '2');
INSERT INTO `words` VALUES ('1176', 'roast', '烤，炙；烘', '2');
INSERT INTO `words` VALUES ('1177', 'amplify', '放大，扩大；增强', '2');
INSERT INTO `words` VALUES ('1178', 'bulk', '大部分；体积，块头', '2');
INSERT INTO `words` VALUES ('1179', 'put', '放，摆；使处于', '2');
INSERT INTO `words` VALUES ('1180', 'stable', '稳定的，不变的', '2');
INSERT INTO `words` VALUES ('1181', 'certificate', '证书，证件，执照；（毕业）文凭，合格证书', '2');
INSERT INTO `words` VALUES ('1182', 'dragon', '龙', '2');
INSERT INTO `words` VALUES ('1183', 'capable', '有能力的；有才能的', '2');
INSERT INTO `words` VALUES ('1184', 'criticism', '批评；批判；评论', '2');
INSERT INTO `words` VALUES ('1185', 'accommodation', '住处；工作场所', '2');
INSERT INTO `words` VALUES ('1186', 'imply', '暗示，意指', '2');
INSERT INTO `words` VALUES ('1187', 'December', '十二月', '2');
INSERT INTO `words` VALUES ('1188', 'president', '总统；（某组织的）最高权力人', '2');
INSERT INTO `words` VALUES ('1189', 'lately', '最近，不久前', '2');
INSERT INTO `words` VALUES ('1190', 'down', '向下；在下面', '2');
INSERT INTO `words` VALUES ('1191', 'matter', '事情；物质', '2');
INSERT INTO `words` VALUES ('1192', 'lake', '湖', '2');
INSERT INTO `words` VALUES ('1193', 'nor', '既不…也不…；也不', '2');
INSERT INTO `words` VALUES ('1194', 'bench', '长凳，条凳', '2');
INSERT INTO `words` VALUES ('1195', 'rug', '小地毯；毛毯', '2');
INSERT INTO `words` VALUES ('1196', 'mirror', '镜子', '2');
INSERT INTO `words` VALUES ('1197', 'draw', '画，划', '2');
INSERT INTO `words` VALUES ('1198', 'net', '网，网状物；互联网', '2');
INSERT INTO `words` VALUES ('1199', 'scale', '天平，磅秤，秤', '2');
INSERT INTO `words` VALUES ('1200', 'outline', '轮廓；略图；大纲', '2');
INSERT INTO `words` VALUES ('1201', 'quiet', '安静的；寂静的', '2');
INSERT INTO `words` VALUES ('1202', 'water', '水', '2');
INSERT INTO `words` VALUES ('1203', 'nervous', '神经的；易激动的', '2');
INSERT INTO `words` VALUES ('1204', 'nevertheless', '然而', '2');
INSERT INTO `words` VALUES ('1205', 'assembly', '集合；集会；装配', '2');
INSERT INTO `words` VALUES ('1206', 'fight', '打（仗）；斗争', '2');
INSERT INTO `words` VALUES ('1207', 'missing', '失去的；缺掉的', '2');
INSERT INTO `words` VALUES ('1208', 'lift', '提起，提高', '2');
INSERT INTO `words` VALUES ('1209', 'refrigerator', '冰箱，冷藏库', '2');
INSERT INTO `words` VALUES ('1210', 'dirty', '脏的；下流的', '2');
INSERT INTO `words` VALUES ('1211', 'rent', '租金', '2');
INSERT INTO `words` VALUES ('1212', 'convince', '使确信，使信服', '2');
INSERT INTO `words` VALUES ('1213', 'abroad', '（在）国外', '2');
INSERT INTO `words` VALUES ('1214', 'offend', '冒犯', '2');
INSERT INTO `words` VALUES ('1215', 'belong', '属于', '2');
INSERT INTO `words` VALUES ('1216', 'arouse', '引起，唤起；唤醒', '2');
INSERT INTO `words` VALUES ('1217', 'admission', '承认；允许进入', '2');
INSERT INTO `words` VALUES ('1218', 'modify', '更改，修改', '2');
INSERT INTO `words` VALUES ('1219', 'express', '表示', '2');
INSERT INTO `words` VALUES ('1220', 'imagine', '想象，设想', '2');
INSERT INTO `words` VALUES ('1221', 'infinite', '无限的；无数的', '2');
INSERT INTO `words` VALUES ('1222', 'barrier', '障碍；栅栏；屏障', '2');
INSERT INTO `words` VALUES ('1223', 'lane', '（乡间）小路；跑道', '2');
INSERT INTO `words` VALUES ('1224', 'notebook', '笔记本，期票簿', '2');
INSERT INTO `words` VALUES ('1225', 'realm', '领域；王国，国土', '2');
INSERT INTO `words` VALUES ('1226', 'lever', '控制杆；杆，杠杆', '2');
INSERT INTO `words` VALUES ('1227', 'midst', '中部，中间，当中', '2');
INSERT INTO `words` VALUES ('1228', 'pilot', '飞行员；领航员', '2');
INSERT INTO `words` VALUES ('1229', 'direct', '直接的；直率的', '2');
INSERT INTO `words` VALUES ('1230', 'prejudice', '偏见，成见', '2');
INSERT INTO `words` VALUES ('1231', 'tour', '旅行，旅游', '2');
INSERT INTO `words` VALUES ('1232', 'tolerance', '忍受，容忍', '2');
INSERT INTO `words` VALUES ('1233', 'discourage', '使泄气，使灰心', '2');
INSERT INTO `words` VALUES ('1234', 'get', '获得，得到；到达；变成，成为', '2');
INSERT INTO `words` VALUES ('1235', 'advertisement', '广告', '2');
INSERT INTO `words` VALUES ('1236', 'ribbon', '缎带，丝带；带', '2');
INSERT INTO `words` VALUES ('1237', 'partner', '配偶；伙伴；搭挡', '2');
INSERT INTO `words` VALUES ('1238', 'hamburger', '汉堡包，牛肉饼', '2');
INSERT INTO `words` VALUES ('1239', 'climb', '攀登，爬', '2');
INSERT INTO `words` VALUES ('1240', 'differ', '不同，相异', '2');
INSERT INTO `words` VALUES ('1241', 'exhibition', '展览会；展览，陈列', '2');
INSERT INTO `words` VALUES ('1242', 'mineral', '矿物', '2');
INSERT INTO `words` VALUES ('1243', 'public', '公众的', '2');
INSERT INTO `words` VALUES ('1244', 'palace', '宫，宫殿', '2');
INSERT INTO `words` VALUES ('1245', 'pulse', '脉搏；脉动；脉冲', '2');
INSERT INTO `words` VALUES ('1246', 'immediately', '立即；（immediately involved）直接地', '2');
INSERT INTO `words` VALUES ('1247', 'cow', '母牛，奶牛；母兽', '2');
INSERT INTO `words` VALUES ('1248', 'private', '私人的；私下的', '2');
INSERT INTO `words` VALUES ('1249', 'toast', '烤面包', '2');
INSERT INTO `words` VALUES ('1250', 'scenery', '风景；舞台布景', '2');
INSERT INTO `words` VALUES ('1251', 'fun', '乐趣，娱乐；玩笑', '2');
INSERT INTO `words` VALUES ('1252', 'living', '活的', '2');
INSERT INTO `words` VALUES ('1253', 'Mediterranean', '地中海', '2');
INSERT INTO `words` VALUES ('1254', 'worth', '值…的', '2');
INSERT INTO `words` VALUES ('1255', 'conquer', '征服；战胜', '2');
INSERT INTO `words` VALUES ('1256', 'absorb', '吸收；中文释义；使专心', '2');
INSERT INTO `words` VALUES ('1257', 'enthusiasm', '热情，热心，热忱', '2');
INSERT INTO `words` VALUES ('1258', 'brood', '同窝幼鸟', '2');
INSERT INTO `words` VALUES ('1259', 'tip', '轻击；给小费', '2');
INSERT INTO `words` VALUES ('1260', 'accompany', '陪伴，陪同；伴随', '2');
INSERT INTO `words` VALUES ('1261', 'execute', '将…处死；实施', '2');
INSERT INTO `words` VALUES ('1262', 'conceal', '把…隐藏起来', '2');
INSERT INTO `words` VALUES ('1263', 'certain', '肯定的；确实的', '2');
INSERT INTO `words` VALUES ('1264', 'apparent', '明显的；表面上的', '2');
INSERT INTO `words` VALUES ('1265', 'messenger', '送信者，信使', '2');
INSERT INTO `words` VALUES ('1266', 'merit', '长处，优点', '2');
INSERT INTO `words` VALUES ('1267', 'youth', '青春；青年们；青年', '2');
INSERT INTO `words` VALUES ('1268', 'naval', '海军的，军舰的', '2');
INSERT INTO `words` VALUES ('1269', 'downward', '向下的', '2');
INSERT INTO `words` VALUES ('1270', 'fact', '事实；实际，实情', '2');
INSERT INTO `words` VALUES ('1271', 'hut', '小屋，棚屋', '2');
INSERT INTO `words` VALUES ('1272', 'namely', '即，也就是', '2');
INSERT INTO `words` VALUES ('1273', 'monument', '纪念碑；纪念馆', '2');
INSERT INTO `words` VALUES ('1274', 'cool', '凉的；冷静的', '2');
INSERT INTO `words` VALUES ('1275', 'governor', '州长；主管人员', '2');
INSERT INTO `words` VALUES ('1276', 'program', '程序；节目单', '2');
INSERT INTO `words` VALUES ('1277', 'illness', '病，疾病', '2');
INSERT INTO `words` VALUES ('1278', 'normal', '正常的，普通的', '2');
INSERT INTO `words` VALUES ('1279', 'population', '人口；全体居民', '2');
INSERT INTO `words` VALUES ('1280', 'frontier', '边境；边疆；新领域', '2');
INSERT INTO `words` VALUES ('1281', 'quantity', '量，数量，分量', '2');
INSERT INTO `words` VALUES ('1282', 'order', '次序；整齐', '2');
INSERT INTO `words` VALUES ('1283', 'learning', '学问，知识；学习', '2');
INSERT INTO `words` VALUES ('1284', 'everywhere', '到处，处处', '2');
INSERT INTO `words` VALUES ('1285', 'stage', '阶段；舞台', '2');
INSERT INTO `words` VALUES ('1286', 'everyone', '每人，人人', '2');
INSERT INTO `words` VALUES ('1287', 'sting', '刺；刺痛', '2');
INSERT INTO `words` VALUES ('1288', 'hatch', '（蛋）孵化；孵出', '2');
INSERT INTO `words` VALUES ('1289', 'honey', '蜜，蜂蜜', '2');
INSERT INTO `words` VALUES ('1290', 'nest', '巢；窝，穴', '2');
INSERT INTO `words` VALUES ('1291', 'degree', '度；学位', '2');
INSERT INTO `words` VALUES ('1292', 'equivalent', '相等的；等量的', '2');
INSERT INTO `words` VALUES ('1293', 'calendar', '日历，历书；历法', '2');
INSERT INTO `words` VALUES ('1294', 'manual', '体力的', '2');
INSERT INTO `words` VALUES ('1295', 'cabinet', '内阁；橱，柜', '2');
INSERT INTO `words` VALUES ('1296', 'steady', '稳固的', '2');
INSERT INTO `words` VALUES ('1297', 'more', '更多的', '2');
INSERT INTO `words` VALUES ('1298', 'apple', '苹果', '2');
INSERT INTO `words` VALUES ('1299', 'never', '永不，决不；不', '2');
INSERT INTO `words` VALUES ('1300', 'instruction', '命令；教学；教训', '2');
INSERT INTO `words` VALUES ('1301', 'laughter', '笑，笑声', '2');
INSERT INTO `words` VALUES ('1302', 'appeal', '呼吁；申述', '2');
INSERT INTO `words` VALUES ('1303', 'idiom', '习语，成语', '2');
INSERT INTO `words` VALUES ('1304', 'impressive', '给人印象深刻的', '2');
INSERT INTO `words` VALUES ('1305', 'fourteen', '十四', '2');
INSERT INTO `words` VALUES ('1306', 'on', '在…上', '2');
INSERT INTO `words` VALUES ('1307', 'stack', '堆，垛', '2');
INSERT INTO `words` VALUES ('1308', 'imitate', '模仿；仿效；仿制', '2');
INSERT INTO `words` VALUES ('1309', 'cast', '投，扔，抛；浇铸', '2');
INSERT INTO `words` VALUES ('1310', 'pump', '泵', '2');
INSERT INTO `words` VALUES ('1311', 'animal', '动物，兽', '2');
INSERT INTO `words` VALUES ('1312', 'mend', '修补，缝补；修理', '2');
INSERT INTO `words` VALUES ('1313', 'dozen', '一打，十二个', '2');
INSERT INTO `words` VALUES ('1314', 'bathe', '给…洗澡', '2');
INSERT INTO `words` VALUES ('1315', 'means', '方法，手段，工具', '2');
INSERT INTO `words` VALUES ('1316', 'emphasis', '强调，重点，重要性', '2');
INSERT INTO `words` VALUES ('1317', 'shortage', '不足，缺少，不足额', '2');
INSERT INTO `words` VALUES ('1318', 'contrary', '相反的', '2');
INSERT INTO `words` VALUES ('1319', 'tunnel', '隧道，坑道，地道', '2');
INSERT INTO `words` VALUES ('1320', 'visible', '可见的，看得见的', '2');
INSERT INTO `words` VALUES ('1321', 'minimum', '最小量', '2');
INSERT INTO `words` VALUES ('1322', 'hedge', '篱笆，树篱', '2');
INSERT INTO `words` VALUES ('1323', 'bundle', '捆，包，束；包袱', '2');
INSERT INTO `words` VALUES ('1324', 'stretch', '伸展；伸', '2');
INSERT INTO `words` VALUES ('1325', 'electrical', '电的，电气科学的', '2');
INSERT INTO `words` VALUES ('1326', 'artificial', '人工的；娇揉造作的', '2');
INSERT INTO `words` VALUES ('1327', 'grateful', '感激的', '2');
INSERT INTO `words` VALUES ('1328', 'classmate', '同班同学', '2');
INSERT INTO `words` VALUES ('1329', 'assess', '对（财产等）估价', '2');
INSERT INTO `words` VALUES ('1330', 'personal', '个人的；本人的', '2');
INSERT INTO `words` VALUES ('1331', 'qualify', '使具有资格', '2');
INSERT INTO `words` VALUES ('1332', 'shift', '替换，转移', '2');
INSERT INTO `words` VALUES ('1333', 'preceding', '在前的；在先的', '2');
INSERT INTO `words` VALUES ('1334', 'board', '板', '2');
INSERT INTO `words` VALUES ('1335', 'custom', '习惯，风俗；海关', '2');
INSERT INTO `words` VALUES ('1336', 'patch', '补丁；〔与周围部分不同的〕斑，小块', '2');
INSERT INTO `words` VALUES ('1337', 'jar', '罐子，坛子，广口瓶', '2');
INSERT INTO `words` VALUES ('1338', 'defeat', '战胜，击败；挫败', '2');
INSERT INTO `words` VALUES ('1339', 'child', '小孩，儿童；儿子/女儿', '2');
INSERT INTO `words` VALUES ('1340', 'education', '教育；训导', '2');
INSERT INTO `words` VALUES ('1341', 'stair', '楼梯', '2');
INSERT INTO `words` VALUES ('1342', 'ornament', '装饰物；装饰', '2');
INSERT INTO `words` VALUES ('1343', 'downstairs', '在楼下', '2');
INSERT INTO `words` VALUES ('1344', 'hare', '野兔', '2');
INSERT INTO `words` VALUES ('1345', 'brook', '小河，溪流', '2');
INSERT INTO `words` VALUES ('1346', 'procedure', '程序；手续；过程', '2');
INSERT INTO `words` VALUES ('1347', 'employ', '雇用；用；使忙于', '2');
INSERT INTO `words` VALUES ('1348', 'may', '可能；可以；祝', '2');
INSERT INTO `words` VALUES ('1349', 'province', '省；领域，部门', '2');
INSERT INTO `words` VALUES ('1350', 'freeze', '冻；结冻', '2');
INSERT INTO `words` VALUES ('1351', 'artistic', '艺术的；艺术家的', '2');
INSERT INTO `words` VALUES ('1352', 'combination', '结合，联合；混合', '2');
INSERT INTO `words` VALUES ('1353', 'adapt', '使适应；改编', '2');
INSERT INTO `words` VALUES ('1354', 'ambulance', '救护车', '2');
INSERT INTO `words` VALUES ('1355', 'burden', '担子，重担', '2');
INSERT INTO `words` VALUES ('1356', 'innocent', '清白的；幼稚的', '2');
INSERT INTO `words` VALUES ('1357', 'option', '选择；选择权', '2');
INSERT INTO `words` VALUES ('1358', 'fee', '费，酬金；赏金', '2');
INSERT INTO `words` VALUES ('1359', 'greeting', '问候，招呼，致敬', '2');
INSERT INTO `words` VALUES ('1360', 'sincere', '真诚的；真挚的', '2');
INSERT INTO `words` VALUES ('1361', 'steel', '钢，钢铁', '2');
INSERT INTO `words` VALUES ('1362', 'guard', '守卫；看守', '2');
INSERT INTO `words` VALUES ('1363', 'worthy', '值得尊敬的；值得的', '2');
INSERT INTO `words` VALUES ('1364', 'breakfast', '早饭，早餐', '2');
INSERT INTO `words` VALUES ('1365', 'sympathize', '同情；同感，共鸣', '2');
INSERT INTO `words` VALUES ('1366', 'gallery', '美术馆，画廊；长廊；走廊', '2');
INSERT INTO `words` VALUES ('1367', 'notice', '注意', '2');
INSERT INTO `words` VALUES ('1368', 'percentage', '百分比，百分率', '2');
INSERT INTO `words` VALUES ('1369', 'money', '货币；金钱；财富', '2');
INSERT INTO `words` VALUES ('1370', 'best', '最好的；最大的', '2');
INSERT INTO `words` VALUES ('1371', 'meet', '遇见', '2');
INSERT INTO `words` VALUES ('1372', 'crown', '王冠，冕；花冠', '2');
INSERT INTO `words` VALUES ('1373', 'beginning', '开始，开端；起源', '2');
INSERT INTO `words` VALUES ('1374', 'mathematical', '数学的，数学上的', '2');
INSERT INTO `words` VALUES ('1375', 'juice', '（水果等）汁，液', '2');
INSERT INTO `words` VALUES ('1376', 'meadow', '草地，牧草地', '2');
INSERT INTO `words` VALUES ('1377', 'district', '地区，区域；区', '2');
INSERT INTO `words` VALUES ('1378', 'fish', '鱼；鱼肉', '2');
INSERT INTO `words` VALUES ('1379', 'incorrect', '不正确的，错误的', '2');
INSERT INTO `words` VALUES ('1380', 'lose', '失去；迷失；输掉', '2');
INSERT INTO `words` VALUES ('1381', 'man', '男人；人；人类', '2');
INSERT INTO `words` VALUES ('1382', 'mere', '仅仅的；纯粹的', '2');
INSERT INTO `words` VALUES ('1383', 'bell', '钟，铃，门铃；钟声', '2');
INSERT INTO `words` VALUES ('1384', 'mean', '作…解释；意指', '2');
INSERT INTO `words` VALUES ('1385', 'surrender', '交出；投降', '2');
INSERT INTO `words` VALUES ('1386', 'complicate', '使复杂；使陷入', '2');
INSERT INTO `words` VALUES ('1387', 'English', '英语', '2');
INSERT INTO `words` VALUES ('1388', 'gardener', '园丁，花匠', '2');
INSERT INTO `words` VALUES ('1389', 'call', '把…叫做；叫，喊', '2');
INSERT INTO `words` VALUES ('1390', 'pleasant', '令人愉快的，舒适的', '2');
INSERT INTO `words` VALUES ('1391', 'conversion', '转变，转化；改变', '2');
INSERT INTO `words` VALUES ('1392', 'adopt', '收养；采用；采取', '2');
INSERT INTO `words` VALUES ('1393', 'master', '能手；主人；硕士', '2');
INSERT INTO `words` VALUES ('1394', 'pipe', '管子，导管；烟斗', '2');
INSERT INTO `words` VALUES ('1395', 'recover', '重新获得；挽回', '2');
INSERT INTO `words` VALUES ('1396', 'communicate', '通讯；传达', '2');
INSERT INTO `words` VALUES ('1397', 'bike', '自行车', '2');
INSERT INTO `words` VALUES ('1398', 'classify', '把…分类', '2');
INSERT INTO `words` VALUES ('1399', 'trumpet', '喇叭，小号', '2');
INSERT INTO `words` VALUES ('1400', 'canoe', '独木舟，皮艇，划子', '2');
INSERT INTO `words` VALUES ('1401', 'entertain', '使欢乐；招待', '2');
INSERT INTO `words` VALUES ('1402', 'campaign', '运动；战役', '2');
INSERT INTO `words` VALUES ('1403', 'abandon', '丢弃；放弃，抛弃', '2');
INSERT INTO `words` VALUES ('1404', 'lorry', '运货汽车，卡车', '2');
INSERT INTO `words` VALUES ('1405', 'congress', '大会；国会，议会', '2');
INSERT INTO `words` VALUES ('1406', 'double', '双的；两倍的', '2');
INSERT INTO `words` VALUES ('1407', 'confident', '确信的；自信的', '2');
INSERT INTO `words` VALUES ('1408', 'extreme', '极度的；尽头的', '2');
INSERT INTO `words` VALUES ('1409', 'frequency', '屡次；次数；频率', '2');
INSERT INTO `words` VALUES ('1410', 'confess', '供认，承认；坦白', '2');
INSERT INTO `words` VALUES ('1411', 'lodge', '暂住，借宿，投宿', '2');
INSERT INTO `words` VALUES ('1412', 'apartment', '一套公寓房间', '2');
INSERT INTO `words` VALUES ('1413', 'elevator', '电梯；升降机', '2');
INSERT INTO `words` VALUES ('1414', 'kilogram', '千克，公斤', '2');
INSERT INTO `words` VALUES ('1415', 'industrial', '工业的；产业的', '2');
INSERT INTO `words` VALUES ('1416', 'explosive', '炸药', '2');
INSERT INTO `words` VALUES ('1417', 'challenge', '挑战', '2');
INSERT INTO `words` VALUES ('1418', 'swear', '宣（誓）；诅咒', '2');
INSERT INTO `words` VALUES ('1419', 'departure', '离开，出发，起程', '2');
INSERT INTO `words` VALUES ('1420', 'elastic', '松紧带', '2');
INSERT INTO `words` VALUES ('1421', 'break', '打破；损坏；破坏', '2');
INSERT INTO `words` VALUES ('1422', 'capital', '首都；资本，资金', '2');
INSERT INTO `words` VALUES ('1423', 'adequate', '足够的；可以胜任的', '2');
INSERT INTO `words` VALUES ('1424', 'progress', '前进；进展；进步', '2');
INSERT INTO `words` VALUES ('1425', 'paste', '糊；酱；糨糊', '2');
INSERT INTO `words` VALUES ('1426', 'relevant', '有关的，贴切的', '2');
INSERT INTO `words` VALUES ('1427', 'exam', '考试；检查，细查', '2');
INSERT INTO `words` VALUES ('1428', 'conservative', '保守的', '2');
INSERT INTO `words` VALUES ('1429', 'inhabit', '居住于，栖息于', '2');
INSERT INTO `words` VALUES ('1430', 'ministry', '（政府的）部', '2');
INSERT INTO `words` VALUES ('1431', 'stem', '茎，（树）干', '2');
INSERT INTO `words` VALUES ('1432', 'margin', '页边的空白；边缘；边缘', '2');
INSERT INTO `words` VALUES ('1433', 'core', '果实的心；核心', '2');
INSERT INTO `words` VALUES ('1434', 'correspondent', '通讯员；通信者', '2');
INSERT INTO `words` VALUES ('1435', 'possibly', '可能地；也许', '2');
INSERT INTO `words` VALUES ('1436', 'roll', '滚动；转动', '2');
INSERT INTO `words` VALUES ('1437', 'repair', '修理，修补', '2');
INSERT INTO `words` VALUES ('1438', 'moral', '道德的；合乎道德的', '2');
INSERT INTO `words` VALUES ('1439', 'broken', '被打碎的；骨折的', '2');
INSERT INTO `words` VALUES ('1440', 'steer', '驾驶', '2');
INSERT INTO `words` VALUES ('1441', 'wax', '蜡，蜂蜡', '2');
INSERT INTO `words` VALUES ('1442', 'centimetre', '公分，厘米', '2');
INSERT INTO `words` VALUES ('1443', 'gaseous', '气体的，气态的', '2');
INSERT INTO `words` VALUES ('1444', 'equal', '相等的；平等的', '2');
INSERT INTO `words` VALUES ('1445', 'lecture', '演讲，讲课', '2');
INSERT INTO `words` VALUES ('1446', 'recommendation', '推荐，介绍；劝告', '2');
INSERT INTO `words` VALUES ('1447', 'bleed', '出血，流血', '2');
INSERT INTO `words` VALUES ('1448', 'kid', '小孩，儿童；少年', '2');
INSERT INTO `words` VALUES ('1449', 'become', '变得；变成；成为', '2');
INSERT INTO `words` VALUES ('1450', 'rid', '使摆脱，使去掉', '2');
INSERT INTO `words` VALUES ('1451', 'land', '土地；陆地', '2');
INSERT INTO `words` VALUES ('1452', 'bold', '大胆的；冒失的', '2');
INSERT INTO `words` VALUES ('1453', 'prison', '监狱；监禁', '2');
INSERT INTO `words` VALUES ('1454', 'modest', '谦虚的；不太大的；不很贵的', '2');
INSERT INTO `words` VALUES ('1455', 'leather', '皮革；皮革制品', '2');
INSERT INTO `words` VALUES ('1456', 'length', '长，长度；一段', '2');
INSERT INTO `words` VALUES ('1457', 'academic', '学院的；学术的', '2');
INSERT INTO `words` VALUES ('1458', 'prosperous', '繁荣的，昌盛的', '2');
INSERT INTO `words` VALUES ('1459', 'grammatical', '语法上的', '2');
INSERT INTO `words` VALUES ('1460', 'physics', '物理学', '2');
INSERT INTO `words` VALUES ('1461', 'turbine', '叶轮机，汽轮机', '2');
INSERT INTO `words` VALUES ('1462', 'contempt', '轻蔑；藐视；受辱', '2');
INSERT INTO `words` VALUES ('1463', 'settlement', '解决；殖民，殖民地', '2');
INSERT INTO `words` VALUES ('1464', 'label', '标签；标记，符号', '2');
INSERT INTO `words` VALUES ('1465', 'dew', '露，露水', '2');
INSERT INTO `words` VALUES ('1466', 'professor', '教授', '2');
INSERT INTO `words` VALUES ('1467', 'nothing', '没有东西', '2');
INSERT INTO `words` VALUES ('1468', 'palm', '手掌，手心', '2');
INSERT INTO `words` VALUES ('1469', 'limit', '限度；限制；范围', '2');
INSERT INTO `words` VALUES ('1470', 'crude', '简陋的；天然的', '2');
INSERT INTO `words` VALUES ('1471', 'cold', '冷的；冷淡的', '2');
INSERT INTO `words` VALUES ('1472', 'frank', '坦白的，直率的', '2');
INSERT INTO `words` VALUES ('1473', 'forget', '忘记，遗忘', '2');
INSERT INTO `words` VALUES ('1474', 'bean', '豆，蚕豆', '2');
INSERT INTO `words` VALUES ('1475', 'appear', '似乎；出现；来到', '2');
INSERT INTO `words` VALUES ('1476', 'price', '价格，价钱；代价', '2');
INSERT INTO `words` VALUES ('1477', 'emotion', '情感，感情；激动', '2');
INSERT INTO `words` VALUES ('1478', 'worst', '最坏的', '2');
INSERT INTO `words` VALUES ('1479', 'moan', '呻吟声', '2');
INSERT INTO `words` VALUES ('1480', 'terrible', '可怕的；极度的', '2');
INSERT INTO `words` VALUES ('1481', 'dollar', '元〔美国、加拿大、澳大利亚等国的货币单位〕', '2');
INSERT INTO `words` VALUES ('1482', 'answer', '回答；响应', '2');
INSERT INTO `words` VALUES ('1483', 'barn', '谷仓；牲口棚', '2');
INSERT INTO `words` VALUES ('1484', 'conclusion', '结论，推论；结尾', '2');
INSERT INTO `words` VALUES ('1485', 'demand', '要求；询问；需要', '2');
INSERT INTO `words` VALUES ('1486', 'learn', '学，学习', '2');
INSERT INTO `words` VALUES ('1487', 'rival', '竞争者', '2');
INSERT INTO `words` VALUES ('1488', 'industry', '工业，产业；勤劳', '2');
INSERT INTO `words` VALUES ('1489', 'concern', '关心，挂念；重要的事', '2');
INSERT INTO `words` VALUES ('1490', 'friendly', '友好的；友谊的', '2');
INSERT INTO `words` VALUES ('1491', 'pale', '苍白的；浅的', '2');
INSERT INTO `words` VALUES ('1492', 'dramatic', '戏剧的；引人注目的', '2');
INSERT INTO `words` VALUES ('1493', 'rhythm', '韵律，格律；节奏', '2');
INSERT INTO `words` VALUES ('1494', 'local', '地方的；局部的', '2');
INSERT INTO `words` VALUES ('1495', 'nuclear', '原子核的', '2');
INSERT INTO `words` VALUES ('1496', 'gentleman', '绅士；有教养的人', '2');
INSERT INTO `words` VALUES ('1497', 'exactly', '确切地；恰恰正是', '2');
INSERT INTO `words` VALUES ('1498', 'shield', '盾；防护物', '2');
INSERT INTO `words` VALUES ('1499', 'hawk', '鹰，隼', '2');
INSERT INTO `words` VALUES ('1500', 'network', '网状物；网络', '2');
INSERT INTO `words` VALUES ('1501', 'disease', '病，疾病；病害', '2');
INSERT INTO `words` VALUES ('1502', 'French', '法国的', '2');
INSERT INTO `words` VALUES ('1503', 'indicate', '标示，表示；表明', '2');
INSERT INTO `words` VALUES ('1504', 'aural', '耳的，听觉的', '2');
INSERT INTO `words` VALUES ('1505', 'basket', '篮，篓，筐', '2');
INSERT INTO `words` VALUES ('1506', 'interpreter', '译员，口译者', '2');
INSERT INTO `words` VALUES ('1507', 'mountain', '山，山岳；山脉', '2');
INSERT INTO `words` VALUES ('1508', 'obtain', '获得，得到，买到', '2');
INSERT INTO `words` VALUES ('1509', 'activity', '活动；活力；行动', '2');
INSERT INTO `words` VALUES ('1510', 'lung', '肺脏，肺', '2');
INSERT INTO `words` VALUES ('1511', 'throughout', '遍及', '2');
INSERT INTO `words` VALUES ('1512', 'measurable', '可测量的', '2');
INSERT INTO `words` VALUES ('1513', 'clasp', '扣子，钩子；别针', '2');
INSERT INTO `words` VALUES ('1514', 'unit', '单位；单元；部件', '2');
INSERT INTO `words` VALUES ('1515', 'spring', '跳，跃', '2');
INSERT INTO `words` VALUES ('1516', 'home', '家；家乡', '2');
INSERT INTO `words` VALUES ('1517', 'grammar', '语法；语法书', '2');
INSERT INTO `words` VALUES ('1518', 'army', '军队；陆军', '2');
INSERT INTO `words` VALUES ('1519', 'clock', '钟，仪表', '2');
INSERT INTO `words` VALUES ('1520', 'domestic', '本国的；家庭的', '2');
INSERT INTO `words` VALUES ('1521', 'ladder', '梯子，梯状物', '2');
INSERT INTO `words` VALUES ('1522', 'doubt', '怀疑；疑虑', '2');
INSERT INTO `words` VALUES ('1523', 'fork', '餐叉；叉；分叉', '2');
INSERT INTO `words` VALUES ('1524', 'course', '课程；过程；一道菜', '2');
INSERT INTO `words` VALUES ('1525', 'intense', '强烈的；紧张的', '2');
INSERT INTO `words` VALUES ('1526', 'advice', '劝告；忠告；意见', '2');
INSERT INTO `words` VALUES ('1527', 'virtually', '实际上，事实上', '2');
INSERT INTO `words` VALUES ('1528', 'envy', '妒忌；羡慕', '2');
INSERT INTO `words` VALUES ('1529', 'duck', '鸭；中文释义: 雌鸭；鸭肉', '2');
INSERT INTO `words` VALUES ('1530', 'remark', '评论，谈论', '2');
INSERT INTO `words` VALUES ('1531', 'native', '本土的', '2');
INSERT INTO `words` VALUES ('1532', 'purchase', '买，购买', '2');
INSERT INTO `words` VALUES ('1533', 'explode', '使爆炸', '2');
INSERT INTO `words` VALUES ('1534', 'tragedy', '惨事，惨案；悲剧', '2');
INSERT INTO `words` VALUES ('1535', 'scissors', '剪刀，剪子', '2');
INSERT INTO `words` VALUES ('1536', 'atom', '原子；微粒；微量', '2');
INSERT INTO `words` VALUES ('1537', 'suck', '吸，吮，啜', '2');
INSERT INTO `words` VALUES ('1538', 'flag', '旗，旗帜', '2');
INSERT INTO `words` VALUES ('1539', 'person', '人；人身；本人', '2');
INSERT INTO `words` VALUES ('1540', 'essay', '短文；散文，小品文', '2');
INSERT INTO `words` VALUES ('1541', 'cliff', '悬崖，峭壁', '2');
INSERT INTO `words` VALUES ('1542', 'perspective', '透视；远景；观点', '2');
INSERT INTO `words` VALUES ('1543', 'inquiry', '询问，打听；调查', '2');
INSERT INTO `words` VALUES ('1544', 'hair', '头发；毛发；毛', '2');
INSERT INTO `words` VALUES ('1545', 'clever', '聪明的；机敏的', '2');
INSERT INTO `words` VALUES ('1546', 'scratch', '搔；抓', '2');
INSERT INTO `words` VALUES ('1547', 'insist', '坚持；坚持要求', '2');
INSERT INTO `words` VALUES ('1548', 'chimney', '烟囱，烟筒', '2');
INSERT INTO `words` VALUES ('1549', 'orphan', '孤儿', '2');
INSERT INTO `words` VALUES ('1550', 'plane', '飞机；平面', '2');
INSERT INTO `words` VALUES ('1551', 'accomplish', '达到（目的）；完成', '2');
INSERT INTO `words` VALUES ('1552', 'queen', '女王；王后；王后', '2');
INSERT INTO `words` VALUES ('1553', 'really', '真正地；实在', '2');
INSERT INTO `words` VALUES ('1554', 'hook', '钩，挂钩', '2');
INSERT INTO `words` VALUES ('1555', 'recognition', '承认；认出，识别', '2');
INSERT INTO `words` VALUES ('1556', 'leaf', '叶，叶子', '2');
INSERT INTO `words` VALUES ('1557', 'preliminary', '预备的，初步的', '2');
INSERT INTO `words` VALUES ('1558', 'meeting', '聚集，会合；会见', '2');
INSERT INTO `words` VALUES ('1559', 'property', '财产，资产；性质', '2');
INSERT INTO `words` VALUES ('1560', 'correct', '正确的', '2');
INSERT INTO `words` VALUES ('1561', 'month', '月，月份', '2');
INSERT INTO `words` VALUES ('1562', 'destination', '目的地，终点', '2');
INSERT INTO `words` VALUES ('1563', 'purse', '钱包，小钱袋；手袋', '2');
INSERT INTO `words` VALUES ('1564', 'feature', '特征，特色；面貌', '2');
INSERT INTO `words` VALUES ('1565', 'route', '路，路线', '2');
INSERT INTO `words` VALUES ('1566', 'error', '错误，谬误；差错', '2');
INSERT INTO `words` VALUES ('1567', 'trust', '信任', '2');
INSERT INTO `words` VALUES ('1568', 'origin', '起源，由来；出身', '2');
INSERT INTO `words` VALUES ('1569', 'quick', '快的；敏捷的', '2');
INSERT INTO `words` VALUES ('1570', 'hunger', '饿，饥饿；渴望', '2');
INSERT INTO `words` VALUES ('1571', 'fearful', '害怕的，可怕的', '2');
INSERT INTO `words` VALUES ('1572', 'suspicion', '怀疑，疑心，猜疑', '2');
INSERT INTO `words` VALUES ('1573', 'knowledge', '知识，学识；知道', '2');
INSERT INTO `words` VALUES ('1574', 'dish', '碟，盘子；菜肴', '2');
INSERT INTO `words` VALUES ('1575', 'amuse', '逗…乐；给…娱乐', '2');
INSERT INTO `words` VALUES ('1576', 'cheque', '支票', '2');
INSERT INTO `words` VALUES ('1577', 'orchestra', '管弦乐队', '2');
INSERT INTO `words` VALUES ('1578', 'favourite', '特别受喜爱的', '2');
INSERT INTO `words` VALUES ('1579', 'centre', '中心；中枢', '2');
INSERT INTO `words` VALUES ('1580', 'come', '来，来到；出现', '2');
INSERT INTO `words` VALUES ('1581', 'lion', '狮子；勇猛的人', '2');
INSERT INTO `words` VALUES ('1582', 'berry', '浆果（如草莓等）', '2');
INSERT INTO `words` VALUES ('1583', 'edition', '版本；版；版次', '2');
INSERT INTO `words` VALUES ('1584', 'hatred', '憎恶，憎恨，仇恨', '2');
INSERT INTO `words` VALUES ('1585', 'poverty', '贫穷，贫困', '2');
INSERT INTO `words` VALUES ('1586', 'type', '型，类型', '2');
INSERT INTO `words` VALUES ('1587', 'process', '过程；工序', '2');
INSERT INTO `words` VALUES ('1588', 'pleasure', '愉快，快乐；乐事', '2');
INSERT INTO `words` VALUES ('1589', 'banner', '横幅；旗，旗帜', '2');
INSERT INTO `words` VALUES ('1590', 'experiment', '实验；试验', '2');
INSERT INTO `words` VALUES ('1591', 'pear', '梨子，梨树', '2');
INSERT INTO `words` VALUES ('1592', 'Marxism', '马克思主义', '2');
INSERT INTO `words` VALUES ('1593', 'drip', '滴下；漏水', '2');
INSERT INTO `words` VALUES ('1594', 'dictation', '口授笔录；听写', '2');
INSERT INTO `words` VALUES ('1595', 'advisable', '明智的；可取的', '2');
INSERT INTO `words` VALUES ('1596', 'tide', '潮，潮汐；潮流', '2');
INSERT INTO `words` VALUES ('1597', 'mind', '头脑；理智；记忆', '2');
INSERT INTO `words` VALUES ('1598', 'blow', '吹；吹动；吹响', '2');
INSERT INTO `words` VALUES ('1599', 'model', '模型；模特儿', '2');
INSERT INTO `words` VALUES ('1600', 'compass', '罗盘，指南针；圆规', '2');
INSERT INTO `words` VALUES ('1601', 'germ', '微生物，细菌；幼芽', '2');
INSERT INTO `words` VALUES ('1602', 'probably', '或许，大概', '2');
INSERT INTO `words` VALUES ('1603', 'library', '图书馆；藏书', '2');
INSERT INTO `words` VALUES ('1604', 'advance', '前进；提高', '2');
INSERT INTO `words` VALUES ('1605', 'my', '我的', '2');
INSERT INTO `words` VALUES ('1606', 'beloved', '为…所爱的', '2');
INSERT INTO `words` VALUES ('1607', 'nephew', '侄子，外甥', '2');
INSERT INTO `words` VALUES ('1608', 'aluminium', '铝', '2');
INSERT INTO `words` VALUES ('1609', 'rarely', '很少，难得', '2');
INSERT INTO `words` VALUES ('1610', 'subsequent', '随后的，后来的', '2');
INSERT INTO `words` VALUES ('1611', 'charity', '慈善事业；施舍', '2');
INSERT INTO `words` VALUES ('1612', 'itself', '它自己；自身', '2');
INSERT INTO `words` VALUES ('1613', 'clue', '线索，暗示，提示', '2');
INSERT INTO `words` VALUES ('1614', 'jewish', '犹太人的', '2');
INSERT INTO `words` VALUES ('1615', 'current', '当前的；通用的', '2');
INSERT INTO `words` VALUES ('1616', 'journey', '旅行，旅程', '2');
INSERT INTO `words` VALUES ('1617', 'sustain', '支撑；忍受；供养', '2');
INSERT INTO `words` VALUES ('1618', 'enormous', '巨大的，庞大的', '2');
INSERT INTO `words` VALUES ('1619', 'bite', '咬；咬，叮，螫；剌穿', '2');
INSERT INTO `words` VALUES ('1620', 'gift', '礼物，赠品；天赋', '2');
INSERT INTO `words` VALUES ('1621', 'bullet', '枪弹，子弹，弹丸', '2');
INSERT INTO `words` VALUES ('1622', 'history', '历史；个人经历', '2');
INSERT INTO `words` VALUES ('1623', 'list', '表，目录', '2');
INSERT INTO `words` VALUES ('1624', 'behave', '表现，举止；', '2');
INSERT INTO `words` VALUES ('1625', 'new', '新的；新近出现的', '2');
INSERT INTO `words` VALUES ('1626', 'van', '大篷车，运货车', '2');
INSERT INTO `words` VALUES ('1627', 'amount', '总数；数量；和', '2');
INSERT INTO `words` VALUES ('1628', 'calculate', '计算；估计', '2');
INSERT INTO `words` VALUES ('1629', 'generous', '慷慨的；宽厚的', '2');
INSERT INTO `words` VALUES ('1630', 'conventional', '普通的；习惯的', '2');
INSERT INTO `words` VALUES ('1631', 'early', '早', '2');
INSERT INTO `words` VALUES ('1632', 'number', '数，数字；号码', '2');
INSERT INTO `words` VALUES ('1633', 'hint', '暗示，示意；建议', '2');
INSERT INTO `words` VALUES ('1634', 'fashionable', '流行的，时髦的', '2');
INSERT INTO `words` VALUES ('1635', 'tolerate', '忍受，容忍，宽恕', '2');
INSERT INTO `words` VALUES ('1636', 'condense', '压缩，使缩短', '2');
INSERT INTO `words` VALUES ('1637', 'technician', '技术员，技师', '2');
INSERT INTO `words` VALUES ('1638', 'flash', '闪光', '2');
INSERT INTO `words` VALUES ('1639', 'flour', '面粉，粉；粉状物质', '2');
INSERT INTO `words` VALUES ('1640', 'catch', '捉住；赶上；领会', '2');
INSERT INTO `words` VALUES ('1641', 'purple', '紫色', '2');
INSERT INTO `words` VALUES ('1642', 'feed', '喂（养）；吃饲料', '2');
INSERT INTO `words` VALUES ('1643', 'league', '联合会；同盟，联盟', '2');
INSERT INTO `words` VALUES ('1644', 'exert', '运用；尽（力）', '2');
INSERT INTO `words` VALUES ('1645', 'finding', '发现；调查的结果', '2');
INSERT INTO `words` VALUES ('1646', 'foreign', '外国的；外来的', '2');
INSERT INTO `words` VALUES ('1647', 'shave', '剃，刮', '2');
INSERT INTO `words` VALUES ('1648', 'assume', '假定；承担；呈现', '2');
INSERT INTO `words` VALUES ('1649', 'response', '响应；作答，回答', '2');
INSERT INTO `words` VALUES ('1650', 'refine', '精炼，提纯', '2');
INSERT INTO `words` VALUES ('1651', 'following', '接着的；下列的', '2');
INSERT INTO `words` VALUES ('1652', 'play', '玩，游戏；演奏', '2');
INSERT INTO `words` VALUES ('1653', 'steamer', '轮船，汽船', '2');
INSERT INTO `words` VALUES ('1654', 'lump', '团，块；肿块', '2');
INSERT INTO `words` VALUES ('1655', 'prince', '王子；亲王', '2');
INSERT INTO `words` VALUES ('1656', 'formation', '形成；构成；形成物', '2');
INSERT INTO `words` VALUES ('1657', 'inward', '内心的', '2');
INSERT INTO `words` VALUES ('1658', 'plentiful', '丰富的，富裕的', '2');
INSERT INTO `words` VALUES ('1659', 'mutual', '相互的；共同的', '2');
INSERT INTO `words` VALUES ('1660', 'insurance', '保险；保险费', '2');
INSERT INTO `words` VALUES ('1661', 'humorous', '富于幽默的，诙谐的', '2');
INSERT INTO `words` VALUES ('1662', 'dissolve', '使溶解；解散', '2');
INSERT INTO `words` VALUES ('1663', 'prior', '在先的；优先的', '2');
INSERT INTO `words` VALUES ('1664', 'farther', '更远地', '2');
INSERT INTO `words` VALUES ('1665', 'liner', '班船，班机', '2');
INSERT INTO `words` VALUES ('1666', 'mist', '薄雾', '2');
INSERT INTO `words` VALUES ('1667', 'abuse', '滥用；虐待', '2');
INSERT INTO `words` VALUES ('1668', 'exceedingly', '极端地，非常', '2');
INSERT INTO `words` VALUES ('1669', 'coil', '（一）卷；线圈', '2');
INSERT INTO `words` VALUES ('1670', 'foundation', '基础；地基；基金', '2');
INSERT INTO `words` VALUES ('1671', 'wit', '智力，才智，智能', '2');
INSERT INTO `words` VALUES ('1672', 'spin', '使旋转；纺', '2');
INSERT INTO `words` VALUES ('1673', 'noise', '喧闹声；响声；噪声', '2');
INSERT INTO `words` VALUES ('1674', 'anticipate', '预料，预期；期望', '2');
INSERT INTO `words` VALUES ('1675', 'masterpiece', '杰作，名著', '2');
INSERT INTO `words` VALUES ('1676', 'illustration', '说明，图解；例证', '2');
INSERT INTO `words` VALUES ('1677', 'recent', '新近的，最近的', '2');
INSERT INTO `words` VALUES ('1678', 'laundry', '洗衣房，洗衣店', '2');
INSERT INTO `words` VALUES ('1679', 'compute', '计算，估计，估算', '2');
INSERT INTO `words` VALUES ('1680', 'difficulty', '困难；难事；困境', '2');
INSERT INTO `words` VALUES ('1681', 'representative', '代表性的', '2');
INSERT INTO `words` VALUES ('1682', 'electricity', '电，电学；电流', '2');
INSERT INTO `words` VALUES ('1683', 'past', '过去的', '2');
INSERT INTO `words` VALUES ('1684', 'alloy', '合金；（金属的）成色', '2');
INSERT INTO `words` VALUES ('1685', 'temple', '圣堂，神殿，庙宇', '2');
INSERT INTO `words` VALUES ('1686', 'feast', '盛宴；筵席；节日', '2');
INSERT INTO `words` VALUES ('1687', 'invitation', '邀请，招待；请柬', '2');
INSERT INTO `words` VALUES ('1688', 'group', '小组，群', '2');
INSERT INTO `words` VALUES ('1689', 'visual', '视觉的，视力的', '2');
INSERT INTO `words` VALUES ('1690', 'atmospheric', '大气的；大气层的', '2');
INSERT INTO `words` VALUES ('1691', 'annual', '每年的', '2');
INSERT INTO `words` VALUES ('1692', 'stranger', '陌生人；新来者', '2');
INSERT INTO `words` VALUES ('1693', 'present', '现在的', '2');
INSERT INTO `words` VALUES ('1694', 'frog', '蛙', '2');
INSERT INTO `words` VALUES ('1695', 'music', '音乐，乐曲；乐谱', '2');
INSERT INTO `words` VALUES ('1696', 'simply', '简单地；朴素地', '2');
INSERT INTO `words` VALUES ('1697', 'heart', '心，内心；勇气', '2');
INSERT INTO `words` VALUES ('1698', 'substitute', '代替人', '2');
INSERT INTO `words` VALUES ('1699', 'easily', '容易地', '2');
INSERT INTO `words` VALUES ('1700', 'suspend', '吊，悬；推迟', '2');
INSERT INTO `words` VALUES ('1701', 'burn', '烧，燃烧', '2');
INSERT INTO `words` VALUES ('1702', 'workman', '工人，劳动者，工匠', '2');
INSERT INTO `words` VALUES ('1703', 'leadership', '领导', '2');
INSERT INTO `words` VALUES ('1704', 'jealous', '妒忌的', '2');
INSERT INTO `words` VALUES ('1705', 'can', '罐头，听头；容器', '2');
INSERT INTO `words` VALUES ('1706', 'cotton', '棉；棉线；棉布', '2');
INSERT INTO `words` VALUES ('1707', 'European', '欧洲的', '2');
INSERT INTO `words` VALUES ('1708', 'explain', '解释；为…辩解', '2');
INSERT INTO `words` VALUES ('1709', 'natural', '自然界的；天然的', '2');
INSERT INTO `words` VALUES ('1710', 'clean', '清洁的；纯洁的', '2');
INSERT INTO `words` VALUES ('1711', 'rebel', '造反', '2');
INSERT INTO `words` VALUES ('1712', 'enable', '使能够，使可能', '2');
INSERT INTO `words` VALUES ('1713', 'evident', '明显的，明白的', '2');
INSERT INTO `words` VALUES ('1714', 'rain', '雨，雨水', '2');
INSERT INTO `words` VALUES ('1715', 'management', '管理；经营，处理', '2');
INSERT INTO `words` VALUES ('1716', 'eighth', '第八', '2');
INSERT INTO `words` VALUES ('1717', 'bread', '面包；食物，粮食', '2');
INSERT INTO `words` VALUES ('1718', 'sorrow', '悲痛，悲哀，悲伤', '2');
INSERT INTO `words` VALUES ('1719', 'cattle', '牛；牲口，家畜', '2');
INSERT INTO `words` VALUES ('1720', 'inspect', '检查，审查；检阅', '2');
INSERT INTO `words` VALUES ('1721', 'mental', '精神的；智力的', '2');
INSERT INTO `words` VALUES ('1722', 'mushroom', '蘑菇，菌类植物', '2');
INSERT INTO `words` VALUES ('1723', 'review', '再检查', '2');
INSERT INTO `words` VALUES ('1724', 'beautiful', '美的，美丽的', '2');
INSERT INTO `words` VALUES ('1725', 'descend', '下来，下降；下倾', '2');
INSERT INTO `words` VALUES ('1726', 'Fahrenheit', '华氏温度', '2');
INSERT INTO `words` VALUES ('1727', 'freedom', '自由；自主', '2');
INSERT INTO `words` VALUES ('1728', 'grave', '坟墓', '2');
INSERT INTO `words` VALUES ('1729', 'lumber', '木材；木料；制材', '2');
INSERT INTO `words` VALUES ('1730', 'encounter', '遭遇，遇到', '2');
INSERT INTO `words` VALUES ('1731', 'atmosphere', '气氛；大气；空气', '2');
INSERT INTO `words` VALUES ('1732', 'toe', '脚趾；足尖', '2');
INSERT INTO `words` VALUES ('1733', 'touch', '触摸；触动；感动', '2');
INSERT INTO `words` VALUES ('1734', 'troublesome', '令人烦恼的；麻烦的', '2');
INSERT INTO `words` VALUES ('1735', 'congratulation', '祝贺；祝贺词', '2');
INSERT INTO `words` VALUES ('1736', 'package', '包裹，包，捆', '2');
INSERT INTO `words` VALUES ('1737', 'part', '一部分；零件', '2');
INSERT INTO `words` VALUES ('1738', 'credit', '信用贷款；信用', '2');
INSERT INTO `words` VALUES ('1739', 'judge', '法官；裁判员', '2');
INSERT INTO `words` VALUES ('1740', 'original', '最初的；新颖的', '2');
INSERT INTO `words` VALUES ('1741', 'decision', '决定，决心；果断', '2');
INSERT INTO `words` VALUES ('1742', 'compose', '创作；组成，构成', '2');
INSERT INTO `words` VALUES ('1743', 'rag', '破布，碎布，抹布', '2');
INSERT INTO `words` VALUES ('1744', 'satellite', '人造卫星；卫星', '2');
INSERT INTO `words` VALUES ('1745', 'transport', '运输', '2');
INSERT INTO `words` VALUES ('1746', 'drawing', '图画，素描；绘图', '2');
INSERT INTO `words` VALUES ('1747', 'protective', '保护的，防护的', '2');
INSERT INTO `words` VALUES ('1748', 'ago', '以前', '2');
INSERT INTO `words` VALUES ('1749', 'signature', '署名，签字，签名', '2');
INSERT INTO `words` VALUES ('1750', 'primary', '基本的；最初的', '2');
INSERT INTO `words` VALUES ('1751', 'poem', '诗，韵文，诗体文', '2');
INSERT INTO `words` VALUES ('1752', 'hear', '听见；听说；审讯', '2');
INSERT INTO `words` VALUES ('1753', 'overall', '工装裤', '2');
INSERT INTO `words` VALUES ('1754', 'freely', '自由地；直率地', '2');
INSERT INTO `words` VALUES ('1755', 'creature', '生物，动物', '2');
INSERT INTO `words` VALUES ('1756', 'specify', '详细说明；指定', '2');
INSERT INTO `words` VALUES ('1757', 'combine', '使结合；兼有', '2');
INSERT INTO `words` VALUES ('1758', 'solar', '太阳的，日光的', '2');
INSERT INTO `words` VALUES ('1759', 'sort', '种类；类别', '2');
INSERT INTO `words` VALUES ('1760', 'dishonour', '不光彩；丢脸的人', '2');
INSERT INTO `words` VALUES ('1761', 'permit', '允许', '2');
INSERT INTO `words` VALUES ('1762', 'magnificent', '壮丽的；华丽的', '2');
INSERT INTO `words` VALUES ('1763', 'drift', '漂流；漂泊', '2');
INSERT INTO `words` VALUES ('1764', 'investigate', '调查', '2');
INSERT INTO `words` VALUES ('1765', 'proper', '适合的；合乎体统的', '2');
INSERT INTO `words` VALUES ('1766', 'lame', '跛的；瘸的，残废的', '2');
INSERT INTO `words` VALUES ('1767', 'mechanical', '机械的；力学的', '2');
INSERT INTO `words` VALUES ('1768', 'vital', '生命的；有生命力的', '2');
INSERT INTO `words` VALUES ('1769', 'clumsy', '笨拙的；愚笨的', '2');
INSERT INTO `words` VALUES ('1770', 'relieve', '减轻；解除', '2');
INSERT INTO `words` VALUES ('1771', 'describe', '形容；描写，描绘', '2');
INSERT INTO `words` VALUES ('1772', 'author', '作者，作家', '2');
INSERT INTO `words` VALUES ('1773', 'happy', '快乐的；幸福的', '2');
INSERT INTO `words` VALUES ('1774', 'glide', '滑动', '2');
INSERT INTO `words` VALUES ('1775', 'drain', '排去；放水', '2');
INSERT INTO `words` VALUES ('1776', 'pen', '钢笔，自来水笔', '2');
INSERT INTO `words` VALUES ('1777', 'fatigue', '疲劳，劳累', '2');
INSERT INTO `words` VALUES ('1778', 'nonsense', '胡说，废话', '2');
INSERT INTO `words` VALUES ('1779', 'absolute', '纯粹的；绝对的', '2');
INSERT INTO `words` VALUES ('1780', 'sack', '袋，麻袋；开除', '2');
INSERT INTO `words` VALUES ('1781', 'apparatus', '器械，仪器；器官', '2');
INSERT INTO `words` VALUES ('1782', 'next', '紧接的；贴近的', '2');
INSERT INTO `words` VALUES ('1783', 'grace', '优美；文雅；雅致', '2');
INSERT INTO `words` VALUES ('1784', 'preface', '序言，前言，引语', '2');
INSERT INTO `words` VALUES ('1785', 'tone', '音；腔调；声调', '2');
INSERT INTO `words` VALUES ('1786', 'stove', '炉头；炉子', '2');
INSERT INTO `words` VALUES ('1787', 'identical', '完全相同的；同一的', '2');
INSERT INTO `words` VALUES ('1788', 'adjective', '形容词', '2');
INSERT INTO `words` VALUES ('1789', 'knee', '膝，膝盖，膝关节', '2');
INSERT INTO `words` VALUES ('1790', 'artist', '艺术家，美术家', '2');
INSERT INTO `words` VALUES ('1791', 'choke', '使窒息；塞满', '2');
INSERT INTO `words` VALUES ('1792', 'regardless', '不顾一切地', '2');
INSERT INTO `words` VALUES ('1793', 'reader', '读者；读物，读本', '2');
INSERT INTO `words` VALUES ('1794', 'horizontal', '地平的；水平的', '2');
INSERT INTO `words` VALUES ('1795', 'acceptable', '可接受的，合意的', '2');
INSERT INTO `words` VALUES ('1796', 'mail', '邮件', '2');
INSERT INTO `words` VALUES ('1797', 'cloud', '云；云状物；阴影', '2');
INSERT INTO `words` VALUES ('1798', 'busy', '忙的；繁忙的', '2');
INSERT INTO `words` VALUES ('1799', 'secretary', '秘书；书记；大臣', '2');
INSERT INTO `words` VALUES ('1800', 'deadly', '致命的；死一般的', '2');
INSERT INTO `words` VALUES ('1801', 'harbour', '海港，港口', '2');
INSERT INTO `words` VALUES ('1802', 'bloom', '花；开花，开花期', '2');
INSERT INTO `words` VALUES ('1803', 'retain', '保持，保留，保有', '2');
INSERT INTO `words` VALUES ('1804', 'contest', '争夺，争取；辩驳', '2');
INSERT INTO `words` VALUES ('1805', 'output', '产量；输出量；输出', '2');
INSERT INTO `words` VALUES ('1806', 'railroad', '铁路', '2');
INSERT INTO `words` VALUES ('1807', 'institution', '协会；制度，习俗', '2');
INSERT INTO `words` VALUES ('1808', 'engine', '发动机，引擎；机车', '2');
INSERT INTO `words` VALUES ('1809', 'flesh', '肉，肌肉；肉体', '2');
INSERT INTO `words` VALUES ('1810', 'brother', '兄弟；同事，同胞', '2');
INSERT INTO `words` VALUES ('1811', 'inch', '英寸', '2');
INSERT INTO `words` VALUES ('1812', 'aeroplane', '飞机', '2');
INSERT INTO `words` VALUES ('1813', 'coffee', '咖啡，咖啡茶', '2');
INSERT INTO `words` VALUES ('1814', 'emit', '散发；发射；发表', '2');
INSERT INTO `words` VALUES ('1815', 'as', '当…的时候', '2');
INSERT INTO `words` VALUES ('1816', 'elementary', '基本的；初级的', '2');
INSERT INTO `words` VALUES ('1817', 'editor', '编辑，编者，校订者', '2');
INSERT INTO `words` VALUES ('1818', 'coin', '硬币', '2');
INSERT INTO `words` VALUES ('1819', 'definite', '明确的；肯定的', '2');
INSERT INTO `words` VALUES ('1820', 'skim', '掠过，擦过；略读', '2');
INSERT INTO `words` VALUES ('1821', 'tourist', '旅游者，观光者', '2');
INSERT INTO `words` VALUES ('1822', 'flourish', '繁荣，茂盛，兴旺', '2');
INSERT INTO `words` VALUES ('1823', 'taste', '味觉；品味', '2');
INSERT INTO `words` VALUES ('1824', 'ending', '结尾，结局', '2');
INSERT INTO `words` VALUES ('1825', 'confirm', '证实；肯定；批准', '2');
INSERT INTO `words` VALUES ('1826', 'nearly', '差不多', '2');
INSERT INTO `words` VALUES ('1827', 'away', '离开，远离；…去', '2');
INSERT INTO `words` VALUES ('1828', 'puzzle', '难题；谜', '2');
INSERT INTO `words` VALUES ('1829', 'lawyer', '律师；法学家', '2');
INSERT INTO `words` VALUES ('1830', 'precision', '精确，精密，精密度', '2');
INSERT INTO `words` VALUES ('1831', 'debt', '债，债务；欠债', '2');
INSERT INTO `words` VALUES ('1832', 'promote', '促进，发扬；提升', '2');
INSERT INTO `words` VALUES ('1833', 'gasp', '气喘，喘息', '2');
INSERT INTO `words` VALUES ('1834', 'publish', '出版；发表；公布', '2');
INSERT INTO `words` VALUES ('1835', 'cubic', '立方形的；立方的', '2');
INSERT INTO `words` VALUES ('1836', 'smart', '聪颖的，机灵的', '2');
INSERT INTO `words` VALUES ('1837', 'floor', '地板；楼层', '2');
INSERT INTO `words` VALUES ('1838', 'dispute', '争论，争执', '2');
INSERT INTO `words` VALUES ('1839', 'blackboard', '黑板', '2');
INSERT INTO `words` VALUES ('1840', 'install', '安装，设置', '2');
INSERT INTO `words` VALUES ('1841', 'deceit', '欺骗，欺诈', '2');
INSERT INTO `words` VALUES ('1842', 'forecast', '预测，预报', '2');
INSERT INTO `words` VALUES ('1843', 'now', '现在；立刻', '2');
INSERT INTO `words` VALUES ('1844', 'believe', '相信；认为', '2');
INSERT INTO `words` VALUES ('1845', 'mile', '英里', '2');
INSERT INTO `words` VALUES ('1846', 'gap', '缺口；间隔；差距', '2');
INSERT INTO `words` VALUES ('1847', 'occur', '发生；出现；存在', '2');
INSERT INTO `words` VALUES ('1848', 'glove', '手套', '2');
INSERT INTO `words` VALUES ('1849', 'graduate', '毕业生', '2');
INSERT INTO `words` VALUES ('1850', 'club', '〔职业体育的〕俱乐部；俱乐部；夜总会', '2');
INSERT INTO `words` VALUES ('1851', 'fierce', '凶猛的；狂热的', '2');
INSERT INTO `words` VALUES ('1852', 'dump', '倾卸，倾倒；倾销', '2');
INSERT INTO `words` VALUES ('1853', 'lag', '落后；走得慢', '2');
INSERT INTO `words` VALUES ('1854', 'hammer', '锤，榔头', '2');
INSERT INTO `words` VALUES ('1855', 'congratulate', '祝贺，向…道喜', '2');
INSERT INTO `words` VALUES ('1856', 'storage', '贮藏；贮藏量', '2');
INSERT INTO `words` VALUES ('1857', 'guess', '猜测，推测', '2');
INSERT INTO `words` VALUES ('1858', 'desirable', '值得相望的；可取的', '2');
INSERT INTO `words` VALUES ('1859', 'critic', '批评家；爱挑剔的人', '2');
INSERT INTO `words` VALUES ('1860', 'bottom', '底，底部，根基', '2');
INSERT INTO `words` VALUES ('1861', 'bud', '芽，萌芽；蓓蕾', '2');
INSERT INTO `words` VALUES ('1862', 'Australia', '澳大利亚', '2');
INSERT INTO `words` VALUES ('1863', 'resident', '居住的', '2');
INSERT INTO `words` VALUES ('1864', 'choose', '选择，挑选；情愿', '2');
INSERT INTO `words` VALUES ('1865', 'meanwhile', '同时，当时', '2');
INSERT INTO `words` VALUES ('1866', 'exclude', '把…排除在外', '2');
INSERT INTO `words` VALUES ('1867', 'convenience', '便利，方便；厕所', '2');
INSERT INTO `words` VALUES ('1868', 'rank', '排，横行；社会阶层', '2');
INSERT INTO `words` VALUES ('1869', 'nowadays', '现今，现在', '2');
INSERT INTO `words` VALUES ('1870', 'fall', '落下；跌倒；陷落', '2');
INSERT INTO `words` VALUES ('1871', 'furious', '狂怒的；狂暴的', '2');
INSERT INTO `words` VALUES ('1872', 'tap', '轻叩', '2');
INSERT INTO `words` VALUES ('1873', 'immediate', '立即的；直接的', '2');
INSERT INTO `words` VALUES ('1874', 'bruise', '青肿，伤痕；擦伤', '2');
INSERT INTO `words` VALUES ('1875', 'be', '是；在', '2');
INSERT INTO `words` VALUES ('1876', 'politics', '政治，政纲；政治学', '2');
INSERT INTO `words` VALUES ('1877', 'define', '给…下定义；限定', '2');
INSERT INTO `words` VALUES ('1878', 'heavily', '重重地；大量地', '2');
INSERT INTO `words` VALUES ('1879', 'pat', '轻拍', '2');
INSERT INTO `words` VALUES ('1880', 'dose', '剂量，用量；一剂', '2');
INSERT INTO `words` VALUES ('1881', 'operate', '操作；施行手术', '2');
INSERT INTO `words` VALUES ('1882', 'observe', '看到；遵守；说', '2');
INSERT INTO `words` VALUES ('1883', 'auxiliary', '辅助的', '2');
INSERT INTO `words` VALUES ('1884', 'proportion', '部分；比，比率', '2');
INSERT INTO `words` VALUES ('1885', 'record', '记录；履历', '2');
INSERT INTO `words` VALUES ('1886', 'groan', '哼，呻吟', '2');
INSERT INTO `words` VALUES ('1887', 'faith', '信任，信心；信仰', '2');
INSERT INTO `words` VALUES ('1888', 'meat', '肉', '2');
INSERT INTO `words` VALUES ('1889', 'harden', '使变硬', '2');
INSERT INTO `words` VALUES ('1890', 'particular', '特定的；特殊的', '2');
INSERT INTO `words` VALUES ('1891', 'arm', '臂；臂状物；武器', '2');
INSERT INTO `words` VALUES ('1892', 'lip', '嘴唇', '2');
INSERT INTO `words` VALUES ('1893', 'fable', '寓言；虚构的故事', '2');
INSERT INTO `words` VALUES ('1894', 'excuse', '原谅；免除', '2');
INSERT INTO `words` VALUES ('1895', 'discharge', '释放；排出', '2');
INSERT INTO `words` VALUES ('1896', 'cellar', '地窑，地下室', '2');
INSERT INTO `words` VALUES ('1897', 'noisy', '喧闹的；嘈杂的', '2');
INSERT INTO `words` VALUES ('1898', 'systematic', '有系统的；有计划的', '2');
INSERT INTO `words` VALUES ('1899', 'trail', '小径；痕迹', '2');
INSERT INTO `words` VALUES ('1900', 'her', '（宾格）她', '2');
INSERT INTO `words` VALUES ('1901', 'rather', '相当；宁可，宁愿', '2');
INSERT INTO `words` VALUES ('1902', 'liquid', '液体', '2');
INSERT INTO `words` VALUES ('1903', 'indirect', '间接的；不坦率的', '2');
INSERT INTO `words` VALUES ('1904', 'meantime', '其时，其间', '2');
INSERT INTO `words` VALUES ('1905', 'portion', '一部分；一份', '2');
INSERT INTO `words` VALUES ('1906', 'dinner', '正餐，主餐；宴会', '2');
INSERT INTO `words` VALUES ('1907', 'distribution', '分发，分配；分布', '2');
INSERT INTO `words` VALUES ('1908', 'African', '非洲的', '2');
INSERT INTO `words` VALUES ('1909', 'emphasize', '强调，着重', '2');
INSERT INTO `words` VALUES ('1910', 'kill', '杀死；扼杀；消磨', '2');
INSERT INTO `words` VALUES ('1911', 'cough', '咳，咳嗽', '2');
INSERT INTO `words` VALUES ('1912', 'restraint', '抑制；遏制；克制', '2');
INSERT INTO `words` VALUES ('1913', 'composition', '构成；作品；写作', '2');
INSERT INTO `words` VALUES ('1914', 'porter', '搬运工人', '2');
INSERT INTO `words` VALUES ('1915', 'verify', '证实，查证；证明', '2');
INSERT INTO `words` VALUES ('1916', 'it', '这，那，它', '2');
INSERT INTO `words` VALUES ('1917', 'comb', '梳子', '2');
INSERT INTO `words` VALUES ('1918', 'conquest', '攻取，征服；克服', '2');
INSERT INTO `words` VALUES ('1919', 'bristle', '短而硬的毛；鬃毛', '2');
INSERT INTO `words` VALUES ('1920', 'especially', '尤其；特别，格外', '2');
INSERT INTO `words` VALUES ('1921', 'absent', '不在场的；缺乏的', '2');
INSERT INTO `words` VALUES ('1922', 'bottle', '瓶，酒瓶；一瓶', '2');
INSERT INTO `words` VALUES ('1923', 'crush', '压碎，碾碎；镇压', '2');
INSERT INTO `words` VALUES ('1924', 'delegation', '代表团', '2');
INSERT INTO `words` VALUES ('1925', 'ourselves', '我们自己', '2');
INSERT INTO `words` VALUES ('1926', 'civilization', '文明，文化；开化', '2');
INSERT INTO `words` VALUES ('1927', 'objective', '客观的；无偏见的', '2');
INSERT INTO `words` VALUES ('1928', 'sulphur', '硫（磺），硫黄', '2');
INSERT INTO `words` VALUES ('1929', 'request', '请求，要求', '2');
INSERT INTO `words` VALUES ('1930', 'talent', '才能；天才；人才', '2');
INSERT INTO `words` VALUES ('1931', 'physical', '物质的；物理的', '2');
INSERT INTO `words` VALUES ('1932', 'appliance', '用具，器具，器械', '2');
INSERT INTO `words` VALUES ('1933', 'inspection', '检阅；检查，审查', '2');
INSERT INTO `words` VALUES ('1934', 'bang', '巨响，枪声；猛击', '2');
INSERT INTO `words` VALUES ('1935', 'reflect', '反射；反映；思考', '2');
INSERT INTO `words` VALUES ('1936', 'happiness', '幸福，幸运；快乐', '2');
INSERT INTO `words` VALUES ('1937', 'attention', '注意，留心；注意力', '2');
INSERT INTO `words` VALUES ('1938', 'January', '一月', '2');
INSERT INTO `words` VALUES ('1939', 'venture', '冒险', '2');
INSERT INTO `words` VALUES ('1940', 'input', '输入；投入的资金', '2');
INSERT INTO `words` VALUES ('1941', 'roar', '吼叫；呼喊', '2');
INSERT INTO `words` VALUES ('1942', 'faithful', '忠诚的；如实的', '2');
INSERT INTO `words` VALUES ('1943', 'monkey', '猴子，猿', '2');
INSERT INTO `words` VALUES ('1944', 'behalf', '代表某人', '2');
INSERT INTO `words` VALUES ('1945', 'operator', '接线员；操作人员', '2');
INSERT INTO `words` VALUES ('1946', 'humble', '谦逊的；地位低下的', '2');
INSERT INTO `words` VALUES ('1947', 'manufacturer', '制造商；制造厂', '2');
INSERT INTO `words` VALUES ('1948', 'mug', '大杯', '2');
INSERT INTO `words` VALUES ('1949', 'goat', '山羊', '2');
INSERT INTO `words` VALUES ('1950', 'democracy', '民主制；民主', '2');
INSERT INTO `words` VALUES ('1951', 'represent', '代表；象征；描绘', '2');
INSERT INTO `words` VALUES ('1952', 'accustom', '使习惯', '2');
INSERT INTO `words` VALUES ('1953', 'city', '城市，都市', '2');
INSERT INTO `words` VALUES ('1954', 'spoil', '损坏，糟蹋；宠坏', '2');
INSERT INTO `words` VALUES ('1955', 'packet', '小包（裹），小捆', '2');
INSERT INTO `words` VALUES ('1956', 'object', '物，物体；目的', '2');
INSERT INTO `words` VALUES ('1957', 'rate', '比率；速度；价格', '2');
INSERT INTO `words` VALUES ('1958', 'American', '美洲的', '2');
INSERT INTO `words` VALUES ('1959', 'pull', '拉，拖', '2');
INSERT INTO `words` VALUES ('1960', 'mixture', '混合；混合物', '2');
INSERT INTO `words` VALUES ('1961', 'October', '十月', '2');
INSERT INTO `words` VALUES ('1962', 'pigeon', '鸽子', '2');
INSERT INTO `words` VALUES ('1963', 'conversely', '相反地', '2');
INSERT INTO `words` VALUES ('1964', 'multiply', '乘；使增加', '2');
INSERT INTO `words` VALUES ('1965', 'divorce', '离婚，离异', '2');
INSERT INTO `words` VALUES ('1966', 'tray', '托盘，碟；（浅）盘', '2');
INSERT INTO `words` VALUES ('1967', 'contrast', '对比，对照，悬殊', '2');
INSERT INTO `words` VALUES ('1968', 'mad', '发疯的；恼火的', '2');
INSERT INTO `words` VALUES ('1969', 'sacrifice', '牺牲；献祭', '2');
INSERT INTO `words` VALUES ('1970', 'various', '各种各样的，不同的', '2');
INSERT INTO `words` VALUES ('1971', 'stuff', '东西', '2');
INSERT INTO `words` VALUES ('1972', 'rely', '依赖，依靠；信赖', '2');
INSERT INTO `words` VALUES ('1973', 'diameter', '直径', '2');
INSERT INTO `words` VALUES ('1974', 'boss', '老板，上司', '2');
INSERT INTO `words` VALUES ('1975', 'dying', '垂死的；临终的', '2');
INSERT INTO `words` VALUES ('1976', 'indeed', '确实；真正地', '2');
INSERT INTO `words` VALUES ('1977', 'ignorant', '不知道的；无知的', '2');
INSERT INTO `words` VALUES ('1978', 'occasionally', '偶然；非经常地', '2');
INSERT INTO `words` VALUES ('1979', 'decent', '体面的；正派的', '2');
INSERT INTO `words` VALUES ('1980', 'human', '人的，人类的', '2');
INSERT INTO `words` VALUES ('1981', 'glitter', '闪闪发光', '2');
INSERT INTO `words` VALUES ('1982', 'receipt', '收条，收据；收到', '2');
INSERT INTO `words` VALUES ('1983', 'adventure', '冒险；惊险活动', '2');
INSERT INTO `words` VALUES ('1984', 'lover', '情人；情侣；爱好者', '2');
INSERT INTO `words` VALUES ('1985', 'infant', '婴儿', '2');
INSERT INTO `words` VALUES ('1986', 'muddy', '多泥的，泥泞的', '2');
INSERT INTO `words` VALUES ('1987', 'beast', '兽，野兽', '2');
INSERT INTO `words` VALUES ('1988', 'faint', '微弱的；虚弱的', '2');
INSERT INTO `words` VALUES ('1989', 'alarm', '警报；惊恐，忧虑', '2');
INSERT INTO `words` VALUES ('1990', 'convention', '习俗，惯例；公约', '2');
INSERT INTO `words` VALUES ('1991', 'durable', '耐久的，耐用的', '2');
INSERT INTO `words` VALUES ('1992', 'bed', '床，床位；圃；河床', '2');
INSERT INTO `words` VALUES ('1993', 'silent', '寂静无声的；沉默的', '2');
INSERT INTO `words` VALUES ('1994', 'dislike', '不喜爱，厌恶', '2');
INSERT INTO `words` VALUES ('1995', 'greatly', '大大地，非常', '2');
INSERT INTO `words` VALUES ('1996', 'quotation', '引用；引文；报价单', '2');
INSERT INTO `words` VALUES ('1997', 'pity', '遗憾；怜悯', '2');
INSERT INTO `words` VALUES ('1998', 'border', '边，边缘；边界', '2');
INSERT INTO `words` VALUES ('1999', 'panel', '专门小组；面，板', '2');
INSERT INTO `words` VALUES ('2000', 'wrap', '裹，包，捆', '2');
INSERT INTO `words` VALUES ('2001', 'passage', '通路，通道；通过', '2');
INSERT INTO `words` VALUES ('2002', 'waken', '醒来；弄醒', '2');
INSERT INTO `words` VALUES ('2003', 'care', '介意；关心', '2');
INSERT INTO `words` VALUES ('2004', 'major', '较大的', '2');
INSERT INTO `words` VALUES ('2005', 'organic', '有机体的；器官的', '2');
INSERT INTO `words` VALUES ('2006', 'easy', '容易的；安逸的', '2');
INSERT INTO `words` VALUES ('2007', 'improve', '改善；使更好', '2');
INSERT INTO `words` VALUES ('2008', 'hi', '嗨（表示问候等）', '2');
INSERT INTO `words` VALUES ('2009', 'tissue', '薄绢；薄纸；组织', '2');
INSERT INTO `words` VALUES ('2010', 'vigorous', '朝气蓬勃的', '2');
INSERT INTO `words` VALUES ('2011', 'fancy', '想象力；设想；爱好', '2');
INSERT INTO `words` VALUES ('2012', 'income', '收入；收益；进款', '2');
INSERT INTO `words` VALUES ('2013', 'knot', '（绳的）结；（树的）节', '2');
INSERT INTO `words` VALUES ('2014', 'construction', '建造；建筑；建筑物', '2');
INSERT INTO `words` VALUES ('2015', 'inquire', '打听，询问；调查', '2');
INSERT INTO `words` VALUES ('2016', 'spark', '火花，火星', '2');
INSERT INTO `words` VALUES ('2017', 'aside', '在旁边，到旁边', '2');
INSERT INTO `words` VALUES ('2018', 'stripe', '条纹，条子', '2');
INSERT INTO `words` VALUES ('2019', 'meter', '计量器；计，表', '2');
INSERT INTO `words` VALUES ('2020', 'frequent', '时常发生的；经常的', '2');
INSERT INTO `words` VALUES ('2021', 'pure', '纯粹的；纯洁的', '2');
INSERT INTO `words` VALUES ('2022', 'beyond', '在…的那边', '2');
INSERT INTO `words` VALUES ('2023', 'eager', '渴望的，热切的', '2');
INSERT INTO `words` VALUES ('2024', 'fox', '狐狸；狡猾的人', '2');
INSERT INTO `words` VALUES ('2025', 'penny', '（英）便士；（美）分', '2');
INSERT INTO `words` VALUES ('2026', 'infer', '推论，推断；猜想', '2');
INSERT INTO `words` VALUES ('2027', 'steam', '蒸汽', '2');
INSERT INTO `words` VALUES ('2028', 'file', '档案', '2');
INSERT INTO `words` VALUES ('2029', 'midnight', '午夜，子夜，夜半', '2');
INSERT INTO `words` VALUES ('2030', 'scientific', '科学（上）的', '2');
INSERT INTO `words` VALUES ('2031', 'oil', '油；石油', '2');
INSERT INTO `words` VALUES ('2032', 'instruct', '指示；教；通知', '2');
INSERT INTO `words` VALUES ('2033', 'protest', '抗议', '2');
INSERT INTO `words` VALUES ('2034', 'cancer', '癌，癌症，肿瘤', '2');
INSERT INTO `words` VALUES ('2035', 'instantly', '立即，即刻', '2');
INSERT INTO `words` VALUES ('2036', 'Chinese', '中国的', '2');
INSERT INTO `words` VALUES ('2037', 'remedy', '治疗；补救', '2');
INSERT INTO `words` VALUES ('2038', 'good', '好的；有本事的', '2');
INSERT INTO `words` VALUES ('2039', 'method', '方法，办法；教学法', '2');
INSERT INTO `words` VALUES ('2040', 'monthly', '每月的', '2');
INSERT INTO `words` VALUES ('2041', 'dream', '梦；梦想', '2');
INSERT INTO `words` VALUES ('2042', 'load', '装；装满', '2');
INSERT INTO `words` VALUES ('2043', 'fuel', '燃料', '2');
INSERT INTO `words` VALUES ('2044', 'modern', '现代的，近代的', '2');
INSERT INTO `words` VALUES ('2045', 'common', '普通的；共同的', '2');
INSERT INTO `words` VALUES ('2046', 'recommend', '劝告；推荐，介绍', '2');
INSERT INTO `words` VALUES ('2047', 'produce', '产生；生产；展现', '2');
INSERT INTO `words` VALUES ('2048', 'definition', '定义，释义；定界', '2');
INSERT INTO `words` VALUES ('2049', 'castle', '城堡；巨大建筑物', '2');
INSERT INTO `words` VALUES ('2050', 'supreme', '最高的；最大的', '2');
INSERT INTO `words` VALUES ('2051', 'ask', '问；要求；邀请', '2');
INSERT INTO `words` VALUES ('2052', 'dumb', '哑的；无言的', '2');
INSERT INTO `words` VALUES ('2053', 'pin', '针，饰针', '2');
INSERT INTO `words` VALUES ('2054', 'attain', '获得；达到', '2');
INSERT INTO `words` VALUES ('2055', 'curtain', '帘，窗帘；幕（布）', '2');
INSERT INTO `words` VALUES ('2056', 'raise', '举起；引起；提高', '2');
INSERT INTO `words` VALUES ('2057', 'fog', '雾；烟雾，尘雾', '2');
INSERT INTO `words` VALUES ('2058', 'rotten', '腐烂的，发臭的', '2');
INSERT INTO `words` VALUES ('2059', 'mysterious', '神秘的；难以理解的', '2');
INSERT INTO `words` VALUES ('2060', 'diary', '日记，日记簿', '2');
INSERT INTO `words` VALUES ('2061', 'survive', '幸免于；活下来', '2');
INSERT INTO `words` VALUES ('2062', 'bicycle', '自行车，脚踏车', '2');
INSERT INTO `words` VALUES ('2063', 'sausage', '香肠，腊肠', '2');
INSERT INTO `words` VALUES ('2064', 'attack', '攻击，进攻', '2');
INSERT INTO `words` VALUES ('2065', 'saw', '锯子', '2');
INSERT INTO `words` VALUES ('2066', 'indication', '指示；表示；表明', '2');
INSERT INTO `words` VALUES ('2067', 'attempt', '尝试，试图', '2');
INSERT INTO `words` VALUES ('2068', 'submarine', '水下的', '2');
INSERT INTO `words` VALUES ('2069', 'revolution', '革命；旋转，绕转', '2');
INSERT INTO `words` VALUES ('2070', 'overseas', '海外', '2');
INSERT INTO `words` VALUES ('2071', 'oriental', '东方的；东方国家的', '2');
INSERT INTO `words` VALUES ('2072', 'for', '给；为；因为', '2');
INSERT INTO `words` VALUES ('2073', 'manufacture', '制造', '2');
INSERT INTO `words` VALUES ('2074', 'healthy', '健康的；有益健康的', '2');
INSERT INTO `words` VALUES ('2075', 'multiple', '多的；多种的', '2');
INSERT INTO `words` VALUES ('2076', 'cock', '公鸡；雄禽；旋塞', '2');
INSERT INTO `words` VALUES ('2077', 'actress', '女演员', '2');
INSERT INTO `words` VALUES ('2078', 'strap', '带子', '2');
INSERT INTO `words` VALUES ('2079', 'economic', '经济的，经济学的', '2');
INSERT INTO `words` VALUES ('2080', 'solution', '解决，解答；溶解', '2');
INSERT INTO `words` VALUES ('2081', 'barrel', '桶；圆筒；枪管', '2');
INSERT INTO `words` VALUES ('2082', 'hand', '手；指针', '2');
INSERT INTO `words` VALUES ('2083', 'partly', '部分地，不完全地', '2');
INSERT INTO `words` VALUES ('2084', 'paw', '脚爪，爪子', '2');
INSERT INTO `words` VALUES ('2085', 'upset', '弄翻，打翻，倾覆', '2');
INSERT INTO `words` VALUES ('2086', 'plunge', '使投入；使陷入', '2');
INSERT INTO `words` VALUES ('2087', 'injury', '损害，伤害；受伤处', '2');
INSERT INTO `words` VALUES ('2088', 'hopeless', '没有希望的；绝望的', '2');
INSERT INTO `words` VALUES ('2089', 'escape', '逃跑；逸出', '2');
INSERT INTO `words` VALUES ('2090', 'philosophy', '哲学；哲理；人生观', '2');
INSERT INTO `words` VALUES ('2091', 'thrive', '兴旺，繁荣，旺盛', '2');
INSERT INTO `words` VALUES ('2092', 'fireman', '消防队员', '2');
INSERT INTO `words` VALUES ('2093', 'awfully', '令人畏惧的；很', '2');
INSERT INTO `words` VALUES ('2094', 'golden', '金色的；极好的', '2');
INSERT INTO `words` VALUES ('2095', 'technical', '技术的，工艺的', '2');
INSERT INTO `words` VALUES ('2096', 'carrot', '胡萝卜', '2');
INSERT INTO `words` VALUES ('2097', 'concerning', '关于', '2');
INSERT INTO `words` VALUES ('2098', 'lot', '许多，大量', '2');
INSERT INTO `words` VALUES ('2099', 'unlikely', '未必的，未必可能的', '2');
INSERT INTO `words` VALUES ('2100', 'liar', '说谎的人', '2');
INSERT INTO `words` VALUES ('2101', 'family', '家，家庭；家族', '2');
INSERT INTO `words` VALUES ('2102', 'hay', '干草', '2');
INSERT INTO `words` VALUES ('2103', 'stress', '压力；重音', '2');
INSERT INTO `words` VALUES ('2104', 'many', '许多的', '2');
INSERT INTO `words` VALUES ('2105', 'goal', '目的；球门；得分', '2');
INSERT INTO `words` VALUES ('2106', 'indefinite', '不明确的；不定的', '2');
INSERT INTO `words` VALUES ('2107', 'inner', '内部的；内心的', '2');
INSERT INTO `words` VALUES ('2108', 'bear', '熊；粗鲁的人', '2');
INSERT INTO `words` VALUES ('2109', 'pretty', '漂亮的，标致的', '2');
INSERT INTO `words` VALUES ('2110', 'therefore', '因此，所以', '2');
INSERT INTO `words` VALUES ('2111', 'goose', '鹅；雌鹅', '2');
INSERT INTO `words` VALUES ('2112', 'afford', '担负得起…；提供', '2');
INSERT INTO `words` VALUES ('2113', 'pupil', '学生，小学生', '2');
INSERT INTO `words` VALUES ('2114', 'dairy', '牛奶场', '2');
INSERT INTO `words` VALUES ('2115', 'boundary', '分界线，边界', '2');
INSERT INTO `words` VALUES ('2116', 'afterward', '后来，以后', '2');
INSERT INTO `words` VALUES ('2117', 'fan', '（运动等）狂热爱好者', '2');
INSERT INTO `words` VALUES ('2118', 'election', '选举；当选', '2');
INSERT INTO `words` VALUES ('2119', 'wheat', '小麦', '2');
INSERT INTO `words` VALUES ('2120', 'plant', '植物；工厂', '2');
INSERT INTO `words` VALUES ('2121', 'page', '页', '2');
INSERT INTO `words` VALUES ('2122', 'spite', '不顾；恶意，怨恨', '2');
INSERT INTO `words` VALUES ('2123', 'relationship', '关系；联系', '2');
INSERT INTO `words` VALUES ('2124', 'grape', '葡萄；葡萄藤', '2');
INSERT INTO `words` VALUES ('2125', 'restrain', '抑制，遏制；限制', '2');
INSERT INTO `words` VALUES ('2126', 'dimension', '尺寸，尺度；面积', '2');
INSERT INTO `words` VALUES ('2127', 'saucer', '茶托，浅碟', '2');
INSERT INTO `words` VALUES ('2128', 'observer', '观察员，观测者', '2');
INSERT INTO `words` VALUES ('2129', 'hero', '英雄；勇士；男主角', '2');
INSERT INTO `words` VALUES ('2130', 'happen', '发生；碰巧，恰好', '2');
INSERT INTO `words` VALUES ('2131', 'kick', '踢', '2');
INSERT INTO `words` VALUES ('2132', 'jet', '喷气式飞机；喷嘴', '2');
INSERT INTO `words` VALUES ('2133', 'chemistry', '化学', '2');
INSERT INTO `words` VALUES ('2134', 'interaction', '相互作用；干扰', '2');
INSERT INTO `words` VALUES ('2135', 'evil', '祸害；邪恶', '2');
INSERT INTO `words` VALUES ('2136', 'sponsor', '发起者', '2');
INSERT INTO `words` VALUES ('2137', 'gown', '长袍，长外衣', '2');
INSERT INTO `words` VALUES ('2138', 'shot', '发射；弹丸；射门', '2');
INSERT INTO `words` VALUES ('2139', 'gay', '快乐的；鲜明的', '2');
INSERT INTO `words` VALUES ('2140', 'obstacle', '障碍，妨害；障碍物', '2');
INSERT INTO `words` VALUES ('2141', 'sometime', '在某一时候；从前', '2');
INSERT INTO `words` VALUES ('2142', 'satisfactory', '令人满意的，良好的', '2');
INSERT INTO `words` VALUES ('2143', 'particularly', '特别，尤其，格外', '2');
INSERT INTO `words` VALUES ('2144', 'distribute', '分发，分送；分布', '2');
INSERT INTO `words` VALUES ('2145', 'reason', '理由；理性', '2');
INSERT INTO `words` VALUES ('2146', 'cross', '穿过；使交叉', '2');
INSERT INTO `words` VALUES ('2147', 'development', '发展；生长；开发', '2');
INSERT INTO `words` VALUES ('2148', 'sour', '酸的；脾气坏的', '2');
INSERT INTO `words` VALUES ('2149', 'disadvantage', '不利，不利地位', '2');
INSERT INTO `words` VALUES ('2150', 'flush', '（脸）发红', '2');
INSERT INTO `words` VALUES ('2151', 'minor', '较小的；较次要的', '2');
INSERT INTO `words` VALUES ('2152', 'canvas', '粗帆布；一块油画布', '2');
INSERT INTO `words` VALUES ('2153', 'medical', '医学的；内科的', '2');
INSERT INTO `words` VALUES ('2154', 'economical', '节约的；经济的', '2');
INSERT INTO `words` VALUES ('2155', 'could', '能，会，可以（can的过去式）', '2');
INSERT INTO `words` VALUES ('2156', 'oppress', '压迫，压制；压抑', '2');
INSERT INTO `words` VALUES ('2157', 'acute', '敏锐的', '2');
INSERT INTO `words` VALUES ('2158', 'Latin', '拉丁的', '2');
INSERT INTO `words` VALUES ('2159', 'rough', '表面不平的；粗略的', '2');
INSERT INTO `words` VALUES ('2160', 'merchant', '商人；零售商', '2');
INSERT INTO `words` VALUES ('2161', 'other', '另外的；其余的', '2');
INSERT INTO `words` VALUES ('2162', 'progressive', '进步的；向前进的', '2');
INSERT INTO `words` VALUES ('2163', 'heal', '治愈；使和解', '2');
INSERT INTO `words` VALUES ('2164', 'competition', '竞争；比赛', '2');
INSERT INTO `words` VALUES ('2165', 'court', '法院，法庭；庭院', '2');
INSERT INTO `words` VALUES ('2166', 'drink', '饮', '2');
INSERT INTO `words` VALUES ('2167', 'ball', '球；球状物；舞会', '2');
INSERT INTO `words` VALUES ('2168', 'organize', '组织；编组', '2');
INSERT INTO `words` VALUES ('2169', 'remain', '剩下，余留；保持', '2');
INSERT INTO `words` VALUES ('2170', 'chart', '图，图表；海图', '2');
INSERT INTO `words` VALUES ('2171', 'interference', '干涉，干预；阻碍', '2');
INSERT INTO `words` VALUES ('2172', 'dock', '船坞；码头', '2');
INSERT INTO `words` VALUES ('2173', 'anchor', '锚', '2');
INSERT INTO `words` VALUES ('2174', 'breast', '乳房；胸脯，胸膛', '2');
INSERT INTO `words` VALUES ('2175', 'glance', '看一下', '2');
INSERT INTO `words` VALUES ('2176', 'announce', '宣布，宣告，发表', '2');
INSERT INTO `words` VALUES ('2177', 'join', '参加；连接', '2');
INSERT INTO `words` VALUES ('2178', 'poor', '贫穷的；贫乏的', '2');
INSERT INTO `words` VALUES ('2179', 'reference', '参考；提及', '2');
INSERT INTO `words` VALUES ('2180', 'delete', '删除；擦掉', '2');
INSERT INTO `words` VALUES ('2181', 'digest', '消化；领会', '2');
INSERT INTO `words` VALUES ('2182', 'great', '大的；伟大的', '2');
INSERT INTO `words` VALUES ('2183', 'nut', '坚果，干果；螺母', '2');
INSERT INTO `words` VALUES ('2184', 'gun', '枪，炮，手枪', '2');
INSERT INTO `words` VALUES ('2185', 'urge', '催促；推进', '2');
INSERT INTO `words` VALUES ('2186', 'but', '但是，可是', '2');
INSERT INTO `words` VALUES ('2187', 'ought', '应当，应该', '2');
INSERT INTO `words` VALUES ('2188', 'impossible', '不可能的，办不到的', '2');
INSERT INTO `words` VALUES ('2189', 'real', '真的；现实的', '2');
INSERT INTO `words` VALUES ('2190', 'score', '得分，比数；成绩', '2');
INSERT INTO `words` VALUES ('2191', 'devise', '设计，发明', '2');
INSERT INTO `words` VALUES ('2192', 'equipment', '装备，设备；配备', '2');
INSERT INTO `words` VALUES ('2193', 'luck', '好运，幸运；运气', '2');
INSERT INTO `words` VALUES ('2194', 'absolutely', '完全地；绝对地', '2');
INSERT INTO `words` VALUES ('2195', 'queue', '行列', '2');
INSERT INTO `words` VALUES ('2196', 'rural', '农村的，田园的', '2');
INSERT INTO `words` VALUES ('2197', 'office', '办公室；处，局，社', '2');
INSERT INTO `words` VALUES ('2198', 'sore', '痛的；恼火的', '2');
INSERT INTO `words` VALUES ('2199', 'confuse', '使混乱，混淆', '2');
INSERT INTO `words` VALUES ('2200', 'neighbourhood', '附近地区（的居民）；邻近', '2');
INSERT INTO `words` VALUES ('2201', 'Japanese', '日本的', '2');
INSERT INTO `words` VALUES ('2202', 'fulfil', '履行；满足；完成', '2');
INSERT INTO `words` VALUES ('2203', 'chocolate', '巧克力；巧克力糖', '2');
INSERT INTO `words` VALUES ('2204', 'chicken', '鸡；鸡肉', '2');
INSERT INTO `words` VALUES ('2205', 'limited', '有限的', '2');
INSERT INTO `words` VALUES ('2206', 'kilometre', '千米，公里', '2');
INSERT INTO `words` VALUES ('2207', 'separate', '分离的；个别的', '2');
INSERT INTO `words` VALUES ('2208', 'campus', '校园，学校场地', '2');
INSERT INTO `words` VALUES ('2209', 'blanket', '毛毯，毯子，羊毛毯', '2');
INSERT INTO `words` VALUES ('2210', 'frequently', '时常，常常', '2');
INSERT INTO `words` VALUES ('2211', 'thermometer', '温度计，寒暑表', '2');
INSERT INTO `words` VALUES ('2212', 'undoubtedly', '无容置疑，肯定地', '2');
INSERT INTO `words` VALUES ('2213', 'market', '市场；集市；销路', '2');
INSERT INTO `words` VALUES ('2214', 'big', '大的，巨大的', '2');
INSERT INTO `words` VALUES ('2215', 'half', '半，一半', '2');
INSERT INTO `words` VALUES ('2216', 'blade', '刀刃，刀片；叶片', '2');
INSERT INTO `words` VALUES ('2217', 'afraid', '害怕的；担心的', '2');
INSERT INTO `words` VALUES ('2218', 'cinema', '电影院；电影，影片', '2');
INSERT INTO `words` VALUES ('2219', 'stiff', '硬的；僵直的', '2');
INSERT INTO `words` VALUES ('2220', 'librarian', '图书馆馆长', '2');
INSERT INTO `words` VALUES ('2221', 'lamp', '灯', '2');
INSERT INTO `words` VALUES ('2222', 'hostile', '不友善的；敌方的', '2');
INSERT INTO `words` VALUES ('2223', 'line', '线；线条；排；路线', '2');
INSERT INTO `words` VALUES ('2224', 'extensive', '广阔的；广泛的', '2');
INSERT INTO `words` VALUES ('2225', 'bet', '打赌', '2');
INSERT INTO `words` VALUES ('2226', 'prove', '证明；结果是', '2');
INSERT INTO `words` VALUES ('2227', 'sway', '摇动', '2');
INSERT INTO `words` VALUES ('2228', 'locomotive', '火车头，机车', '2');
INSERT INTO `words` VALUES ('2229', 'along', '沿着', '2');
INSERT INTO `words` VALUES ('2230', 'oven', '炉，灶；烘箱', '2');
INSERT INTO `words` VALUES ('2231', 'bury', '埋葬，葬；埋藏', '2');
INSERT INTO `words` VALUES ('2232', 'arrow', '箭；箭状物；〔指示方向的〕箭号，箭头（符号）', '2');
INSERT INTO `words` VALUES ('2233', 'green', '绿色的', '2');
INSERT INTO `words` VALUES ('2234', 'logic', '逻辑，推理；逻辑性', '2');
INSERT INTO `words` VALUES ('2235', 'fluid', '流体，液体', '2');
INSERT INTO `words` VALUES ('2236', 'press', '压，按；按，揿；催促', '2');
INSERT INTO `words` VALUES ('2237', 'firm', '商行，商号，公司', '2');
INSERT INTO `words` VALUES ('2238', 'funeral', '葬礼，丧礼，丧葬', '2');
INSERT INTO `words` VALUES ('2239', 'compile', '编辑，编制，搜集', '2');
INSERT INTO `words` VALUES ('2240', 'grey', '灰色的', '2');
INSERT INTO `words` VALUES ('2241', 'claw', '爪，脚爪，螯', '2');
INSERT INTO `words` VALUES ('2242', 'fluent', '流利的，流畅的', '2');
INSERT INTO `words` VALUES ('2243', 'prominent', '突出的；凸起的', '2');
INSERT INTO `words` VALUES ('2244', 'bitterly', '苦苦地；悲痛地', '2');
INSERT INTO `words` VALUES ('2245', 'dissatisfy', '使不满，使不平', '2');
INSERT INTO `words` VALUES ('2246', 'embrace', '拥抱；包括', '2');
INSERT INTO `words` VALUES ('2247', 'defence', '防御；防务；辩护', '2');
INSERT INTO `words` VALUES ('2248', 'trade', '贸易；职业', '2');
INSERT INTO `words` VALUES ('2249', 'owe', '欠；应把…归功于', '2');
INSERT INTO `words` VALUES ('2250', 'gray', '灰色的', '2');
INSERT INTO `words` VALUES ('2251', 'digital', '数字的，计数的', '2');
INSERT INTO `words` VALUES ('2252', 'gradually', '逐渐地，逐步地', '2');
INSERT INTO `words` VALUES ('2253', 'ax', '斧子', '2');
INSERT INTO `words` VALUES ('2254', 'estimate', '估计，评价', '2');
INSERT INTO `words` VALUES ('2255', 'avoid', '避免；躲开', '2');
INSERT INTO `words` VALUES ('2256', 'acceleration', '加速；加速度', '2');
INSERT INTO `words` VALUES ('2257', 'also', '而且，还；亦，也', '2');
INSERT INTO `words` VALUES ('2258', 'subway', '地道；地下铁路', '2');
INSERT INTO `words` VALUES ('2259', 'circumference', '圆周，周长，圆周线', '2');
INSERT INTO `words` VALUES ('2260', 'seek', '寻找，探索；试图', '2');
INSERT INTO `words` VALUES ('2261', 'require', '需要；要求，命令', '2');
INSERT INTO `words` VALUES ('2262', 'bounce', '反跳，弹起；跳起', '2');
INSERT INTO `words` VALUES ('2263', 'minister', '部长，大臣；公使', '2');
INSERT INTO `words` VALUES ('2264', 'miracle', '奇迹，令人惊奇的人', '2');
INSERT INTO `words` VALUES ('2265', 'clothe', '给…穿衣服', '2');
INSERT INTO `words` VALUES ('2266', 'newly', '新近，最近', '2');
INSERT INTO `words` VALUES ('2267', 'confidence', '信任；信赖；信心', '2');
INSERT INTO `words` VALUES ('2268', 'lack', '缺乏，不足', '2');
INSERT INTO `words` VALUES ('2269', 'bureau', '局，司，处；社，所', '2');
INSERT INTO `words` VALUES ('2270', 'detection', '察觉，发觉；侦察', '2');
INSERT INTO `words` VALUES ('2271', 'jury', '陪审团；评奖团', '2');
INSERT INTO `words` VALUES ('2272', 'difference', '差别；差；分歧', '2');
INSERT INTO `words` VALUES ('2273', 'hope', '希望', '2');
INSERT INTO `words` VALUES ('2274', 'grant', '授给物', '2');
INSERT INTO `words` VALUES ('2275', 'insufficient', '不足的；不适当的', '2');
INSERT INTO `words` VALUES ('2276', 'cheerful', '快乐的，愉快的', '2');
INSERT INTO `words` VALUES ('2277', 'committee', '委员会；全体委员', '2');
INSERT INTO `words` VALUES ('2278', 'east', '东；东部', '2');
INSERT INTO `words` VALUES ('2279', 'pronunciation', '发音，发音法', '2');
INSERT INTO `words` VALUES ('2280', 'photo', '照片，相片', '2');
INSERT INTO `words` VALUES ('2281', 'occupation', '职业；占领，占据', '2');
INSERT INTO `words` VALUES ('2282', 'document', '公文，文件；证件', '2');
INSERT INTO `words` VALUES ('2283', 'popular', '流行的；民众的', '2');
INSERT INTO `words` VALUES ('2284', 'resume', '重新开始；恢复', '2');
INSERT INTO `words` VALUES ('2285', 'eyesight', '视力，目力', '2');
INSERT INTO `words` VALUES ('2286', 'canal', '运河；沟渠；管', '2');
INSERT INTO `words` VALUES ('2287', 'obviously', '明显地，显然地', '2');
INSERT INTO `words` VALUES ('2288', 'please', '使高兴，请满意', '2');
INSERT INTO `words` VALUES ('2289', 'breeze', '微风，和风', '2');
INSERT INTO `words` VALUES ('2290', 'mechanic', '技工，机械，机修工', '2');
INSERT INTO `words` VALUES ('2291', 'beside', '在…旁边', '2');
INSERT INTO `words` VALUES ('2292', 'lid', '盖子，盖，囊盖', '2');
INSERT INTO `words` VALUES ('2293', 'percent', '百分之…', '2');
INSERT INTO `words` VALUES ('2294', 'Englishman', '英国男子', '2');
INSERT INTO `words` VALUES ('2295', 'mature', '成熟的', '2');
INSERT INTO `words` VALUES ('2296', 'basketball', '篮球运动；篮球', '2');
INSERT INTO `words` VALUES ('2297', 'orbit', '运行轨道', '2');
INSERT INTO `words` VALUES ('2298', 'govern', '统治，治理；支配', '2');
INSERT INTO `words` VALUES ('2299', 'expose', '使暴露；揭露', '2');
INSERT INTO `words` VALUES ('2300', 'nod', '点（头）；点头表示', '2');
INSERT INTO `words` VALUES ('2301', 'ash', '灰，灰末；骨灰', '2');
INSERT INTO `words` VALUES ('2302', 'privilege', '特权，优惠', '2');
INSERT INTO `words` VALUES ('2303', 'grocer', '食品商；杂货商', '2');
INSERT INTO `words` VALUES ('2304', 'numerous', '为数众多的；许多', '2');
INSERT INTO `words` VALUES ('2305', 'swift', '快的；反应快的', '2');
INSERT INTO `words` VALUES ('2306', 'arise', '出现；由…引起', '2');
INSERT INTO `words` VALUES ('2307', 'foremost', '最初的；第一流的', '2');
INSERT INTO `words` VALUES ('2308', 'wage', '开展（运动）', '2');
INSERT INTO `words` VALUES ('2309', 'implication', '含义，暗示，暗指', '2');
INSERT INTO `words` VALUES ('2310', 'childish', '孩子的；幼稚的', '2');
INSERT INTO `words` VALUES ('2311', 'name', '名字；名誉', '2');
INSERT INTO `words` VALUES ('2312', 'prefer', '更喜欢', '2');
INSERT INTO `words` VALUES ('2313', 'exact', '确切的；精确的', '2');
INSERT INTO `words` VALUES ('2314', 'often', '经常，常常', '2');
INSERT INTO `words` VALUES ('2315', 'residence', '居住；驻扎；住处', '2');
INSERT INTO `words` VALUES ('2316', 'flood', '洪水', '2');
INSERT INTO `words` VALUES ('2317', 'generation', '一代，一代人；产生', '2');
INSERT INTO `words` VALUES ('2318', 'permanent', '永久的；持久的', '2');
INSERT INTO `words` VALUES ('2319', 'genius', '天才，天赋，天资', '2');
INSERT INTO `words` VALUES ('2320', 'desert', '沙漠', '2');
INSERT INTO `words` VALUES ('2321', 'nerve', '神经；勇敢，胆量', '2');
INSERT INTO `words` VALUES ('2322', 'northern', '北方的，北部的', '2');
INSERT INTO `words` VALUES ('2323', 'specialize', '成为…专家；专攻', '2');
INSERT INTO `words` VALUES ('2324', 'emergency', '紧急情况，突然事件', '2');
INSERT INTO `words` VALUES ('2325', 'hen', '母鸡；雌禽', '2');
INSERT INTO `words` VALUES ('2326', 'act', '行动；见效', '2');
INSERT INTO `words` VALUES ('2327', 'one', '一', '2');
INSERT INTO `words` VALUES ('2328', 'argument', '争论，辩论；理由', '2');
INSERT INTO `words` VALUES ('2329', 'painter', '画家，绘画者；漆工', '2');
INSERT INTO `words` VALUES ('2330', 'division', '分，分配；除法', '2');
INSERT INTO `words` VALUES ('2331', 'burst', '使爆裂', '2');
INSERT INTO `words` VALUES ('2332', 'closely', '紧密地；接近地', '2');
INSERT INTO `words` VALUES ('2333', 'church', '教堂，礼拜堂；教会', '2');
INSERT INTO `words` VALUES ('2334', 'track', '行踪；路径；轨道', '2');
INSERT INTO `words` VALUES ('2335', 'chase', '追逐，追赶；追求', '2');
INSERT INTO `words` VALUES ('2336', 'note', '笔记；便条；注释', '2');
INSERT INTO `words` VALUES ('2337', 'attract', '吸引；引起……的兴趣；诱惑', '2');
INSERT INTO `words` VALUES ('2338', 'both', '两者（都）', '2');
INSERT INTO `words` VALUES ('2339', 'brilliant', '光辉的；卓越的', '2');
INSERT INTO `words` VALUES ('2340', 'consume', '消耗，消费；消灭', '2');
INSERT INTO `words` VALUES ('2341', 'axis', '轴，轴线；中心线', '2');
INSERT INTO `words` VALUES ('2342', 'plastic', '可塑的', '2');
INSERT INTO `words` VALUES ('2343', 'relation', '关系，联系；家属', '2');
INSERT INTO `words` VALUES ('2344', 'succession', '连续；继任，继承', '2');
INSERT INTO `words` VALUES ('2345', 'weaken', '削弱', '2');
INSERT INTO `words` VALUES ('2346', 'officer', '官员；干事；军官', '2');
INSERT INTO `words` VALUES ('2347', 'keep', '保持；坚持', '2');
INSERT INTO `words` VALUES ('2348', 'electronics', '电子学', '2');
INSERT INTO `words` VALUES ('2349', 'optimistic', '乐观的；乐观主义的', '2');
INSERT INTO `words` VALUES ('2350', 'permission', '允许，许可，同意', '2');
INSERT INTO `words` VALUES ('2351', 'brick', '砖，砖块；砖状物', '2');
INSERT INTO `words` VALUES ('2352', 'loose', '松的；宽松的', '2');
INSERT INTO `words` VALUES ('2353', 'welfare', '幸福；福利', '2');
INSERT INTO `words` VALUES ('2354', 'paper', '纸；官方文件；文章', '2');
INSERT INTO `words` VALUES ('2355', 'former', '在前的', '2');
INSERT INTO `words` VALUES ('2356', 'truth', '事实；真理；真实性', '2');
INSERT INTO `words` VALUES ('2357', 'impose', '把…强加；征（税）', '2');
INSERT INTO `words` VALUES ('2358', 'neglect', '疏忽；忽视，忽略', '2');
INSERT INTO `words` VALUES ('2359', 'harm', '伤害，损害', '2');
INSERT INTO `words` VALUES ('2360', 'pie', '（西点）馅饼', '2');
INSERT INTO `words` VALUES ('2361', 'pioneer', '拓荒者；先驱者', '2');
INSERT INTO `words` VALUES ('2362', 'mystery', '神秘；神秘的事物', '2');
INSERT INTO `words` VALUES ('2363', 'determination', '决心；决定；确定', '2');
INSERT INTO `words` VALUES ('2364', 'reply', '回答，答复', '2');
INSERT INTO `words` VALUES ('2365', 'department', '部，司，局，处，系', '2');
INSERT INTO `words` VALUES ('2366', 'cake', '饼，糕，蛋糕', '2');
INSERT INTO `words` VALUES ('2367', 'parcel', '包裹，小包，邮包', '2');
INSERT INTO `words` VALUES ('2368', 'status', '地位，身分', '2');
INSERT INTO `words` VALUES ('2369', 'edge', '边缘，边；刀口', '2');
INSERT INTO `words` VALUES ('2370', 'refusal', '拒绝', '2');
INSERT INTO `words` VALUES ('2371', 'kettle', '水壶；锅', '2');
INSERT INTO `words` VALUES ('2372', 'positive', '积极的；确定的', '2');
INSERT INTO `words` VALUES ('2373', 'gaze', '凝视，盯，注视', '2');
INSERT INTO `words` VALUES ('2374', 'close', '关，闭；结束', '2');
INSERT INTO `words` VALUES ('2375', 'presence', '出席，到场；在', '2');
INSERT INTO `words` VALUES ('2376', 'production', '生产；总产量', '2');
INSERT INTO `words` VALUES ('2377', 'foolish', '愚蠢的；鲁莽的', '2');
INSERT INTO `words` VALUES ('2378', 'found', '创立，创办；建立', '2');
INSERT INTO `words` VALUES ('2379', 'whisper', '低声地讲', '2');
INSERT INTO `words` VALUES ('2380', 'gather', '聚集；集合；收集', '2');
INSERT INTO `words` VALUES ('2381', 'captive', '俘虏，被监禁的人', '2');
INSERT INTO `words` VALUES ('2382', 'colonel', '陆军上校；中校', '2');
INSERT INTO `words` VALUES ('2383', 'hateful', '可恨的，可恶的', '2');
INSERT INTO `words` VALUES ('2384', 'routine', '例行公事', '2');
INSERT INTO `words` VALUES ('2385', 'mess', '混乱，混杂，肮脏', '2');
INSERT INTO `words` VALUES ('2386', 'pronounce', '发…的音；宣布', '2');
INSERT INTO `words` VALUES ('2387', 'correspond', '相符合；相当', '2');
INSERT INTO `words` VALUES ('2388', 'blank', '空白的', '2');
INSERT INTO `words` VALUES ('2389', 'consequence', '结果，后果', '2');
INSERT INTO `words` VALUES ('2390', 'hello', '喂', '2');
INSERT INTO `words` VALUES ('2391', 'slit', '裂缝', '2');
INSERT INTO `words` VALUES ('2392', 'chalk', '白垩；粉笔', '2');
INSERT INTO `words` VALUES ('2393', 'midday', '正午，中午', '2');
INSERT INTO `words` VALUES ('2394', 'despise', '鄙视，蔑视', '2');
INSERT INTO `words` VALUES ('2395', 'humour', '幽默，诙谐，幽默感', '2');
INSERT INTO `words` VALUES ('2396', 'volt', '伏特，伏', '2');
INSERT INTO `words` VALUES ('2397', 'roller', '滚筒，滚轴；滚柱', '2');
INSERT INTO `words` VALUES ('2398', 'navigation', '航行；航海术', '2');
INSERT INTO `words` VALUES ('2399', 'establishment', '建立，设立，确立', '2');
INSERT INTO `words` VALUES ('2400', 'needle', '针；编织针', '2');
INSERT INTO `words` VALUES ('2401', 'torch', '手电筒；火炬，火把', '2');
INSERT INTO `words` VALUES ('2402', 'another', '再一个的；别的', '2');
INSERT INTO `words` VALUES ('2403', 'bubble', '泡', '2');
INSERT INTO `words` VALUES ('2404', 'vary', '改变；使多样化', '2');
INSERT INTO `words` VALUES ('2405', 'finger', '手指；指状物', '2');
INSERT INTO `words` VALUES ('2406', 'charming', '迷人的，可爱的', '2');
INSERT INTO `words` VALUES ('2407', 'abstract', '抽象的', '2');
INSERT INTO `words` VALUES ('2408', 'endless', '无止境的', '2');
INSERT INTO `words` VALUES ('2409', 'fast', '快的；偏快的', '2');
INSERT INTO `words` VALUES ('2410', 'painful', '使痛的；费力的', '2');
INSERT INTO `words` VALUES ('2411', 'import', '输入，进口', '2');
INSERT INTO `words` VALUES ('2412', 'additional', '附加的，追加的', '2');
INSERT INTO `words` VALUES ('2413', 'die', '死，死亡；灭亡', '2');
INSERT INTO `words` VALUES ('2414', 'abnormal', '不正常的；变态的', '2');
INSERT INTO `words` VALUES ('2415', 'peasant', '农民', '2');
INSERT INTO `words` VALUES ('2416', 'hydrogen', '氢', '2');
INSERT INTO `words` VALUES ('2417', 'heel', '脚后跟，踵；中文释义: 后跟', '2');
INSERT INTO `words` VALUES ('2418', 'base', '基础，底层；基地', '2');
INSERT INTO `words` VALUES ('2419', 'uncover', '揭开…的盖子', '2');
INSERT INTO `words` VALUES ('2420', 'interior', '内的；内地的内部', '2');
INSERT INTO `words` VALUES ('2421', 'chain', '链，链条', '2');
INSERT INTO `words` VALUES ('2422', 'slippery', '滑的，使人滑跤的', '2');
INSERT INTO `words` VALUES ('2423', 'historical', '历史的，有关历史的', '2');
INSERT INTO `words` VALUES ('2424', 'mechanically', '机械地', '2');
INSERT INTO `words` VALUES ('2425', 'myself', '我自己；我亲自', '2');
INSERT INTO `words` VALUES ('2426', 'signal', '信号', '2');
INSERT INTO `words` VALUES ('2427', 'thoughtful', '体贴的；沉思的', '2');
INSERT INTO `words` VALUES ('2428', 'discipline', '纪律；训练', '2');
INSERT INTO `words` VALUES ('2429', 'draft', '草稿；汇票', '2');
INSERT INTO `words` VALUES ('2430', 'performance', '演出；表现；履行', '2');
INSERT INTO `words` VALUES ('2431', 'workshop', '车间，工场；创作室', '2');
INSERT INTO `words` VALUES ('2432', 'listener', '听众之一；听者', '2');
INSERT INTO `words` VALUES ('2433', 'paint', '（给…）上油漆；画，绘画', '2');
INSERT INTO `words` VALUES ('2434', 'generate', '发生；引起', '2');
INSERT INTO `words` VALUES ('2435', 'resist', '抵制；抵抗', '2');
INSERT INTO `words` VALUES ('2436', 'sensitive', '敏感的；灵敏的', '2');
INSERT INTO `words` VALUES ('2437', 'perform', '演出；履行，执行', '2');
INSERT INTO `words` VALUES ('2438', 'fertilizer', '肥料', '2');
INSERT INTO `words` VALUES ('2439', 'reinforce', '加强；增援，支援', '2');
INSERT INTO `words` VALUES ('2440', 'recognize', '认识，认出；承认', '2');
INSERT INTO `words` VALUES ('2441', 'okay', '对，好', '2');
INSERT INTO `words` VALUES ('2442', 'police', '警察；警察当局', '2');
INSERT INTO `words` VALUES ('2443', 'forth', '向前；向外，往外', '2');
INSERT INTO `words` VALUES ('2444', 'reproduce', '繁殖，生殖', '2');
INSERT INTO `words` VALUES ('2445', 'framework', '框架，构架，结构', '2');
INSERT INTO `words` VALUES ('2446', 'gracious', '有礼貌的；仁慈的', '2');
INSERT INTO `words` VALUES ('2447', 'screw', '螺旋，螺丝', '2');
INSERT INTO `words` VALUES ('2448', 'pause', '中止，暂停', '2');
INSERT INTO `words` VALUES ('2449', 'cheese', '奶酪，干酪', '2');
INSERT INTO `words` VALUES ('2450', 'sleeve', '袖子，袖套', '2');
INSERT INTO `words` VALUES ('2451', 'donkey', '驴', '2');
INSERT INTO `words` VALUES ('2452', 'vacant', '空的；未被占用的', '2');
INSERT INTO `words` VALUES ('2453', 'expense', '花费，消费；费用', '2');
INSERT INTO `words` VALUES ('2454', 'lead', '铅，铅制品', '2');
INSERT INTO `words` VALUES ('2455', 'friendship', '友谊；友好', '2');
INSERT INTO `words` VALUES ('2456', 'bare', '赤裸的；仅仅的', '2');
INSERT INTO `words` VALUES ('2457', 'athlete', '运动员；田径运动员', '2');
INSERT INTO `words` VALUES ('2458', 'regarding', '关于', '2');
INSERT INTO `words` VALUES ('2459', 'commonly', '普通地，一般地', '2');
INSERT INTO `words` VALUES ('2460', 'magic', '魔法，巫术；戏法', '2');
INSERT INTO `words` VALUES ('2461', 'cook', '烹调，煮；烧菜', '2');
INSERT INTO `words` VALUES ('2462', 'intend', '想要，打算；意指', '2');
INSERT INTO `words` VALUES ('2463', 'powder', '粉末；药粉；火药', '2');
INSERT INTO `words` VALUES ('2464', 'pitch', '沥青', '2');
INSERT INTO `words` VALUES ('2465', 'ninth', '第九', '2');
INSERT INTO `words` VALUES ('2466', 'filter', '过滤', '2');
INSERT INTO `words` VALUES ('2467', 'deal', '买卖；待遇', '2');
INSERT INTO `words` VALUES ('2468', 'collect', '收集；收款', '2');
INSERT INTO `words` VALUES ('2469', 'conjunction', '接合，连接；连接词', '2');
INSERT INTO `words` VALUES ('2470', 'bond', '债券，公债；联结，联系', '2');
INSERT INTO `words` VALUES ('2471', 'jail', '监狱', '2');
INSERT INTO `words` VALUES ('2472', 'arrangement', '安排；整理，排列', '2');
INSERT INTO `words` VALUES ('2473', 'competent', '有能力的', '2');
INSERT INTO `words` VALUES ('2474', 'section', '切片；一段；部分，部门', '2');
INSERT INTO `words` VALUES ('2475', 'confusion', '混乱；骚乱；混淆', '2');
INSERT INTO `words` VALUES ('2476', 'mercy', '仁慈，慈悲，恩惠', '2');
INSERT INTO `words` VALUES ('2477', 'successive', '连续的；接连的', '2');
INSERT INTO `words` VALUES ('2478', 'pour', '灌，倒；倾泻', '2');
INSERT INTO `words` VALUES ('2479', 'couple', '夫妇；（一）对；几个', '2');
INSERT INTO `words` VALUES ('2480', 'mention', '提及，说起', '2');
INSERT INTO `words` VALUES ('2481', 'stake', '赌金；桩；奖品', '2');
INSERT INTO `words` VALUES ('2482', 'decide', '决定，决心；解决', '2');
INSERT INTO `words` VALUES ('2483', 'conscious', '意识到的；有意的', '2');
INSERT INTO `words` VALUES ('2484', 'companion', '同伴；共事者；伴侣', '2');
INSERT INTO `words` VALUES ('2485', 'football', '足球', '2');
INSERT INTO `words` VALUES ('2486', 'careful', '仔细的；细致的', '2');
INSERT INTO `words` VALUES ('2487', 'receive', '得到；收到；接待', '2');
INSERT INTO `words` VALUES ('2488', 'nowhere', '任何地方都不', '2');
INSERT INTO `words` VALUES ('2489', 'settle', '安排；安放；调停', '2');
INSERT INTO `words` VALUES ('2490', 'sign', '符号；招牌', '2');
INSERT INTO `words` VALUES ('2491', 'hide', '把…藏起来；隐瞒', '2');
INSERT INTO `words` VALUES ('2492', 'architecture', '建筑式样；建筑学', '2');
INSERT INTO `words` VALUES ('2493', 'daylight', '白昼，日光；黎明', '2');
INSERT INTO `words` VALUES ('2494', 'entitle', '给…权利（或资格）', '2');
INSERT INTO `words` VALUES ('2495', 'legend', '传说，传奇', '2');
INSERT INTO `words` VALUES ('2496', 'appropriate', '适当的，恰当的', '2');
INSERT INTO `words` VALUES ('2497', 'crust', '面包皮；硬外皮', '2');
INSERT INTO `words` VALUES ('2498', 'existence', '存在，实在；生活', '2');
INSERT INTO `words` VALUES ('2499', 'territory', '领土，版图；领域', '2');
INSERT INTO `words` VALUES ('2500', 'outlet', '出口；出路；排遣', '2');
INSERT INTO `words` VALUES ('2501', 'compare', '比较，对照；比作', '2');
INSERT INTO `words` VALUES ('2502', 'emotional', '感情的，情绪的', '2');
INSERT INTO `words` VALUES ('2503', 'subtract', '减，减去，去掉', '2');
INSERT INTO `words` VALUES ('2504', 'Italian', '意大利的', '2');
INSERT INTO `words` VALUES ('2505', 'density', '密集，稠密；密度；〔物质的〕密度', '2');
INSERT INTO `words` VALUES ('2506', 'drunk', '醉的；陶醉的', '2');
INSERT INTO `words` VALUES ('2507', 'magazine', '杂志，期刊', '2');
INSERT INTO `words` VALUES ('2508', 'patience', '忍耐，容忍，耐心', '2');
INSERT INTO `words` VALUES ('2509', 'direction', '方向，方位；指导', '2');
INSERT INTO `words` VALUES ('2510', 'job', '职业；工作；零活', '2');
INSERT INTO `words` VALUES ('2511', 'practise', '练习，实习，训练', '2');
INSERT INTO `words` VALUES ('2512', 'slope', '倾斜；斜面', '2');
INSERT INTO `words` VALUES ('2513', 'ankle', '踝，踝节部', '2');
INSERT INTO `words` VALUES ('2514', 'dead', '死的，无生命的', '2');
INSERT INTO `words` VALUES ('2515', 'sphere', '球，圆体；范围', '2');
INSERT INTO `words` VALUES ('2516', 'me', '（宾格）我', '2');
INSERT INTO `words` VALUES ('2517', 'develop', '发展；形成；开发', '2');
INSERT INTO `words` VALUES ('2518', 'immense', '巨大的；极好的', '2');
INSERT INTO `words` VALUES ('2519', 'rabbit', '兔子', '2');
INSERT INTO `words` VALUES ('2520', 'outset', '开始，开端', '2');
INSERT INTO `words` VALUES ('2521', 'disguise', '隐瞒，掩埋', '2');
INSERT INTO `words` VALUES ('2522', 'brisk', '活泼的；清新的', '2');
INSERT INTO `words` VALUES ('2523', 'keyboard', '键盘', '2');
INSERT INTO `words` VALUES ('2524', 'onion', '洋葱，洋葱头', '2');
INSERT INTO `words` VALUES ('2525', 'energy', '活力；精力；能；能量', '2');
INSERT INTO `words` VALUES ('2526', 'shriek', '尖声喊叫', '2');
INSERT INTO `words` VALUES ('2527', 'elaborate', '复杂的；精心制作的', '2');
INSERT INTO `words` VALUES ('2528', 'horse', '马；马科动物', '2');
INSERT INTO `words` VALUES ('2529', 'requirement', '需要；要求', '2');
INSERT INTO `words` VALUES ('2530', 'grain', '谷物，谷粒；颗粒', '2');
INSERT INTO `words` VALUES ('2531', 'moment', '时刻；片刻，瞬间', '2');
INSERT INTO `words` VALUES ('2532', 'occurrence', '发生，出现；事件', '2');
INSERT INTO `words` VALUES ('2533', 'deed', '行为；功绩；劣迹；契约', '2');
INSERT INTO `words` VALUES ('2534', 'owl', '猫头鹰，枭', '2');
INSERT INTO `words` VALUES ('2535', 'isolate', '使隔离，使孤立', '2');
INSERT INTO `words` VALUES ('2536', 'collection', '收藏品；搜集，收集', '2');
INSERT INTO `words` VALUES ('2537', 'container', '容器；集装箱', '2');
INSERT INTO `words` VALUES ('2538', 'knife', '小刀，刀，餐刀', '2');
INSERT INTO `words` VALUES ('2539', 'ignore', '不顾，不理，忽视', '2');
INSERT INTO `words` VALUES ('2540', 'sufficient', '足够的，充分的', '2');
INSERT INTO `words` VALUES ('2541', 'proposal', '提议，建议；求婚', '2');
INSERT INTO `words` VALUES ('2542', 'milk', '乳，牛奶', '2');
INSERT INTO `words` VALUES ('2543', 'exercise', '锻炼；训练', '2');
INSERT INTO `words` VALUES ('2544', 'shortly', '立刻；简短地', '2');
INSERT INTO `words` VALUES ('2545', 'retire', '退休；退职；就寝', '2');
INSERT INTO `words` VALUES ('2546', 'communist', '共产党员', '2');
INSERT INTO `words` VALUES ('2547', 'supplement', '增补物，补充物', '2');
INSERT INTO `words` VALUES ('2548', 'betray', '背叛；辜负；泄漏', '2');
INSERT INTO `words` VALUES ('2549', 'meal', '膳食，一餐', '2');
INSERT INTO `words` VALUES ('2550', 'August', '八月', '2');
INSERT INTO `words` VALUES ('2551', 'during', '在…期间', '2');
INSERT INTO `words` VALUES ('2552', 'brief', '短暂的；简短的', '2');
INSERT INTO `words` VALUES ('2553', 'astonish', '使惊讶，使吃惊', '2');
INSERT INTO `words` VALUES ('2554', 'security', '安全工作；安全；安全感', '2');
INSERT INTO `words` VALUES ('2555', 'tremble', '发抖，哆嗦；摇动', '2');
INSERT INTO `words` VALUES ('2556', 'inferior', '下等的；劣等的', '2');
INSERT INTO `words` VALUES ('2557', 'marble', '大理石', '2');
INSERT INTO `words` VALUES ('2558', 'inventor', '发明者；发明家', '2');
INSERT INTO `words` VALUES ('2559', 'metal', '金属，金属制品', '2');
INSERT INTO `words` VALUES ('2560', 'efficiency', '效率；效能；功效', '2');
INSERT INTO `words` VALUES ('2561', 'high', '高的；高级的', '2');
INSERT INTO `words` VALUES ('2562', 'born', '天生的；出生的', '2');
INSERT INTO `words` VALUES ('2563', 'destroy', '破坏；消灭；打破', '2');
INSERT INTO `words` VALUES ('2564', 'heating', '加热，供暖', '2');
INSERT INTO `words` VALUES ('2565', 'comprise', '包含，包括；构成', '2');
INSERT INTO `words` VALUES ('2566', 'ease', '容易；舒适', '2');
INSERT INTO `words` VALUES ('2567', 'liberation', '解放', '2');
INSERT INTO `words` VALUES ('2568', 'wholly', '完全地，全部', '2');
INSERT INTO `words` VALUES ('2569', 'split', '被劈开；劈开', '2');
INSERT INTO `words` VALUES ('2570', 'basin', '洗脸盆；盆；盆地', '2');
INSERT INTO `words` VALUES ('2571', 'weed', '杂草，野草', '2');
INSERT INTO `words` VALUES ('2572', 'calm', '静的，平静的', '2');
INSERT INTO `words` VALUES ('2573', 'sweater', '厚运动衫，毛线衫', '2');
INSERT INTO `words` VALUES ('2574', 'shear', '剪；剥夺', '2');
INSERT INTO `words` VALUES ('2575', 'swallow', '燕子', '2');
INSERT INTO `words` VALUES ('2576', 'greet', '问候，招呼；反应', '2');
INSERT INTO `words` VALUES ('2577', 'practical', '实践的；实用的', '2');
INSERT INTO `words` VALUES ('2578', 'basically', '基本上', '2');
INSERT INTO `words` VALUES ('2579', 'conductor', '售票员；（乐队）指挥', '2');
INSERT INTO `words` VALUES ('2580', 'naturally', '自然地；天然地', '2');
INSERT INTO `words` VALUES ('2581', 'undertake', '从事；承担；保证', '2');
INSERT INTO `words` VALUES ('2582', 'despair', '绝望', '2');
INSERT INTO `words` VALUES ('2583', 'nose', '鼻子', '2');
INSERT INTO `words` VALUES ('2584', 'morning', '早晨，上午', '2');
INSERT INTO `words` VALUES ('2585', 'mild', '温柔的；和缓的', '2');
INSERT INTO `words` VALUES ('2586', 'interrupt', '打断，打扰；中止', '2');
INSERT INTO `words` VALUES ('2587', 'period', '时期；学时；句号', '2');
INSERT INTO `words` VALUES ('2588', 'loaf', '一条面包，一个面包', '2');
INSERT INTO `words` VALUES ('2589', 'resistance', '抵抗；抵制；抵抗力', '2');
INSERT INTO `words` VALUES ('2590', 'enforce', '实施，执行；强制', '2');
INSERT INTO `words` VALUES ('2591', 'definitely', '一定地，明确地', '2');
INSERT INTO `words` VALUES ('2592', 'flow', '流动；飘垂；涨潮', '2');
INSERT INTO `words` VALUES ('2593', 'grow', '增长；生长', '2');
INSERT INTO `words` VALUES ('2594', 'federal', '联邦的；联盟的', '2');
INSERT INTO `words` VALUES ('2595', 'agent', '代理人，代理商', '2');
INSERT INTO `words` VALUES ('2596', 'lively', '活泼的', '2');
INSERT INTO `words` VALUES ('2597', 'utility', '效用，有用，实用', '2');
INSERT INTO `words` VALUES ('2598', 'establish', '建立，设立；确立', '2');
INSERT INTO `words` VALUES ('2599', 'distinct', '与其它不同的', '2');
INSERT INTO `words` VALUES ('2600', 'interval', '间隔；休息；间距', '2');
INSERT INTO `words` VALUES ('2601', 'motor', '发动机；机动车', '2');
INSERT INTO `words` VALUES ('2602', 'brute', '禽兽，畜生', '2');
INSERT INTO `words` VALUES ('2603', 'account', '记述；解释；账目', '2');
INSERT INTO `words` VALUES ('2604', 'gramme', '克（重量单位）', '2');
INSERT INTO `words` VALUES ('2605', 'absence', '缺席，不在场；缺乏', '2');
INSERT INTO `words` VALUES ('2606', 'operation', '手术；操作；运算', '2');
INSERT INTO `words` VALUES ('2607', 'crash', '碰撞，坠落', '2');
INSERT INTO `words` VALUES ('2608', 'beef', '牛肉；菜牛', '2');
INSERT INTO `words` VALUES ('2609', 'heap', '（一）堆；大量', '2');
INSERT INTO `words` VALUES ('2610', 'deposit', '使沉淀；存放', '2');
INSERT INTO `words` VALUES ('2611', 'displease', '使不愉快，使生气', '2');
INSERT INTO `words` VALUES ('2612', 'appoint', '任命，委任；约定', '2');
INSERT INTO `words` VALUES ('2613', 'bound', '一定的；有义务的', '2');
INSERT INTO `words` VALUES ('2614', 'merely', '仅仅，只不过', '2');
INSERT INTO `words` VALUES ('2615', 'besides', '而且；除…之外', '2');
INSERT INTO `words` VALUES ('2616', 'park', '公园；停车场', '2');
INSERT INTO `words` VALUES ('2617', 'nineteen', '十九，十九个', '2');
INSERT INTO `words` VALUES ('2618', 'depress', '使沮丧；按下', '2');
INSERT INTO `words` VALUES ('2619', 'cry', '哭，哭泣；叫喊', '2');
INSERT INTO `words` VALUES ('2620', 'into', '进，入；进入到', '2');
INSERT INTO `words` VALUES ('2621', 'maths', '（英）数学', '2');
INSERT INTO `words` VALUES ('2622', 'significance', '意义，意味；重要性', '2');
INSERT INTO `words` VALUES ('2623', 'bag', '袋，包，钱包，背包', '2');
INSERT INTO `words` VALUES ('2624', 'crack', '裂缝，裂纹', '2');
INSERT INTO `words` VALUES ('2625', 'certainty', '必然；肯定', '2');
INSERT INTO `words` VALUES ('2626', 'lazy', '懒惰的，懒散的', '2');
INSERT INTO `words` VALUES ('2627', 'effect', '结果；效果，效力', '2');
INSERT INTO `words` VALUES ('2628', 'hurt', '使受伤；使痛心', '2');
INSERT INTO `words` VALUES ('2629', 'block', '街区', '2');
INSERT INTO `words` VALUES ('2630', 'hillside', '（小山）山腰，山坡', '2');
INSERT INTO `words` VALUES ('2631', 'specialist', '专家', '2');
INSERT INTO `words` VALUES ('2632', 'worm', '虫，蠕虫', '2');
INSERT INTO `words` VALUES ('2633', 'dictionary', '词典，字典', '2');
INSERT INTO `words` VALUES ('2634', 'cabbage', '洋白菜，卷心菜', '2');
INSERT INTO `words` VALUES ('2635', 'date', '日期', '2');
INSERT INTO `words` VALUES ('2636', 'warmth', '暖和，温暖；热烈', '2');
INSERT INTO `words` VALUES ('2637', 'latter', '（两者中）后者的', '2');
INSERT INTO `words` VALUES ('2638', 'indoors', '在室内，在屋里', '2');
INSERT INTO `words` VALUES ('2639', 'helicopter', '直升机', '2');
INSERT INTO `words` VALUES ('2640', 'leg', '腿，腿部', '2');
INSERT INTO `words` VALUES ('2641', 'quality', '质量；品质；特性', '2');
INSERT INTO `words` VALUES ('2642', 'command', '命令；指挥；控制', '2');
INSERT INTO `words` VALUES ('2643', 'preference', '偏爱；优先；优先权', '2');
INSERT INTO `words` VALUES ('2644', 'actually', '实际上；竟然', '2');
INSERT INTO `words` VALUES ('2645', 'secondary', '第二的；次要的', '2');
INSERT INTO `words` VALUES ('2646', 'academy', '专科院校；私立中学', '2');
INSERT INTO `words` VALUES ('2647', 'report', '报告；汇报', '2');
INSERT INTO `words` VALUES ('2648', 'magnet', '磁铁，磁石，磁体', '2');
INSERT INTO `words` VALUES ('2649', 'none', '没有人；没有一点', '2');
INSERT INTO `words` VALUES ('2650', 'large', '大的；巨大的', '2');
INSERT INTO `words` VALUES ('2651', 'corporation', '公司，企业；社团', '2');
INSERT INTO `words` VALUES ('2652', 'thorough', '彻底的；详尽的', '2');
INSERT INTO `words` VALUES ('2653', 'chin', '颏，下巴', '2');
INSERT INTO `words` VALUES ('2654', 'nearby', '附近的', '2');
INSERT INTO `words` VALUES ('2655', 'react', '作出反应；有影响', '2');
INSERT INTO `words` VALUES ('2656', 'map', '地图；图；天体图', '2');
INSERT INTO `words` VALUES ('2657', 'vinegar', '醋', '2');
INSERT INTO `words` VALUES ('2658', 'article', '文章；物品；条款', '2');
INSERT INTO `words` VALUES ('2659', 'angle', '角，角度', '2');
INSERT INTO `words` VALUES ('2660', 'zone', '地区，区域，范围', '2');
INSERT INTO `words` VALUES ('2661', 'rail', '横条，横杆；铁轨', '2');
INSERT INTO `words` VALUES ('2662', 'holy', '神圣的；圣洁的', '2');
INSERT INTO `words` VALUES ('2663', 'copy', '抄件', '2');
INSERT INTO `words` VALUES ('2664', 'elephant', '象', '2');
INSERT INTO `words` VALUES ('2665', 'hasten', '催促；赶紧', '2');
INSERT INTO `words` VALUES ('2666', 'helpless', '无助的；无能的', '2');
INSERT INTO `words` VALUES ('2667', 'mutter', '轻声低语；抱怨', '2');
INSERT INTO `words` VALUES ('2668', 'musical', '音乐的', '2');
INSERT INTO `words` VALUES ('2669', 'silk', '蚕丝，丝，丝织品', '2');
INSERT INTO `words` VALUES ('2670', 'agency', '经办；代理；代理处', '2');
INSERT INTO `words` VALUES ('2671', 'conflict', '争论；冲突；斗争', '2');
INSERT INTO `words` VALUES ('2672', 'anything', '任何事物；一切', '2');
INSERT INTO `words` VALUES ('2673', 'outskirt', '外边，郊区', '2');
INSERT INTO `words` VALUES ('2674', 'peculiar', '特有的；特别的', '2');
INSERT INTO `words` VALUES ('2675', 'index', '索引；指数；指标', '2');
INSERT INTO `words` VALUES ('2676', 'anxious', '忧虑的；渴望的', '2');
INSERT INTO `words` VALUES ('2677', 'likely', '可能的', '2');
INSERT INTO `words` VALUES ('2678', 'mat', '席子；草席；垫子', '2');
INSERT INTO `words` VALUES ('2679', 'cushion', '垫子，坐垫，靠垫', '2');
INSERT INTO `words` VALUES ('2680', 'flock', '羊群，群；大量', '2');
INSERT INTO `words` VALUES ('2681', 'mislead', '将…引入歧途，误导', '2');
INSERT INTO `words` VALUES ('2682', 'vague', '模糊的；含糊的', '2');
INSERT INTO `words` VALUES ('2683', 'generator', '发电机；发生者', '2');
INSERT INTO `words` VALUES ('2684', 'concrete', '混凝土；具体物', '2');
INSERT INTO `words` VALUES ('2685', 'scatter', '撒；散播；使消散', '2');
INSERT INTO `words` VALUES ('2686', 'brake', '闸，刹车', '2');
INSERT INTO `words` VALUES ('2687', 'brain', '脑，脑髓；脑力', '2');
INSERT INTO `words` VALUES ('2688', 'commander', '司令官，指挥员', '2');
INSERT INTO `words` VALUES ('2689', 'arrest', '逮捕，拘留；阻止', '2');
INSERT INTO `words` VALUES ('2690', 'limb', '肢，臂，翼；树枝', '2');
INSERT INTO `words` VALUES ('2691', 'highway', '公路；大路', '2');
INSERT INTO `words` VALUES ('2692', 'quite', '完全；相当；的确', '2');
INSERT INTO `words` VALUES ('2693', 'disposal', '丢掉，处理，销毁', '2');
INSERT INTO `words` VALUES ('2694', 'analyse', '分析，分解，解析', '2');
INSERT INTO `words` VALUES ('2695', 'flight', '航班；飞行；逃跑', '2');
INSERT INTO `words` VALUES ('2696', 'consistent', '坚持的，一贯的', '2');
INSERT INTO `words` VALUES ('2697', 'repetition', '重复，反复', '2');
INSERT INTO `words` VALUES ('2698', 'inform', '通知，向…报告', '2');
INSERT INTO `words` VALUES ('2699', 'flat', '平的，扁平的', '2');
INSERT INTO `words` VALUES ('2700', 'idea', '想法；思想；意见', '2');
INSERT INTO `words` VALUES ('2701', 'blue', '蓝色的', '2');
INSERT INTO `words` VALUES ('2702', 'married', '已婚的；婚姻的', '2');
INSERT INTO `words` VALUES ('2703', 'kitchen', '厨房，灶间', '2');
INSERT INTO `words` VALUES ('2704', 'bridge', '桥，桥梁；桥牌', '2');
INSERT INTO `words` VALUES ('2705', 'spare', '抽出；拨出；留出；匀出', '2');
INSERT INTO `words` VALUES ('2706', 'deepen', '加深；深化', '2');
INSERT INTO `words` VALUES ('2707', 'anyone', '任何人', '2');
INSERT INTO `words` VALUES ('2708', 'envelope', '信封；封套；封皮', '2');
INSERT INTO `words` VALUES ('2709', 'glare', '瞪眼', '2');
INSERT INTO `words` VALUES ('2710', 'fault', '缺点；过失；故障', '2');
INSERT INTO `words` VALUES ('2711', 'calculation', '计算，计算结果', '2');
INSERT INTO `words` VALUES ('2712', 'driver', '驾驶员，司机', '2');
INSERT INTO `words` VALUES ('2713', 'airport', '机场，航空站', '2');
INSERT INTO `words` VALUES ('2714', 'intermediate', '中级的；中间的', '2');
INSERT INTO `words` VALUES ('2715', 'location', '位置，场所', '2');
INSERT INTO `words` VALUES ('2716', 'unlike', '不同的', '2');
INSERT INTO `words` VALUES ('2717', 'detect', '察觉，发觉；侦察', '2');
INSERT INTO `words` VALUES ('2718', 'fresh', '新的；新鲜的', '2');
INSERT INTO `words` VALUES ('2719', 'chance', '机会，机遇；可能性', '2');
INSERT INTO `words` VALUES ('2720', 'cement', '水泥；胶泥', '2');
INSERT INTO `words` VALUES ('2721', 'release', '释放；放松；发表', '2');
INSERT INTO `words` VALUES ('2722', 'extra', '额外的', '2');
INSERT INTO `words` VALUES ('2723', 'drill', '钻头；操练', '2');
INSERT INTO `words` VALUES ('2724', 'accessary', '同谋，从犯', '2');
INSERT INTO `words` VALUES ('2725', 'dwelling', '住处，寓所', '2');
INSERT INTO `words` VALUES ('2726', 'hardly', '几乎不，简直不', '2');
INSERT INTO `words` VALUES ('2727', 'dance', '跳舞；摇晃', '2');
INSERT INTO `words` VALUES ('2728', 'atomic', '原子的；原子能的', '2');
INSERT INTO `words` VALUES ('2729', 'omit', '省略，省去；遗漏', '2');
INSERT INTO `words` VALUES ('2730', 'neck', '颈，脖子', '2');
INSERT INTO `words` VALUES ('2731', 'lady', '女士，夫人；贵妇人', '2');
INSERT INTO `words` VALUES ('2732', 'announcer', '播音员', '2');
INSERT INTO `words` VALUES ('2733', 'engineering', '工程；工程学', '2');
INSERT INTO `words` VALUES ('2734', 'formula', '公式，式', '2');
INSERT INTO `words` VALUES ('2735', 'law', '法律；法令；法则', '2');
INSERT INTO `words` VALUES ('2736', 'lieutenant', '陆军中尉；副职官员', '2');
INSERT INTO `words` VALUES ('2737', 'dependent', '依靠的，依赖的', '2');
INSERT INTO `words` VALUES ('2738', 'utmost', '最大的', '2');
INSERT INTO `words` VALUES ('2739', 'begin', '开始', '2');
INSERT INTO `words` VALUES ('2740', 'cooperate', '合作，协作；配合', '2');
INSERT INTO `words` VALUES ('2741', 'rush', '冲，奔；催促', '2');
INSERT INTO `words` VALUES ('2742', 'grieve', '悲痛；使悲痛', '2');
INSERT INTO `words` VALUES ('2743', 'gymnasium', '体育馆，健身房', '2');
INSERT INTO `words` VALUES ('2744', 'brim', '边，边缘；帽沿', '2');
INSERT INTO `words` VALUES ('2745', 'variety', '多样化；种类；变种', '2');
INSERT INTO `words` VALUES ('2746', 'construct', '建造；建设；构筑', '2');
INSERT INTO `words` VALUES ('2747', 'ant', '蚂蚁', '2');
INSERT INTO `words` VALUES ('2748', 'lovely', '可爱的；令人愉快的', '2');
INSERT INTO `words` VALUES ('2749', 'principle', '原则，原理', '2');
INSERT INTO `words` VALUES ('2750', 'shelter', '隐蔽处；掩蔽，庇护', '2');
INSERT INTO `words` VALUES ('2751', 'uniform', '一样的', '2');
INSERT INTO `words` VALUES ('2752', 'promise', '诺言', '2');
INSERT INTO `words` VALUES ('2753', 'handkerchief', '手帕', '2');
INSERT INTO `words` VALUES ('2754', 'international', '国际的，世界（性）的', '2');
INSERT INTO `words` VALUES ('2755', 'shade', '荫；遮光物', '2');
INSERT INTO `words` VALUES ('2756', 'country', '国家，国土；农村', '2');
INSERT INTO `words` VALUES ('2757', 'punctual', '严守时刻的；准时的', '2');
INSERT INTO `words` VALUES ('2758', 'bend', '使弯曲；弯曲', '2');
INSERT INTO `words` VALUES ('2759', 'diligent', '勤勉的，勤奋的', '2');
INSERT INTO `words` VALUES ('2760', 'learned', '有学问的；学术上的', '2');
INSERT INTO `words` VALUES ('2761', 'prescribe', '开处（方）；命令', '2');
INSERT INTO `words` VALUES ('2762', 'gum', '口香糖；树胶', '2');
INSERT INTO `words` VALUES ('2763', 'lock', '锁', '2');
INSERT INTO `words` VALUES ('2764', 'relativity', '相对性；相对论', '2');
INSERT INTO `words` VALUES ('2765', 'moon', '月球，月亮；卫星', '2');
INSERT INTO `words` VALUES ('2766', 'internal', '国内的；内的', '2');
INSERT INTO `words` VALUES ('2767', 'tale', '故事；传说', '2');
INSERT INTO `words` VALUES ('2768', 'accent', '口音，腔调；重音', '2');
INSERT INTO `words` VALUES ('2769', 'say', '比如说[用于举例]', '2');
INSERT INTO `words` VALUES ('2770', 'brandy', '白兰地酒', '2');
INSERT INTO `words` VALUES ('2771', 'meaning', '意义，意思；意图', '2');
INSERT INTO `words` VALUES ('2772', 'peaceful', '安静的；和平的', '2');
INSERT INTO `words` VALUES ('2773', 'bomb', '炸弹', '2');
INSERT INTO `words` VALUES ('2774', 'fry', '油煎，油炸，油炒', '2');
INSERT INTO `words` VALUES ('2775', 'lessen', '减少，减轻；缩小', '2');
INSERT INTO `words` VALUES ('2776', 'finance', '财政，金融；财源', '2');
INSERT INTO `words` VALUES ('2777', 'maintenance', '维修；维持，保持', '2');
INSERT INTO `words` VALUES ('2778', 'squeeze', '压；挤；捏；榨；压榨', '2');
INSERT INTO `words` VALUES ('2779', 'hill', '小山，山岗；丘陵', '2');
INSERT INTO `words` VALUES ('2780', 'tense', '时态，时', '2');
INSERT INTO `words` VALUES ('2781', 'fare', '车费，船费，票价', '2');
INSERT INTO `words` VALUES ('2782', 'tend', '照管，照料，护理', '2');
INSERT INTO `words` VALUES ('2783', 'passion', '强烈的情感，激情；强烈的爱好，热爱', '2');
INSERT INTO `words` VALUES ('2784', 'brand', '品牌；烙印', '2');
INSERT INTO `words` VALUES ('2785', 'temptation', '诱惑，引诱', '2');
INSERT INTO `words` VALUES ('2786', 'correction', '改正，纠正，修改', '2');
INSERT INTO `words` VALUES ('2787', 'cease', '停止，停息', '2');
INSERT INTO `words` VALUES ('2788', 'shed', '流出；散发；脱落', '2');
INSERT INTO `words` VALUES ('2789', 'America', '美洲；美国', '2');
INSERT INTO `words` VALUES ('2790', 'directly', '直接地；立即', '2');
INSERT INTO `words` VALUES ('2791', 'camera', '照相机，摄影机', '2');
INSERT INTO `words` VALUES ('2792', 'analysis', '分析，分解，解析', '2');
INSERT INTO `words` VALUES ('2793', 'intentional', '故意的，有意识的', '2');
INSERT INTO `words` VALUES ('2794', 'jazz', '爵士音乐，爵士舞曲', '2');
INSERT INTO `words` VALUES ('2795', 'unity', '单一；统一；团结', '2');
INSERT INTO `words` VALUES ('2796', 'trial', '审判；试，试验', '2');
INSERT INTO `words` VALUES ('2797', 'beggar', '乞丐，穷人', '2');
INSERT INTO `words` VALUES ('2798', 'amongst', '在…之中（among）', '2');
INSERT INTO `words` VALUES ('2799', 'colony', '殖民地；侨居地', '2');
INSERT INTO `words` VALUES ('2800', 'north', '北，北方', '2');
INSERT INTO `words` VALUES ('2801', 'synthetic', '综合的；合成的', '2');
INSERT INTO `words` VALUES ('2802', 'strain', '拉紧；尽力', '2');
INSERT INTO `words` VALUES ('2803', 'funny', '滑稽的；古怪的', '2');
INSERT INTO `words` VALUES ('2804', 'camp', '野营，营地，兵营', '2');
INSERT INTO `words` VALUES ('2805', 'circuit', '环行；电路', '2');
INSERT INTO `words` VALUES ('2806', 'arrange', '筹备；整理', '2');
INSERT INTO `words` VALUES ('2807', 'button', '扣子；按钮', '2');
INSERT INTO `words` VALUES ('2808', 'classical', '古典的；经典的', '2');
INSERT INTO `words` VALUES ('2809', 'consequently', '因此，因而，所以', '2');
INSERT INTO `words` VALUES ('2810', 'reservoir', '水库；蓄水池', '2');
INSERT INTO `words` VALUES ('2811', 'vision', '视力；想象力；梦幻', '2');
INSERT INTO `words` VALUES ('2812', 'Friday', '星期五', '2');
INSERT INTO `words` VALUES ('2813', 'headline', '大字标题；新闻提要', '2');
INSERT INTO `words` VALUES ('2814', 'product', '产品；产物；（乘）积', '2');
INSERT INTO `words` VALUES ('2815', 'flexible', '易弯曲的；灵活的', '2');
INSERT INTO `words` VALUES ('2816', 'ridge', '岭，山脉；脊；垄', '2');
INSERT INTO `words` VALUES ('2817', 'objection', '反对，异议；不喜欢', '2');
INSERT INTO `words` VALUES ('2818', 'bucket', '水桶；吊桶；铲斗', '2');
INSERT INTO `words` VALUES ('2819', 'need', '需要', '2');
INSERT INTO `words` VALUES ('2820', 'exceed', '超过，胜过；超出', '2');
INSERT INTO `words` VALUES ('2821', 'official', '官员的；官方的', '2');
INSERT INTO `words` VALUES ('2822', 'obvious', '明显的，显而易见的', '2');
INSERT INTO `words` VALUES ('2823', 'leave', '离去', '2');
INSERT INTO `words` VALUES ('2824', 'wrist', '腕，腕关节', '2');
INSERT INTO `words` VALUES ('2825', 'hence', '因此，所以；今后；今后', '2');
INSERT INTO `words` VALUES ('2826', 'journalist', '记者，新闻工作者', '2');
INSERT INTO `words` VALUES ('2827', 'profit', '利润；益处', '2');
INSERT INTO `words` VALUES ('2828', 'compel', '强迫，迫使屈服', '2');
INSERT INTO `words` VALUES ('2829', 'marine', '海的；海上的', '2');
INSERT INTO `words` VALUES ('2830', 'cable', '缆，索；电缆；电报', '2');
INSERT INTO `words` VALUES ('2831', 'key', '钥匙；键；答案', '2');
INSERT INTO `words` VALUES ('2832', 'rear', '后部，后面；背面', '2');
INSERT INTO `words` VALUES ('2833', 'birth', '分娩，出生；出身', '2');
INSERT INTO `words` VALUES ('2834', 'much', '非常，很', '2');
INSERT INTO `words` VALUES ('2835', 'pardon', '原谅；赦免', '2');
INSERT INTO `words` VALUES ('2836', 'phrase', '短语；习惯用语', '2');
INSERT INTO `words` VALUES ('2837', 'pan', '平底锅；烤盘', '2');
INSERT INTO `words` VALUES ('2838', 'jewel', '宝石；宝石饰物', '2');
INSERT INTO `words` VALUES ('2839', 'similar', '相似的，类似的', '2');
INSERT INTO `words` VALUES ('2840', 'sword', '剑，刀', '2');
INSERT INTO `words` VALUES ('2841', 'wander', '漫游；迷路；离题', '2');
INSERT INTO `words` VALUES ('2842', 'frighten', '使惊恐，吓唬', '2');
INSERT INTO `words` VALUES ('2843', 'citizen', '公民；市民，居民', '2');
INSERT INTO `words` VALUES ('2844', 'I', '（主格）我', '2');
INSERT INTO `words` VALUES ('2845', 'weakness', '弱点；虚弱；软弱', '2');
INSERT INTO `words` VALUES ('2846', 'exchange', '交换；交流', '2');
INSERT INTO `words` VALUES ('2847', 'witness', '证据；证人', '2');
INSERT INTO `words` VALUES ('2848', 'Japan', '日本，日本国', '2');
INSERT INTO `words` VALUES ('2849', 'picture', '画，图片', '2');
INSERT INTO `words` VALUES ('2850', 'cabin', '小屋；船舱；机舱', '2');
INSERT INTO `words` VALUES ('2851', 'minute', '分，分钟；一会儿', '2');
INSERT INTO `words` VALUES ('2852', 'achieve', '完成，实现；达到', '2');
INSERT INTO `words` VALUES ('2853', 'characteristic', '特有的', '2');
INSERT INTO `words` VALUES ('2854', 'semiconductor', '半导体', '2');
INSERT INTO `words` VALUES ('2855', 'minus', '负面的；使显得有缺陷的', '2');
INSERT INTO `words` VALUES ('2856', 'silly', '傻的，愚蠢的', '2');
INSERT INTO `words` VALUES ('2857', 'hungry', '饥饿的；渴望的', '2');
INSERT INTO `words` VALUES ('2858', 'odd', '奇数的；单只的', '2');
INSERT INTO `words` VALUES ('2859', 'traffic', '交通，通行；交通量', '2');
INSERT INTO `words` VALUES ('2860', 'unconscious', '不省人事的', '2');
INSERT INTO `words` VALUES ('2861', 'reading', '读书；读，阅读', '2');
INSERT INTO `words` VALUES ('2862', 'carbon', '碳', '2');
INSERT INTO `words` VALUES ('2863', 'senate', '参议院，上院', '2');
INSERT INTO `words` VALUES ('2864', 'physician', '医生，内科医生', '2');
INSERT INTO `words` VALUES ('2865', 'proportional', '比例的；相称的', '2');
INSERT INTO `words` VALUES ('2866', 'pace', '步，步速', '2');
INSERT INTO `words` VALUES ('2867', 'harness', '控制[利用]〔自然力等〕', '2');
INSERT INTO `words` VALUES ('2868', 'suspect', '怀疑；疑心', '2');
INSERT INTO `words` VALUES ('2869', 'license', '许可；执照', '2');
INSERT INTO `words` VALUES ('2870', 'little', '小的；少；幼小的', '2');
INSERT INTO `words` VALUES ('2871', 'accelerate', '（使）加快；促进', '2');
INSERT INTO `words` VALUES ('2872', 'steep', '险峻的，陡峭的', '2');
INSERT INTO `words` VALUES ('2873', 'Africa', '非洲', '2');
INSERT INTO `words` VALUES ('2874', 'organism', '生物体；有机体', '2');
INSERT INTO `words` VALUES ('2875', 'county', '英国的郡，美国的县', '2');
INSERT INTO `words` VALUES ('2876', 'globe', '地球，世界；地球仪', '2');
INSERT INTO `words` VALUES ('2877', 'food', '食物，食品；养料，精神食粮', '2');
INSERT INTO `words` VALUES ('2878', 'machine', '机器；机械', '2');
INSERT INTO `words` VALUES ('2879', 'bore', '使厌烦；钻，挖', '2');
INSERT INTO `words` VALUES ('2880', 'measure', '量，测量', '2');
INSERT INTO `words` VALUES ('2881', 'reform', '改革，改良', '2');
INSERT INTO `words` VALUES ('2882', 'radius', '半径', '2');
INSERT INTO `words` VALUES ('2883', 'fist', '拳（头）', '2');
INSERT INTO `words` VALUES ('2884', 'nuisance', '讨厌的人（东西）', '2');
INSERT INTO `words` VALUES ('2885', 'distinction', '差别，不同，区分', '2');
INSERT INTO `words` VALUES ('2886', 'mosquito', '蚊子', '2');
INSERT INTO `words` VALUES ('2887', 'typewriter', '打字机', '2');
INSERT INTO `words` VALUES ('2888', 'accordance', '按照某事物', '2');
INSERT INTO `words` VALUES ('2889', 'plus', '加，加上', '2');
INSERT INTO `words` VALUES ('2890', 'policeman', '警察', '2');
INSERT INTO `words` VALUES ('2891', 'Christmas', '圣诞节', '2');
INSERT INTO `words` VALUES ('2892', 'interest', '兴趣；利益；利息', '2');
INSERT INTO `words` VALUES ('2893', 'greenhouse', '温室，玻璃暖房', '2');
INSERT INTO `words` VALUES ('2894', 'farewell', '再会', '2');
INSERT INTO `words` VALUES ('2895', 'him', '（宾格）他', '2');
INSERT INTO `words` VALUES ('2896', 'shelf', '搁板，架子', '2');
INSERT INTO `words` VALUES ('2897', 'later', '后来；过一会儿', '2');
INSERT INTO `words` VALUES ('2898', 'fashion', '风尚；方式', '2');
INSERT INTO `words` VALUES ('2899', 'daily', '每日的', '2');
INSERT INTO `words` VALUES ('2900', 'outside', '外部；外表', '2');
INSERT INTO `words` VALUES ('2901', 'principal', '主要的', '2');
INSERT INTO `words` VALUES ('2902', 'mine', '我的', '2');
INSERT INTO `words` VALUES ('2903', 'farmer', '农民，农夫；农场主', '2');
INSERT INTO `words` VALUES ('2904', 'alter', '改变，变更；改做', '2');
INSERT INTO `words` VALUES ('2905', 'Asia', '亚洲', '2');
INSERT INTO `words` VALUES ('2906', 'twist', '捻；拧', '2');
INSERT INTO `words` VALUES ('2907', 'playground', '操场，运动场', '2');
INSERT INTO `words` VALUES ('2908', 'guidance', '引导，指导，领导', '2');
INSERT INTO `words` VALUES ('2909', 'evaporate', '使蒸发', '2');
INSERT INTO `words` VALUES ('2910', 'upright', '垂直的；正直的', '2');
INSERT INTO `words` VALUES ('2911', 'honour', '光荣；尊敬，敬意', '2');
INSERT INTO `words` VALUES ('2912', 'rescue', '营救，解救，救援', '2');
INSERT INTO `words` VALUES ('2913', 'evolution', '进化，演化；发展', '2');
INSERT INTO `words` VALUES ('2914', 'stocking', '长（筒）袜', '2');
INSERT INTO `words` VALUES ('2915', 'instrument', '工具；仪器；乐器', '2');
INSERT INTO `words` VALUES ('2916', 'nice', '美好的，令人愉快的', '2');
INSERT INTO `words` VALUES ('2917', 'faculty', '系，科；才能，能力', '2');
INSERT INTO `words` VALUES ('2918', 'auto', '（口语）汽车', '2');
INSERT INTO `words` VALUES ('2919', 'phone', '电话，电话机', '2');
INSERT INTO `words` VALUES ('2920', 'preserve', '保护；保存；腌渍', '2');
INSERT INTO `words` VALUES ('2921', 'undo', '解开，打开；取消', '2');
INSERT INTO `words` VALUES ('2922', 'liver', '肝；肝脏', '2');
INSERT INTO `words` VALUES ('2923', 'distance', '距离，间距；远处', '2');
INSERT INTO `words` VALUES ('2924', 'due', '预期的；应给的', '2');
INSERT INTO `words` VALUES ('2925', 'cat', '猫，；猫科动物', '2');
INSERT INTO `words` VALUES ('2926', 'capacity', '容量；能力', '2');
INSERT INTO `words` VALUES ('2927', 'offer', '提供；提出', '2');
INSERT INTO `words` VALUES ('2928', 'conference', '会议，讨论会', '2');
INSERT INTO `words` VALUES ('2929', 'embarrass', '使窘迫，使为难', '2');
INSERT INTO `words` VALUES ('2930', 'body', '身体；尸体；主体', '2');
INSERT INTO `words` VALUES ('2931', 'holiday', '假期；假日，节日', '2');
INSERT INTO `words` VALUES ('2932', 'glass', '玻璃；玻璃杯', '2');
INSERT INTO `words` VALUES ('2933', 'royal', '王的；皇家的', '2');
INSERT INTO `words` VALUES ('2934', 'wave', '波；波涛', '2');
INSERT INTO `words` VALUES ('2935', 'different', '差异的；各种的', '2');
INSERT INTO `words` VALUES ('2936', 'cut', '切，割，剪；减少', '2');
INSERT INTO `words` VALUES ('2937', 'praise', '赞扬，赞美', '2');
INSERT INTO `words` VALUES ('2938', 'monitor', '班长；监视器', '2');
INSERT INTO `words` VALUES ('2939', 'dawn', '黎明；开端', '2');
INSERT INTO `words` VALUES ('2940', 'oar', '浆，橹', '2');
INSERT INTO `words` VALUES ('2941', 'kneel', '跪，跪下，跪着', '2');
INSERT INTO `words` VALUES ('2942', 'ordinary', '平常的；平凡的', '2');
INSERT INTO `words` VALUES ('2943', 'postage', '邮费，邮资', '2');
INSERT INTO `words` VALUES ('2944', 'component', '组成部分；成分；组件', '2');
INSERT INTO `words` VALUES ('2945', 'hit', '打；碰撞', '2');
INSERT INTO `words` VALUES ('2946', 'cheer', '使振作；欢呼', '2');
INSERT INTO `words` VALUES ('2947', 'pass', '经过；通过；度过', '2');
INSERT INTO `words` VALUES ('2948', 'level', '水平面', '2');
INSERT INTO `words` VALUES ('2949', 'anywhere', '在什么地方', '2');
INSERT INTO `words` VALUES ('2950', 'affect', '影响；感动', '2');
INSERT INTO `words` VALUES ('2951', 'deer', '鹿', '2');
INSERT INTO `words` VALUES ('2952', 'every', '每一的；每隔…的', '2');
INSERT INTO `words` VALUES ('2953', 'a', '一（个）；每一（个）', '2');
INSERT INTO `words` VALUES ('2954', 'bar', '酒吧间；条，杆；栅', '2');
INSERT INTO `words` VALUES ('2955', 'plenty', '丰富，充足，大量', '2');
INSERT INTO `words` VALUES ('2956', 'baggage', '行李', '2');
INSERT INTO `words` VALUES ('2957', 'pint', '品脱', '2');
INSERT INTO `words` VALUES ('2958', 'reserve', '预定；储备，保留', '2');
INSERT INTO `words` VALUES ('2959', 'fly', '蝇，苍蝇', '2');
INSERT INTO `words` VALUES ('2960', 'friend', '朋友，友人', '2');
INSERT INTO `words` VALUES ('2961', 'any', '什么，一些；任何的', '2');
INSERT INTO `words` VALUES ('2962', 'expand', '扩大；使膨胀', '2');
INSERT INTO `words` VALUES ('2963', 'nurse', '护士；保姆', '2');
INSERT INTO `words` VALUES ('2964', 'toilet', '厕所，盥洗室，浴室', '2');
INSERT INTO `words` VALUES ('2965', 'creep', '爬行；缓慢地行进', '2');
INSERT INTO `words` VALUES ('2966', 'prompt', '及时的', '2');
INSERT INTO `words` VALUES ('2967', 'goods', '货物；商品', '2');
INSERT INTO `words` VALUES ('2968', 'career', '生涯，职业；经历', '2');
INSERT INTO `words` VALUES ('2969', 'museum', '博物馆；展览馆', '2');
INSERT INTO `words` VALUES ('2970', 'coast', '海岸，海滨（地区）', '2');
INSERT INTO `words` VALUES ('2971', 'diamond', '金钢石，钻石；菱形', '2');
INSERT INTO `words` VALUES ('2972', 'increasingly', '日益，越来越多地', '2');
INSERT INTO `words` VALUES ('2973', 'spill', '使溢出', '2');
INSERT INTO `words` VALUES ('2974', 'comprehension', '理解，理解力；领悟', '2');
INSERT INTO `words` VALUES ('2975', 'consciousness', '意识，觉悟；知觉', '2');
INSERT INTO `words` VALUES ('2976', 'chest', '胸腔，胸膛；箱子', '2');
INSERT INTO `words` VALUES ('2977', 'otherwise', '否则；要不然', '2');
INSERT INTO `words` VALUES ('2978', 'movement', '动作，活动；移动', '2');
INSERT INTO `words` VALUES ('2979', 'bowl', '碗，钵；碗状物', '2');
INSERT INTO `words` VALUES ('2980', 'bat', '球拍；蝙蝠', '2');
INSERT INTO `words` VALUES ('2981', 'somewhat', '有点', '2');
INSERT INTO `words` VALUES ('2982', 'ancestor', '祖宗，祖先', '2');
INSERT INTO `words` VALUES ('2983', 'liberal', '心胸宽大的；慷慨的', '2');
INSERT INTO `words` VALUES ('2984', 'far', '远的', '2');
INSERT INTO `words` VALUES ('2985', 'battle', '战役；斗争', '2');
INSERT INTO `words` VALUES ('2986', 'tropical', '热带的', '2');
INSERT INTO `words` VALUES ('2987', 'molecule', '分子，克分子', '2');
INSERT INTO `words` VALUES ('2988', 'general', '总的；一般的', '2');
INSERT INTO `words` VALUES ('2989', 'gentle', '和蔼的；轻柔的', '2');
INSERT INTO `words` VALUES ('2990', 'motion', '运动；手势；提议', '2');
INSERT INTO `words` VALUES ('2991', 'however', '然而；不管怎样', '2');
INSERT INTO `words` VALUES ('2992', 'float', '漂浮；使漂浮', '2');
INSERT INTO `words` VALUES ('2993', 'adjust', '调整，调节', '2');
INSERT INTO `words` VALUES ('2994', 'drama', '戏剧', '2');
INSERT INTO `words` VALUES ('2995', 'circular', '圆的；循环的', '2');
INSERT INTO `words` VALUES ('2996', 'financial', '财政的，金融的', '2');
INSERT INTO `words` VALUES ('2997', 'above', '在…上面；高于', '2');
INSERT INTO `words` VALUES ('2998', 'enthusiastic', '热情的，热心的', '2');
INSERT INTO `words` VALUES ('2999', 'landlord', '地主；房东；店主', '2');
INSERT INTO `words` VALUES ('3000', 'volcano', '火山', '2');
INSERT INTO `words` VALUES ('3001', 'convey', '传送；运送', '2');
INSERT INTO `words` VALUES ('3002', 'hard', '硬的；困难的', '2');
INSERT INTO `words` VALUES ('3003', 'microphone', '话筒，麦克风', '2');
INSERT INTO `words` VALUES ('3004', 'proud', '骄傲的；自负的〔含贬义〕；自豪的', '2');
INSERT INTO `words` VALUES ('3005', 'gently', '有礼貌地；柔和地', '2');
INSERT INTO `words` VALUES ('3006', 'curl', '卷毛；螺旋', '2');
INSERT INTO `words` VALUES ('3007', 'gloomy', '黑暗的；令人沮丧的', '2');
INSERT INTO `words` VALUES ('3008', 'flavour', '味，味道；风味', '2');
INSERT INTO `words` VALUES ('3009', 'loud', '响亮的；吵闹的', '2');
INSERT INTO `words` VALUES ('3010', 'manner', '方式；态度；礼貌', '2');
INSERT INTO `words` VALUES ('3011', 'psychological', '心理的，心理学的', '2');
INSERT INTO `words` VALUES ('3012', 'passive', '被动的；消极的', '2');
INSERT INTO `words` VALUES ('3013', 'tender', '嫩的；脆弱的', '2');
INSERT INTO `words` VALUES ('3014', 'dry', '干的，干燥的', '2');
INSERT INTO `words` VALUES ('3015', 'mute', '缄默的', '2');
INSERT INTO `words` VALUES ('3016', 'dorm', '宿舍', '2');
INSERT INTO `words` VALUES ('3017', 'discard', '丢弃，抛弃，遗弃', '2');
INSERT INTO `words` VALUES ('3018', 'change', '改变，变化；零钱', '2');
INSERT INTO `words` VALUES ('3019', 'outstanding', '突出的，杰出的', '2');
INSERT INTO `words` VALUES ('3020', 'distress', '忧虑，悲伤', '2');
INSERT INTO `words` VALUES ('3021', 'wear', '磨损', '2');
INSERT INTO `words` VALUES ('3022', 'relate', '使联系；叙述', '2');
INSERT INTO `words` VALUES ('3023', 'undergo', '经历，经受，忍受', '2');
INSERT INTO `words` VALUES ('3024', 'radioactive', '放射性的', '2');
INSERT INTO `words` VALUES ('3025', 'geography', '地理，地理学', '2');
INSERT INTO `words` VALUES ('3026', 'his', '他的，他的东西', '2');
INSERT INTO `words` VALUES ('3027', 'probable', '很可能的；大概的', '2');
INSERT INTO `words` VALUES ('3028', 'aware', '知道的，意识到的', '2');
INSERT INTO `words` VALUES ('3029', 'central', '中心的；主要的', '2');
INSERT INTO `words` VALUES ('3030', 'ownership', '所有（权），所有制', '2');
INSERT INTO `words` VALUES ('3031', 'household', '家庭，户；家务', '2');
INSERT INTO `words` VALUES ('3032', 'site', '地点，地基；场所', '2');
INSERT INTO `words` VALUES ('3033', 'nine', '九，九个', '2');
INSERT INTO `words` VALUES ('3034', 'voyage', '航海，航空', '2');
INSERT INTO `words` VALUES ('3035', 'expensive', '昂贵的，花钱多的', '2');
INSERT INTO `words` VALUES ('3036', 'provide', '提供；装备，供给', '2');
INSERT INTO `words` VALUES ('3037', 'before', '在…以前', '2');
INSERT INTO `words` VALUES ('3038', 'empty', '空的；空洞的', '2');
INSERT INTO `words` VALUES ('3039', 'heat', '热；炎热', '2');
INSERT INTO `words` VALUES ('3040', 'professional', '职业的', '2');
INSERT INTO `words` VALUES ('3041', 'Canadian', '加拿大的', '2');
INSERT INTO `words` VALUES ('3042', 'beam', '梁；横梁；束，柱', '2');
INSERT INTO `words` VALUES ('3043', 'last', '最后的', '2');
INSERT INTO `words` VALUES ('3044', 'cause', '原因；理由；事业', '2');
INSERT INTO `words` VALUES ('3045', 'reluctant', '不愿的，勉强的', '2');
INSERT INTO `words` VALUES ('3046', 'exclaim', '呼喊；惊叫', '2');
INSERT INTO `words` VALUES ('3047', 'breed', '品种', '2');
INSERT INTO `words` VALUES ('3048', 'keeper', '饲养员；看护人', '2');
INSERT INTO `words` VALUES ('3049', 'mouth', '嘴，口，口腔', '2');
INSERT INTO `words` VALUES ('3050', 'camel', '骆驼', '2');
INSERT INTO `words` VALUES ('3051', 'hell', '地狱；极大的痛苦', '2');
INSERT INTO `words` VALUES ('3052', 'fourth', '第四', '2');
INSERT INTO `words` VALUES ('3053', 'March', '三月', '2');
INSERT INTO `words` VALUES ('3054', 'entrance', '入口，门口；进入', '2');
INSERT INTO `words` VALUES ('3055', 'essential', '必要的；本质的', '2');
INSERT INTO `words` VALUES ('3056', 'consider', '考虑；认为；关心', '2');
INSERT INTO `words` VALUES ('3057', 'compress', '压紧，压缩', '2');
INSERT INTO `words` VALUES ('3058', 'brow', '额；眉，眉毛', '2');
INSERT INTO `words` VALUES ('3059', 'sound', '健康的；完好的', '2');
INSERT INTO `words` VALUES ('3060', 'recall', '回想；叫回；收回', '2');
INSERT INTO `words` VALUES ('3061', 'scarcely', '几乎不；仅仅', '2');
INSERT INTO `words` VALUES ('3062', 'secure', '安心的；安全的', '2');
INSERT INTO `words` VALUES ('3063', 'mayor', '市长', '2');
INSERT INTO `words` VALUES ('3064', 'most', '最多的', '2');
INSERT INTO `words` VALUES ('3065', 'connection', '连接，联系', '2');
INSERT INTO `words` VALUES ('3066', 'nature', '大自然；本性；性质', '2');
INSERT INTO `words` VALUES ('3067', 'alone', '单独的', '2');
INSERT INTO `words` VALUES ('3068', 'marvellous', '奇迹般的；了不起的', '2');
INSERT INTO `words` VALUES ('3069', 'hold', '拿住；掌握；拥有', '2');
INSERT INTO `words` VALUES ('3070', 'like', '喜欢；喜爱；希望', '2');
INSERT INTO `words` VALUES ('3071', 'treat', '对待；处理', '2');
INSERT INTO `words` VALUES ('3072', 'beg', '乞求；请求', '2');
INSERT INTO `words` VALUES ('3073', 'footstep', '脚步；脚步声；足迹', '2');
INSERT INTO `words` VALUES ('3074', 'himself', '他自己；他亲自', '2');
INSERT INTO `words` VALUES ('3075', 'cure', '医治；消除', '2');
INSERT INTO `words` VALUES ('3076', 'bough', '树枝', '2');
INSERT INTO `words` VALUES ('3077', 'bee', '蜂，密蜂；忙碌的人', '2');
INSERT INTO `words` VALUES ('3078', 'treaty', '条约；协议，协定', '2');
INSERT INTO `words` VALUES ('3079', 'bird', '鸟，禽', '2');
INSERT INTO `words` VALUES ('3080', 'butterfly', '蝴蝶', '2');
INSERT INTO `words` VALUES ('3081', 'insert', '插入；嵌入；登载', '2');
INSERT INTO `words` VALUES ('3082', 'phase', '阶段；相位', '2');
INSERT INTO `words` VALUES ('3083', 'irregular', '不规则的；不整齐的', '2');
INSERT INTO `words` VALUES ('3084', 'necessarily', '必然，必定', '2');
INSERT INTO `words` VALUES ('3085', 'cloth', '布；衣料；桌布', '2');
INSERT INTO `words` VALUES ('3086', 'door', '门；通道；一家', '2');
INSERT INTO `words` VALUES ('3087', 'description', '描写，形容；种类', '2');
INSERT INTO `words` VALUES ('3088', 'marry', '结婚；娶，嫁', '2');
INSERT INTO `words` VALUES ('3089', 'beat', '打，敲；打败', '2');
INSERT INTO `words` VALUES ('3090', 'community', '社区；社会；公社', '2');
INSERT INTO `words` VALUES ('3091', 'swing', '摇摆；回转', '2');
INSERT INTO `words` VALUES ('3092', 'branch', '树枝；分部；分科', '2');
INSERT INTO `words` VALUES ('3093', 'stimulate', '刺激；激励，激发', '2');
INSERT INTO `words` VALUES ('3094', 'uneasy', '心神不安的，忧虑的', '2');
INSERT INTO `words` VALUES ('3095', 'solemn', '严肃的，庄重的；庄严的；隆重的', '2');
INSERT INTO `words` VALUES ('3096', 'sew', '缝制，缝纫', '2');
INSERT INTO `words` VALUES ('3097', 'astronaut', '宇宙航行员，宇航员', '2');
INSERT INTO `words` VALUES ('3098', 'memorial', '纪念的；记忆的', '2');
INSERT INTO `words` VALUES ('3099', 'dispose', '去掉，丢掉；销毁', '2');
INSERT INTO `words` VALUES ('3100', 'brighten', '使发光；使快活', '2');
INSERT INTO `words` VALUES ('3101', 'addition', '附加物；加，加法', '2');
INSERT INTO `words` VALUES ('3102', 'sulfur', '硫（磺），硫黄', '2');
INSERT INTO `words` VALUES ('3103', 'beginner', '初学者，生手', '2');
INSERT INTO `words` VALUES ('3104', 'impress', '给…深刻印象', '2');
INSERT INTO `words` VALUES ('3105', 'print', '印刷', '2');
INSERT INTO `words` VALUES ('3106', 'fit', '适合；安装', '2');
INSERT INTO `words` VALUES ('3107', 'lay', '置放；铺设；设置', '2');
INSERT INTO `words` VALUES ('3108', 'pollute', '弄脏，污染，沾污', '2');
INSERT INTO `words` VALUES ('3109', 'experimental', '实验的，试验的', '2');
INSERT INTO `words` VALUES ('3110', 'attach', '缚，系，贴；附加', '2');
INSERT INTO `words` VALUES ('3111', 'focus', '聚焦；注视', '2');
INSERT INTO `words` VALUES ('3112', 'hunt', '打猎；搜寻', '2');
INSERT INTO `words` VALUES ('3113', 'cruel', '残忍的，残酷的', '2');
INSERT INTO `words` VALUES ('3114', 'desk', '书桌，办公桌', '2');
INSERT INTO `words` VALUES ('3115', 'cost', '价格；代价；成本', '2');
INSERT INTO `words` VALUES ('3116', 'slam', '使劲关；砰地放下', '2');
INSERT INTO `words` VALUES ('3117', 'decay', '腐烂；衰败', '2');
INSERT INTO `words` VALUES ('3118', 'opera', '歌剧', '2');
INSERT INTO `words` VALUES ('3119', 'towel', '毛巾，手巾', '2');
INSERT INTO `words` VALUES ('3120', 'crowd', '人群；一伙人；大众', '2');
INSERT INTO `words` VALUES ('3121', 'decade', '十年，十年期', '2');
INSERT INTO `words` VALUES ('3122', 'introduction', '介绍；引进；引言', '2');
INSERT INTO `words` VALUES ('3123', 'car', '汽车，小汽车，轿车', '2');
INSERT INTO `words` VALUES ('3124', 'prime', '首要的', '2');
INSERT INTO `words` VALUES ('3125', 'ache', '痛', '2');
INSERT INTO `words` VALUES ('3126', 'grand', '宏伟的；重大的', '2');
INSERT INTO `words` VALUES ('3127', 'earn', '赚得，挣得；获得', '2');
INSERT INTO `words` VALUES ('3128', 'goodness', '优良，德性，仁慈', '2');
INSERT INTO `words` VALUES ('3129', 'gunpowder', '黑色火药；有烟火药', '2');
INSERT INTO `words` VALUES ('3130', 'spray', '浪花；喷雾', '2');
INSERT INTO `words` VALUES ('3131', 'guide', '导游者', '2');
INSERT INTO `words` VALUES ('3132', 'pile', '堆', '2');
INSERT INTO `words` VALUES ('3133', 'bless', '为…祝福', '2');
INSERT INTO `words` VALUES ('3134', 'row', '（一）排，（一）行', '2');
INSERT INTO `words` VALUES ('3135', 'trick', '诡计；窍门', '2');
INSERT INTO `words` VALUES ('3136', 'February', '二月', '2');
INSERT INTO `words` VALUES ('3137', 'cell', '细胞；小房间', '2');
INSERT INTO `words` VALUES ('3138', 'completely', '十分，完全地', '2');
INSERT INTO `words` VALUES ('3139', 'overtake', '追上，赶上', '2');
INSERT INTO `words` VALUES ('3140', 'extend', '延长；扩大', '2');
INSERT INTO `words` VALUES ('3141', 'pair', '一对', '2');
INSERT INTO `words` VALUES ('3142', 'policy', '政策，方针', '2');
INSERT INTO `words` VALUES ('3143', 'sympathetic', '同情的', '2');
INSERT INTO `words` VALUES ('3144', 'mass', '团；众多；群众', '2');
INSERT INTO `words` VALUES ('3145', 'desperate', '拼死的；绝望的', '2');
INSERT INTO `words` VALUES ('3146', 'initial', '最初的', '2');
INSERT INTO `words` VALUES ('3147', 'red', '红色的', '2');
INSERT INTO `words` VALUES ('3148', 'award', '奖，奖品', '2');
INSERT INTO `words` VALUES ('3149', 'dig', '掘，挖；采掘', '2');
INSERT INTO `words` VALUES ('3150', 'electron', '电子', '2');
INSERT INTO `words` VALUES ('3151', 'comfortable', '舒适的', '2');
INSERT INTO `words` VALUES ('3152', 'association', '协会，团体；联合', '2');
INSERT INTO `words` VALUES ('3153', 'labour', '劳动；工作；劳工', '2');
INSERT INTO `words` VALUES ('3154', 'diagram', '图解，图表，简图', '2');
INSERT INTO `words` VALUES ('3155', 'scheme', '计划，规划；诡计', '2');
INSERT INTO `words` VALUES ('3156', 'accustomed', '惯常的；习惯的', '2');
INSERT INTO `words` VALUES ('3157', 'substantial', '坚固的', '2');
INSERT INTO `words` VALUES ('3158', 'awake', '醒着的', '2');
INSERT INTO `words` VALUES ('3159', 'entry', '入口处；登记；进入', '2');
INSERT INTO `words` VALUES ('3160', 'assistant', '助手，助理；助教', '2');
INSERT INTO `words` VALUES ('3161', 'pocket', '衣袋', '2');
INSERT INTO `words` VALUES ('3162', 'code', '准则；法典；代码', '2');
INSERT INTO `words` VALUES ('3163', 'lime', '石灰', '2');
INSERT INTO `words` VALUES ('3164', 'drum', '鼓；鼓状物；圆桶', '2');
INSERT INTO `words` VALUES ('3165', 'singular', '单数的；非凡的', '2');
INSERT INTO `words` VALUES ('3166', 'aim', '瞄准；针对；致力', '2');
INSERT INTO `words` VALUES ('3167', 'counter', '柜台；计数器', '2');
INSERT INTO `words` VALUES ('3168', 'because', '由于，因为', '2');
INSERT INTO `words` VALUES ('3169', 'religious', '宗教的；虔诚的', '2');
INSERT INTO `words` VALUES ('3170', 'persuade', '说服', '2');
INSERT INTO `words` VALUES ('3171', 'consumption', '消耗量；消耗', '2');
INSERT INTO `words` VALUES ('3172', 'harmony', '调合，协调，和谐', '2');
INSERT INTO `words` VALUES ('3173', 'improvement', '改进，改善；改进之处', '2');
INSERT INTO `words` VALUES ('3174', 'dial', '钟面；拨号盘', '2');
INSERT INTO `words` VALUES ('3175', 'efficient', '效率高的，有能力的', '2');
INSERT INTO `words` VALUES ('3176', 'loudspeaker', '扬声器，喇叭', '2');
INSERT INTO `words` VALUES ('3177', 'typist', '打字员', '2');
INSERT INTO `words` VALUES ('3178', 'accumulate', '积累；堆积', '2');
INSERT INTO `words` VALUES ('3179', 'grasp', '抓紧；掌握', '2');
INSERT INTO `words` VALUES ('3180', 'picnic', '郊游，野餐', '2');
INSERT INTO `words` VALUES ('3181', 'crisis', '危机；存亡之际', '2');
INSERT INTO `words` VALUES ('3182', 'underneath', '在下面，在底下', '2');
INSERT INTO `words` VALUES ('3183', 'contain', '包含，容纳', '2');
INSERT INTO `words` VALUES ('3184', 'go', '去；走；变为', '2');
INSERT INTO `words` VALUES ('3185', 'loyalty', '忠诚；忠心', '2');
INSERT INTO `words` VALUES ('3186', 'amaze', '使惊奇，使惊愕', '2');
INSERT INTO `words` VALUES ('3187', 'copper', '铜；铜币', '2');
INSERT INTO `words` VALUES ('3188', 'delivery', '投递；交付；分娩', '2');
INSERT INTO `words` VALUES ('3189', 'institute', '研究所；学院', '2');
INSERT INTO `words` VALUES ('3190', 'assign', '指派〔任务〕；分配；分派', '2');
INSERT INTO `words` VALUES ('3191', 'intelligence', '智力；理解力；情报', '2');
INSERT INTO `words` VALUES ('3192', 'fill', '装满，盛满；占满', '2');
INSERT INTO `words` VALUES ('3193', 'overhead', '在头顶上的；架空的', '2');
INSERT INTO `words` VALUES ('3194', 'conscience', '良心，道德心', '2');
INSERT INTO `words` VALUES ('3195', 'ours', '我们的', '2');
INSERT INTO `words` VALUES ('3196', 'borrow', '借，借用，借人', '2');
INSERT INTO `words` VALUES ('3197', 'landing', '上岸，登陆，着陆', '2');
INSERT INTO `words` VALUES ('3198', 'urgent', '紧急的', '2');
INSERT INTO `words` VALUES ('3199', 'Roman', '古罗马人', '2');
INSERT INTO `words` VALUES ('3200', 'remind', '提醒，使想起', '2');
INSERT INTO `words` VALUES ('3201', 'power', '能力；力；权；幂', '2');
INSERT INTO `words` VALUES ('3202', 'pick', '镐，鹤嘴锄', '2');
INSERT INTO `words` VALUES ('3203', 'possess', '占用，拥有（财产）', '2');
INSERT INTO `words` VALUES ('3204', 'between', '在…中间', '2');
INSERT INTO `words` VALUES ('3205', 'cafe', '咖啡馆；小餐厅', '2');
INSERT INTO `words` VALUES ('3206', 'solid', '固体的', '2');
INSERT INTO `words` VALUES ('3207', 'badly', '坏，差；严重地', '2');
INSERT INTO `words` VALUES ('3208', 'or', '或，或者；即', '2');
INSERT INTO `words` VALUES ('3209', 'individual', '个别的；独特的', '2');
INSERT INTO `words` VALUES ('3210', 'headquarters', '总部；司令部', '2');
INSERT INTO `words` VALUES ('3211', 'medal', '奖章，勋章，纪念章', '2');
INSERT INTO `words` VALUES ('3212', 'associate', '交往', '2');
INSERT INTO `words` VALUES ('3213', 'post', '柱，桩，杆', '2');
INSERT INTO `words` VALUES ('3214', 'awkward', '尴尬的；笨拙的', '2');
INSERT INTO `words` VALUES ('3215', 'generally', '一般地；通常地', '2');
INSERT INTO `words` VALUES ('3216', 'drop', '使落下；降低', '2');
INSERT INTO `words` VALUES ('3217', 'fine', '美好的；纤细的', '2');
INSERT INTO `words` VALUES ('3218', 'its', '它的', '2');
INSERT INTO `words` VALUES ('3219', 'carry', '携带；运载；传送', '2');
INSERT INTO `words` VALUES ('3220', 'bill', '账单；票据；招贴', '2');
INSERT INTO `words` VALUES ('3221', 'barber', '理发师', '2');
INSERT INTO `words` VALUES ('3222', 'payment', '支付', '2');
INSERT INTO `words` VALUES ('3223', 'tower', '塔', '2');
INSERT INTO `words` VALUES ('3224', 'luggage', '行李；皮箱，皮包', '2');
INSERT INTO `words` VALUES ('3225', 'important', '重要的；有势力的', '2');
INSERT INTO `words` VALUES ('3226', 'flare', '闪耀', '2');
INSERT INTO `words` VALUES ('3227', 'off', '（离）开；（停）止', '2');
INSERT INTO `words` VALUES ('3228', 'dear', '亲爱的', '2');
INSERT INTO `words` VALUES ('3229', 'constant', '经常的；永恒的', '2');
INSERT INTO `words` VALUES ('3230', 'mode', '方式；样式', '2');
INSERT INTO `words` VALUES ('3231', 'coal', '煤；煤块', '2');
INSERT INTO `words` VALUES ('3232', 'approximate', '近似的', '2');
INSERT INTO `words` VALUES ('3233', 'defect', '缺点，缺陷，欠缺', '2');
INSERT INTO `words` VALUES ('3234', 'afternoon', '下午，午后', '2');
INSERT INTO `words` VALUES ('3235', 'worthless', '无价值的，无用的', '2');
INSERT INTO `words` VALUES ('3236', 'infect', '传染；感染', '2');
INSERT INTO `words` VALUES ('3237', 'ultimate', '最后的，最终的', '2');
INSERT INTO `words` VALUES ('3238', 'linen', '亚麻布；亚麻织物', '2');
INSERT INTO `words` VALUES ('3239', 'moist', '湿润的；多雨的', '2');
INSERT INTO `words` VALUES ('3240', 'anger', '怒，愤怒', '2');
INSERT INTO `words` VALUES ('3241', 'April', '四月', '2');
INSERT INTO `words` VALUES ('3242', 'fate', '命运，天数', '2');
INSERT INTO `words` VALUES ('3243', 'match', '比赛，竞赛；对手', '2');
INSERT INTO `words` VALUES ('3244', 'gasoline', '（美）汽油', '2');
INSERT INTO `words` VALUES ('3245', 'how', '怎么；怎样；多少', '2');
INSERT INTO `words` VALUES ('3246', 'patient', '忍耐的', '2');
INSERT INTO `words` VALUES ('3247', 'cunning', '狡猾的，狡诈的', '2');
INSERT INTO `words` VALUES ('3248', 'paragraph', '（文章的）段，节', '2');
INSERT INTO `words` VALUES ('3249', 'alternative', '替换物；取舍，抉择', '2');
INSERT INTO `words` VALUES ('3250', 'dust', '尘土，灰尘', '2');
INSERT INTO `words` VALUES ('3251', 'wound', '创伤，伤', '2');
INSERT INTO `words` VALUES ('3252', 'grade', '给…分等级', '2');
INSERT INTO `words` VALUES ('3253', 'pop', '流行音乐，流行歌曲', '2');
INSERT INTO `words` VALUES ('3254', 'aviation', '航空，航空学', '2');
INSERT INTO `words` VALUES ('3255', 'vast', '巨大的；大量的', '2');
INSERT INTO `words` VALUES ('3256', 'diverse', '不一样的，相异的', '2');
INSERT INTO `words` VALUES ('3257', 'enjoy', '享受；欣赏，喜爱', '2');
INSERT INTO `words` VALUES ('3258', 'potential', '潜在的', '2');
INSERT INTO `words` VALUES ('3259', 'deceive', '欺骗，蒙蔽，行骗', '2');
INSERT INTO `words` VALUES ('3260', 'voltage', '电压', '2');
INSERT INTO `words` VALUES ('3261', 'reporter', '记者，通讯员', '2');
INSERT INTO `words` VALUES ('3262', 'dialog', '对话，对白', '2');
INSERT INTO `words` VALUES ('3263', 'air', '空气；空中', '2');
INSERT INTO `words` VALUES ('3264', 'circulate', '使循环', '2');
INSERT INTO `words` VALUES ('3265', 'garden', '花园，菜园；公园', '2');
INSERT INTO `words` VALUES ('3266', 'discovery', '发现；被发现的事物', '2');
INSERT INTO `words` VALUES ('3267', 'underline', '划线于…之下', '2');
INSERT INTO `words` VALUES ('3268', 'concept', '概念，观念，设想', '2');
INSERT INTO `words` VALUES ('3269', 'look', '看，显得', '2');
INSERT INTO `words` VALUES ('3270', 'forever', '永远；总是，老是', '2');
INSERT INTO `words` VALUES ('3271', 'worship', '礼拜；崇拜；崇拜: 爱慕：崇敬', '2');
INSERT INTO `words` VALUES ('3272', 'altogether', '完全；总而言之', '2');
INSERT INTO `words` VALUES ('3273', 'tough', '坚韧的；健壮的', '2');
INSERT INTO `words` VALUES ('3274', 'glimpse', '瞥见', '2');
INSERT INTO `words` VALUES ('3275', 'dialect', '方言，土语，地方话', '2');
INSERT INTO `words` VALUES ('3276', 'vertical', '垂直的，竖式的', '2');
INSERT INTO `words` VALUES ('3277', 'vice', '罪恶；恶习', '2');
INSERT INTO `words` VALUES ('3278', 'romantic', '浪漫的', '2');
INSERT INTO `words` VALUES ('3279', 'dictate', '口授；命令', '2');
INSERT INTO `words` VALUES ('3280', 'health', '健康状况；健康', '2');
INSERT INTO `words` VALUES ('3281', 'awful', '令人不愉快的', '2');
INSERT INTO `words` VALUES ('3282', 'plural', '复数的', '2');
INSERT INTO `words` VALUES ('3283', 'influential', '有影响的；有权势的', '2');
INSERT INTO `words` VALUES ('3284', 'piece', '块；碎片', '2');
INSERT INTO `words` VALUES ('3285', 'free', '自由的；空闲的', '2');
INSERT INTO `words` VALUES ('3286', 'robot', '机器人；自动机', '2');
INSERT INTO `words` VALUES ('3287', 'applicable', '能应用的；适当的', '2');
INSERT INTO `words` VALUES ('3288', 'demonstrate', '说明；论证；表露', '2');
INSERT INTO `words` VALUES ('3289', 'nobody', '谁也不；无人', '2');
INSERT INTO `words` VALUES ('3290', 'unload', '卸（货）', '2');
INSERT INTO `words` VALUES ('3291', 'apologize', '道歉，谢罪，认错', '2');
INSERT INTO `words` VALUES ('3292', 'complex', '复杂的', '2');
INSERT INTO `words` VALUES ('3293', 'anxiety', '焦虑，忧虑；渴望', '2');
INSERT INTO `words` VALUES ('3294', 'drag', '拖，拉；拖曳', '2');
INSERT INTO `words` VALUES ('3295', 'clay', '粘土，泥土', '2');
INSERT INTO `words` VALUES ('3296', 'government', '政府；治理；政治', '2');
INSERT INTO `words` VALUES ('3297', 'flower', '花，花卉；开花', '2');
INSERT INTO `words` VALUES ('3298', 'casual', '偶然的；随便的', '2');
INSERT INTO `words` VALUES ('3299', 'outwards', '向外，往海外', '2');
INSERT INTO `words` VALUES ('3300', 'withstand', '抵挡，反抗', '2');
INSERT INTO `words` VALUES ('3301', 'forgive', '原谅，饶恕，宽恕', '2');
INSERT INTO `words` VALUES ('3302', 'eve', '前夜，前夕', '2');
INSERT INTO `words` VALUES ('3303', 'bind', '捆绑；包扎；装订', '2');
INSERT INTO `words` VALUES ('3304', 'pillar', '柱，柱子；栋梁', '2');
INSERT INTO `words` VALUES ('3305', 'metric', '公制的，米制的', '2');
INSERT INTO `words` VALUES ('3306', 'pine', '松树；松木', '2');
INSERT INTO `words` VALUES ('3307', 'explore', '探险，探索', '2');
INSERT INTO `words` VALUES ('3308', 'profession', '职业', '2');
INSERT INTO `words` VALUES ('3309', 'eighteen', '十八，十八个', '2');
INSERT INTO `words` VALUES ('3310', 'breath', '气息，呼吸', '2');
INSERT INTO `words` VALUES ('3311', 'gang', '一帮，一伙', '2');
INSERT INTO `words` VALUES ('3312', 'effort', '努力；努力的成果', '2');
INSERT INTO `words` VALUES ('3313', 'hardship', '艰难，困苦', '2');
INSERT INTO `words` VALUES ('3314', 'near', '近，接近', '2');
INSERT INTO `words` VALUES ('3315', 'shower', '阵雨；（一）阵；淋浴', '2');
INSERT INTO `words` VALUES ('3316', 'alive', '活着的；活跃的', '2');
INSERT INTO `words` VALUES ('3317', 'Indian', '印度的', '2');
INSERT INTO `words` VALUES ('3318', 'serve', '为…服务；招待', '2');
INSERT INTO `words` VALUES ('3319', 'backward', '向后的；倒退的', '2');
INSERT INTO `words` VALUES ('3320', 'fear', '害怕；担心', '2');
INSERT INTO `words` VALUES ('3321', 'operational', '操作上的；可使用的', '2');
INSERT INTO `words` VALUES ('3322', 'delay', '耽搁；延误；推迟', '2');
INSERT INTO `words` VALUES ('3323', 'arithmetic', '算术；四则运算', '2');
INSERT INTO `words` VALUES ('3324', 'value', '价值；价格', '2');
INSERT INTO `words` VALUES ('3325', 'madam', '夫人，女士，太太', '2');
INSERT INTO `words` VALUES ('3326', 'dangerous', '危险的，不安全的', '2');
INSERT INTO `words` VALUES ('3327', 'if', '假如，如果', '2');
INSERT INTO `words` VALUES ('3328', 'per', '每', '2');
INSERT INTO `words` VALUES ('3329', 'loss', '遗失；损失；失败', '2');
INSERT INTO `words` VALUES ('3330', 'damp', '潮湿的，有湿气的', '2');
INSERT INTO `words` VALUES ('3331', 'age', '年龄；时代', '2');
INSERT INTO `words` VALUES ('3332', 'launch', '发射，投射；发动', '2');
INSERT INTO `words` VALUES ('3333', 'stain', '沾污；给…着色', '2');
INSERT INTO `words` VALUES ('3334', 'vain', '徒劳的；自负的', '2');
INSERT INTO `words` VALUES ('3335', 'gratitude', '感激，感谢，感恩', '2');
INSERT INTO `words` VALUES ('3336', 'assignment', '任务；指定的作业', '2');
INSERT INTO `words` VALUES ('3337', 'egg', '蛋，卵；蛋，鸡蛋', '2');
INSERT INTO `words` VALUES ('3338', 'tailor', '裁缝', '2');
INSERT INTO `words` VALUES ('3339', 'reliable', '可靠的，可信赖的', '2');
INSERT INTO `words` VALUES ('3340', 'pole', '杆，柱', '2');
INSERT INTO `words` VALUES ('3341', 'broad', '宽的，阔的；广泛的', '2');
INSERT INTO `words` VALUES ('3342', 'June', '六月', '2');
INSERT INTO `words` VALUES ('3343', 'accordingly', '照着；因此，所以', '2');
INSERT INTO `words` VALUES ('3344', 'careless', '粗心的；漫不经心的', '2');
INSERT INTO `words` VALUES ('3345', 'comfort', '舒适；安慰', '2');
INSERT INTO `words` VALUES ('3346', 'facility', '设备', '2');
INSERT INTO `words` VALUES ('3347', 'employee', '受雇者，雇员，雇工', '2');
INSERT INTO `words` VALUES ('3348', 'typical', '典型的，代表性的', '2');
INSERT INTO `words` VALUES ('3349', 'nucleus', '核，（原子）核；核心', '2');
INSERT INTO `words` VALUES ('3350', 'all', '全部的', '2');
INSERT INTO `words` VALUES ('3351', 'negative', '否定的；消极的', '2');
INSERT INTO `words` VALUES ('3352', 'India', '印度', '2');
INSERT INTO `words` VALUES ('3353', 'advanced', '先进的；高级的', '2');
INSERT INTO `words` VALUES ('3354', 'cottage', '村舍，小屋', '2');
INSERT INTO `words` VALUES ('3355', 'oblige', '迫使', '2');
INSERT INTO `words` VALUES ('3356', 'evaluate', '评价，估…的价', '2');
INSERT INTO `words` VALUES ('3357', 'skilled', '有技能的，熟练的', '2');
INSERT INTO `words` VALUES ('3358', 'inn', '小旅店；小酒店', '2');
INSERT INTO `words` VALUES ('3359', 'static', '静的；静态的', '2');
INSERT INTO `words` VALUES ('3360', 'forty', '四十，第四十', '2');
INSERT INTO `words` VALUES ('3361', 'severe', '严厉的', '2');
INSERT INTO `words` VALUES ('3362', 'portrait', '肖像，画像', '2');
INSERT INTO `words` VALUES ('3363', 'derive', '取得；起源', '2');
INSERT INTO `words` VALUES ('3364', 'partial', '部分的；不公平的', '2');
INSERT INTO `words` VALUES ('3365', 'yearly', '每年的', '2');
INSERT INTO `words` VALUES ('3366', 'straw', '稻草；麦杆；吸管', '2');
INSERT INTO `words` VALUES ('3367', 'dip', '浸，蘸', '2');
INSERT INTO `words` VALUES ('3368', 'invite', '邀请；（正式）邀请，请求', '2');
INSERT INTO `words` VALUES ('3369', 'cord', '细绳，粗线，索', '2');
INSERT INTO `words` VALUES ('3370', 'invasion', '入侵，侵略；侵犯', '2');
INSERT INTO `words` VALUES ('3371', 'audience', '听众，观众，读者', '2');
INSERT INTO `words` VALUES ('3372', 'compound', '化合物；复合词', '2');
INSERT INTO `words` VALUES ('3373', 'risk', '风险，危险；冒险', '2');
INSERT INTO `words` VALUES ('3374', 'almost', '几乎，差不多', '2');
INSERT INTO `words` VALUES ('3375', 'loosen', '解开；使松驰', '2');
INSERT INTO `words` VALUES ('3376', 'industrialize', '使工业化', '2');
INSERT INTO `words` VALUES ('3377', 'glorious', '光荣的；壮丽的', '2');
INSERT INTO `words` VALUES ('3378', 'normally', '通常；正常地', '2');
INSERT INTO `words` VALUES ('3379', 'excess', '超越；过量；过度', '2');
INSERT INTO `words` VALUES ('3380', 'ridiculous', '荒谬的，可笑的', '2');
INSERT INTO `words` VALUES ('3381', 'balloon', '气球，玩具气球', '2');
INSERT INTO `words` VALUES ('3382', 'in', '在…里；进，入', '2');
INSERT INTO `words` VALUES ('3383', 'everyday', '每天的，日常的', '2');
INSERT INTO `words` VALUES ('3384', 'exaggerate', '夸大，夸张', '2');
INSERT INTO `words` VALUES ('3385', 'furthermore', '而且，此外', '2');
INSERT INTO `words` VALUES ('3386', 'transfer', '转移；调动', '2');
INSERT INTO `words` VALUES ('3387', 'criminal', '犯人，罪犯，刑事犯', '2');
INSERT INTO `words` VALUES ('3388', 'Christian', '基督教徒；信徒', '2');
INSERT INTO `words` VALUES ('3389', 'cargo', '船货，货物', '2');
INSERT INTO `words` VALUES ('3390', 'plantation', '种植园', '2');
INSERT INTO `words` VALUES ('3391', 'gross', '总的；严重的', '2');
INSERT INTO `words` VALUES ('3392', 'gradual', '逐渐的；渐进的', '2');
INSERT INTO `words` VALUES ('3393', 'culture', '文化，文明', '2');
INSERT INTO `words` VALUES ('3394', 'position', '姿势；位置；职位', '2');
INSERT INTO `words` VALUES ('3395', 'four', '四，四个，第四', '2');
INSERT INTO `words` VALUES ('3396', 'immigrant', '移民', '2');
INSERT INTO `words` VALUES ('3397', 'trend', '倾向', '2');
INSERT INTO `words` VALUES ('3398', 'humid', '湿的，湿气重的', '2');
INSERT INTO `words` VALUES ('3399', 'preparation', '准备，预备；制备', '2');
INSERT INTO `words` VALUES ('3400', 'magnetic', '磁的；有吸引力的', '2');
INSERT INTO `words` VALUES ('3401', 'November', '十一月', '2');
INSERT INTO `words` VALUES ('3402', 'clothes', '衣服，服装', '2');
INSERT INTO `words` VALUES ('3403', 'glow', '白热光', '2');
INSERT INTO `words` VALUES ('3404', 'pad', '垫；本子', '2');
INSERT INTO `words` VALUES ('3405', 'dusk', '薄暮，黄昏，幽暗', '2');
INSERT INTO `words` VALUES ('3406', 'force', '强迫', '2');
INSERT INTO `words` VALUES ('3407', 'rainy', '下雨的，多雨的', '2');
INSERT INTO `words` VALUES ('3408', 'tame', '驯服的；顺从的', '2');
INSERT INTO `words` VALUES ('3409', 'formal', '正式的；礼仪上的', '2');
INSERT INTO `words` VALUES ('3410', 'switch', '开关；转换', '2');
INSERT INTO `words` VALUES ('3411', 'fruit', '水果；果实；成果', '2');
INSERT INTO `words` VALUES ('3412', 'equation', '方程（式）；等式', '2');
INSERT INTO `words` VALUES ('3413', 'circumstance', '情况，条件；境遇', '2');
INSERT INTO `words` VALUES ('3414', 'eighty', '八十，八十个', '2');
INSERT INTO `words` VALUES ('3415', 'reach', '抵达；伸出；达到', '2');
INSERT INTO `words` VALUES ('3416', 'luxury', '奢侈，奢华；奢侈品', '2');
INSERT INTO `words` VALUES ('3417', 'pound', '磅；英磅', '2');
INSERT INTO `words` VALUES ('3418', 'beer', '啤酒', '2');
INSERT INTO `words` VALUES ('3419', 'accuracy', '准确（性）；准确度', '2');
INSERT INTO `words` VALUES ('3420', 'punish', '罚，惩罚，处罚', '2');
INSERT INTO `words` VALUES ('3421', 'poetry', '诗，诗歌，诗作', '2');
INSERT INTO `words` VALUES ('3422', 'idle', '空闲的；懒散的', '2');
INSERT INTO `words` VALUES ('3423', 'rare', '稀薄的；稀有的', '2');
INSERT INTO `words` VALUES ('3424', 'environment', '环境，外界', '2');
INSERT INTO `words` VALUES ('3425', 'island', '岛，岛屿', '2');
INSERT INTO `words` VALUES ('3426', 'color', '颜色，彩色；颜料', '2');
INSERT INTO `words` VALUES ('3427', 'extremely', '极端，极其，非常', '2');
INSERT INTO `words` VALUES ('3428', 'certainly', '一定，必定；当然', '2');
INSERT INTO `words` VALUES ('3429', 'tractor', '拖拉机；牵引车', '2');
INSERT INTO `words` VALUES ('3430', 'handwriting', '笔迹，手迹，书法', '2');
INSERT INTO `words` VALUES ('3431', 'aid', '帮助；助手；救护', '2');
INSERT INTO `words` VALUES ('3432', 'craft', '工艺；手艺', '2');
INSERT INTO `words` VALUES ('3433', 'laugh', '笑，发笑', '2');
INSERT INTO `words` VALUES ('3434', 'century', '世纪；百年', '2');
INSERT INTO `words` VALUES ('3435', 'hers', '她的（所有物）', '2');
INSERT INTO `words` VALUES ('3436', 'gravity', '重力，引力；严重性', '2');
INSERT INTO `words` VALUES ('3437', 'northeast', '东北', '2');
INSERT INTO `words` VALUES ('3438', 'purpose', '目的；意图', '2');
INSERT INTO `words` VALUES ('3439', 'issue', '问题；发行', '2');
INSERT INTO `words` VALUES ('3440', 'literary', '文学（上）的', '2');
INSERT INTO `words` VALUES ('3441', 'hire', '租借', '2');
INSERT INTO `words` VALUES ('3442', 'nursery', '托儿所；苗圃', '2');
INSERT INTO `words` VALUES ('3443', 'excite', '使激动；引起', '2');
INSERT INTO `words` VALUES ('3444', 'resolution', '坚决，坚定；决定', '2');
INSERT INTO `words` VALUES ('3445', 'disappoint', '使失望，使受挫折', '2');
INSERT INTO `words` VALUES ('3446', 'silver', '银；银币；银器', '2');
INSERT INTO `words` VALUES ('3447', 'hesitate', '犹豫，踌躇；含糊', '2');
INSERT INTO `words` VALUES ('3448', 'transmit', '传送，传达；发射', '2');
INSERT INTO `words` VALUES ('3449', 'threaten', '威胁，恐吓', '2');
INSERT INTO `words` VALUES ('3450', 'lap', '〔坐着时的〕大腿部；一圈', '2');
INSERT INTO `words` VALUES ('3451', 'tremendous', '极大的，非常的', '2');
INSERT INTO `words` VALUES ('3452', 'independence', '独立；自主，自立', '2');
INSERT INTO `words` VALUES ('3453', 'manager', '经理，管理人', '2');
INSERT INTO `words` VALUES ('3454', 'brass', '黄铜；黄铜器', '2');
INSERT INTO `words` VALUES ('3455', 'band', '乐队；带；波段', '2');
INSERT INTO `words` VALUES ('3456', 'proceed', '进行；继续进行', '2');
INSERT INTO `words` VALUES ('3457', 'expansion', '扩大；扩充；扩张', '2');
INSERT INTO `words` VALUES ('3458', 'from', '从…来', '2');
INSERT INTO `words` VALUES ('3459', 'elimination', '排除，消除；消灭', '2');
INSERT INTO `words` VALUES ('3460', 'defend', '保卫，防守', '2');
INSERT INTO `words` VALUES ('3461', 'significant', '有意义的；重要的', '2');
INSERT INTO `words` VALUES ('3462', 'always', '总是，一直；永远', '2');
INSERT INTO `words` VALUES ('3463', 'rod', '杆，竿，棒', '2');
INSERT INTO `words` VALUES ('3464', 'mainland', '大陆', '2');
INSERT INTO `words` VALUES ('3465', 'maximum', '最大量', '2');
INSERT INTO `words` VALUES ('3466', 'honeymoon', '蜜月', '2');
INSERT INTO `words` VALUES ('3467', 'content', '满意的，满足的', '2');
INSERT INTO `words` VALUES ('3468', 'scholar', '学者（尤指文学方面）', '2');
INSERT INTO `words` VALUES ('3469', 'tedious', '冗长乏味的，沉闷的', '2');
INSERT INTO `words` VALUES ('3470', 'late', '迟的', '2');
INSERT INTO `words` VALUES ('3471', 'Germany', '德意志，德国', '2');
INSERT INTO `words` VALUES ('3472', 'figure', '数字；外形；人物', '2');
INSERT INTO `words` VALUES ('3473', 'clearly', '明白地，清晰地', '2');
INSERT INTO `words` VALUES ('3474', 'follow', '跟随；结果是', '2');
INSERT INTO `words` VALUES ('3475', 'fortunately', '幸运地，幸亏', '2');
INSERT INTO `words` VALUES ('3476', 'particle', '微粒；粒子', '2');
INSERT INTO `words` VALUES ('3477', 'version', '说法；译文；改写本', '2');
INSERT INTO `words` VALUES ('3478', 'pink', '粉红色', '2');
INSERT INTO `words` VALUES ('3479', 'bring', '带来；引出；促使', '2');
INSERT INTO `words` VALUES ('3480', 'ground', '地；场地；根据', '2');
INSERT INTO `words` VALUES ('3481', 'pursue', '进行；追赶，追踪', '2');
INSERT INTO `words` VALUES ('3482', 'film', '影片；胶卷；薄层', '2');
INSERT INTO `words` VALUES ('3483', 'Canada', '加拿大', '2');
INSERT INTO `words` VALUES ('3484', 'propose', '提议；求婚', '2');
INSERT INTO `words` VALUES ('3485', 'recorder', '录音机；记录者', '2');
INSERT INTO `words` VALUES ('3486', 'economy', '经济；节约，节省', '2');
INSERT INTO `words` VALUES ('3487', 'sensible', '明智的；感觉得到的', '2');
INSERT INTO `words` VALUES ('3488', 'among', '在…之中', '2');
INSERT INTO `words` VALUES ('3489', 'discussion', '讨论，谈论；论述', '2');
INSERT INTO `words` VALUES ('3490', 'republic', '共和国，共和政体', '2');
INSERT INTO `words` VALUES ('3491', 'yawn', '打呵欠', '2');
INSERT INTO `words` VALUES ('3492', 'lawn', '草地，草坪，草场', '2');
INSERT INTO `words` VALUES ('3493', 'gas', '气体；煤气；汽油', '2');
INSERT INTO `words` VALUES ('3494', 'distant', '在远处的；疏远的', '2');
INSERT INTO `words` VALUES ('3495', 'ability', '能力；能耐；本领', '2');
INSERT INTO `words` VALUES ('3496', 'instinct', '本能；直觉；生性', '2');
INSERT INTO `words` VALUES ('3497', 'approval', '批准；赞成，同意', '2');
INSERT INTO `words` VALUES ('3498', 'await', '等候，期待', '2');
INSERT INTO `words` VALUES ('3499', 'lemon', '柠檬，柠檬树', '2');
INSERT INTO `words` VALUES ('3500', 'triangle', '三角（形）', '2');
INSERT INTO `words` VALUES ('3501', 'advise', '劝告；建议；通知', '2');
INSERT INTO `words` VALUES ('3502', 'bank', '银行；库；沿，堤', '2');
INSERT INTO `words` VALUES ('3503', 'measurement', '尺寸；衡量，测量', '2');
INSERT INTO `words` VALUES ('3504', 'help', '帮助；援助', '2');
INSERT INTO `words` VALUES ('3505', 'justice', '司法；正义，公正', '2');
INSERT INTO `words` VALUES ('3506', 'remember', '记得；想起；记住', '2');
INSERT INTO `words` VALUES ('3507', 'widow', '寡妇', '2');
INSERT INTO `words` VALUES ('3508', 'telescope', '望远镜', '2');
INSERT INTO `words` VALUES ('3509', 'even', '甚至；甚至更，还', '2');
INSERT INTO `words` VALUES ('3510', 'booth', '公用电话亭；货摊', '2');
INSERT INTO `words` VALUES ('3511', 'final', '最后的；决定性的', '2');
INSERT INTO `words` VALUES ('3512', 'receiver', '收受者，收件人', '2');
INSERT INTO `words` VALUES ('3513', 'drought', '旱灾，干旱', '2');
INSERT INTO `words` VALUES ('3514', 'tin', '锡；罐头', '2');
INSERT INTO `words` VALUES ('3515', 'left', '左边的', '2');
INSERT INTO `words` VALUES ('3516', 'resign', '放弃', '2');
INSERT INTO `words` VALUES ('3517', 'farm', '农场，农庄；饲养场', '2');
INSERT INTO `words` VALUES ('3518', 'miner', '矿工', '2');
INSERT INTO `words` VALUES ('3519', 'prosperity', '繁荣；昌盛，兴旺', '2');
INSERT INTO `words` VALUES ('3520', 'Britain', '不列颠，英国', '2');
INSERT INTO `words` VALUES ('3521', 'mix', '使混合，混淆', '2');
INSERT INTO `words` VALUES ('3522', 'average', '平均数', '2');
INSERT INTO `words` VALUES ('3523', 'pinch', '捏，拧，掐掉', '2');
INSERT INTO `words` VALUES ('3524', 'whip', '鞭笞；搅打', '2');
INSERT INTO `words` VALUES ('3525', 'fond', '喜爱的；溺爱的', '2');
INSERT INTO `words` VALUES ('3526', 'expression', '词句；表达；表情', '2');
INSERT INTO `words` VALUES ('3527', 'five', '五，五个，第五', '2');
INSERT INTO `words` VALUES ('3528', 'agriculture', '农业，农艺；农学', '2');
INSERT INTO `words` VALUES ('3529', 'anyhow', '无论如何', '2');
INSERT INTO `words` VALUES ('3530', 'transistor', '晶体管', '2');
INSERT INTO `words` VALUES ('3531', 'house', '房屋，住宅；商号', '2');
INSERT INTO `words` VALUES ('3532', 'knob', '门把，拉手；旋纽', '2');
INSERT INTO `words` VALUES ('3533', 'religion', '宗教信仰；宗教', '2');
INSERT INTO `words` VALUES ('3534', 'factor', '因素；系数；因子', '2');
INSERT INTO `words` VALUES ('3535', 'inexpensive', '花费不多的，廉价的', '2');
INSERT INTO `words` VALUES ('3536', 'finish', '完成；结束', '2');
INSERT INTO `words` VALUES ('3537', 'phenomenon', '现象', '2');
INSERT INTO `words` VALUES ('3538', 'allow', '允许，准许；任', '2');
INSERT INTO `words` VALUES ('3539', 'keen', '热心的；激烈的', '2');
INSERT INTO `words` VALUES ('3540', 'presently', '一会儿；目前', '2');
INSERT INTO `words` VALUES ('3541', 'statistical', '统计的，统计学的', '2');
INSERT INTO `words` VALUES ('3542', 'vitamin', '维生素，维他命', '2');
INSERT INTO `words` VALUES ('3543', 'enemy', '敌人；仇敌；敌兵', '2');
INSERT INTO `words` VALUES ('3544', 'eight', '八，八个', '2');
INSERT INTO `words` VALUES ('3545', 'design', '设计', '2');
INSERT INTO `words` VALUES ('3546', 'cream', '奶油，乳脂；奶油色', '2');
INSERT INTO `words` VALUES ('3547', 'duty', '责任；职责；税', '2');
INSERT INTO `words` VALUES ('3548', 'cousin', '堂（或表）兄弟（姐妹）', '2');
INSERT INTO `words` VALUES ('3549', 'lamb', '羔羊，小羊；羔羊肉', '2');
INSERT INTO `words` VALUES ('3550', 'canteen', '小卖部；临时餐室', '2');
INSERT INTO `words` VALUES ('3551', 'clear', '清晰的', '2');
INSERT INTO `words` VALUES ('3552', 'whilst', '当…的时候', '2');
INSERT INTO `words` VALUES ('3553', 'bake', '烤，烘，焙；烧硬', '2');
INSERT INTO `words` VALUES ('3554', 'airplane', '飞机', '2');
INSERT INTO `words` VALUES ('3555', 'coat', '外套，上衣；皮毛', '2');
INSERT INTO `words` VALUES ('3556', 'intention', '意图，意向，目的', '2');
INSERT INTO `words` VALUES ('3557', 'interruption', '障碍物；中断，打断', '2');
INSERT INTO `words` VALUES ('3558', 'wreck', '沉船，失事船', '2');
INSERT INTO `words` VALUES ('3559', 'affair', '事务；事情，事件', '2');
INSERT INTO `words` VALUES ('3560', 'mill', '磨坊；制造厂', '2');
INSERT INTO `words` VALUES ('3561', 'cup', '杯子；（一）杯；奖杯', '2');
INSERT INTO `words` VALUES ('3562', 'chill', '使变冷', '2');
INSERT INTO `words` VALUES ('3563', 'physicist', '物理学家', '2');
INSERT INTO `words` VALUES ('3564', 'oppose', '反对；反抗', '2');
INSERT INTO `words` VALUES ('3565', 'hurry', '赶紧；催促', '2');
INSERT INTO `words` VALUES ('3566', 'bad', '坏的，恶的；严重的', '2');
INSERT INTO `words` VALUES ('3567', 'prohibit', '禁止；阻止', '2');
INSERT INTO `words` VALUES ('3568', 'pig', '猪，小猪，野猪', '2');
INSERT INTO `words` VALUES ('3569', 'grandfather', '祖父；外祖父', '2');
INSERT INTO `words` VALUES ('3570', 'gain', '获得；增加', '2');
INSERT INTO `words` VALUES ('3571', 'sideways', '斜着，斜向一边地', '2');
INSERT INTO `words` VALUES ('3572', 'except', '除…之外', '2');
INSERT INTO `words` VALUES ('3573', 'weave', '织，编', '2');
INSERT INTO `words` VALUES ('3574', 'consist', '由…组成；在于', '2');
INSERT INTO `words` VALUES ('3575', 'heir', '后嗣，继承人', '2');
INSERT INTO `words` VALUES ('3576', 'continual', '不断的；连续的', '2');
INSERT INTO `words` VALUES ('3577', 'image', '图像；映像；形象；印象', '2');
INSERT INTO `words` VALUES ('3578', 'insult', '侮辱，凌辱', '2');
INSERT INTO `words` VALUES ('3579', 'unexpected', '想不到的，意外的', '2');
INSERT INTO `words` VALUES ('3580', 'art', '艺术，美术；技术', '2');
INSERT INTO `words` VALUES ('3581', 'reward', '报答；报酬', '2');
INSERT INTO `words` VALUES ('3582', 'simplicity', '简单，简易；朴素', '2');
INSERT INTO `words` VALUES ('3583', 'interview', '接见；会见；面谈', '2');
INSERT INTO `words` VALUES ('3584', 'buy', '买，购买', '2');
INSERT INTO `words` VALUES ('3585', 'opposite', '对面的', '2');
INSERT INTO `words` VALUES ('3586', 'girl', '女孩子，姑娘；女儿', '2');
INSERT INTO `words` VALUES ('3587', 'chess', '棋；国际象棋', '2');
INSERT INTO `words` VALUES ('3588', 'quote', '引用，引证；报价', '2');
INSERT INTO `words` VALUES ('3589', 'exhibit', '陈列，展览；显示', '2');
INSERT INTO `words` VALUES ('3590', 'resistant', '抵抗的；反抗的', '2');
INSERT INTO `words` VALUES ('3591', 'kite', '风筝', '2');
INSERT INTO `words` VALUES ('3592', 'stroke', '中风；打，击；鸣声', '2');
INSERT INTO `words` VALUES ('3593', 'move', '移动；感动', '2');
INSERT INTO `words` VALUES ('3594', 'beneficial', '有利的，有益的', '2');
INSERT INTO `words` VALUES ('3595', 'sow', '播（种）', '2');
INSERT INTO `words` VALUES ('3596', 'prepare', '准备，预备', '2');
INSERT INTO `words` VALUES ('3597', 'millimetre', '毫米', '2');
INSERT INTO `words` VALUES ('3598', 'council', '理事会，委员会', '2');
INSERT INTO `words` VALUES ('3599', 'grocery', '食品杂货店', '2');
INSERT INTO `words` VALUES ('3600', 'interfere', '干涉，干预；妨碍', '2');
INSERT INTO `words` VALUES ('3601', 'glue', '胶，胶水', '2');
INSERT INTO `words` VALUES ('3602', 'imaginary', '想象中的，假想的', '2');
INSERT INTO `words` VALUES ('3603', 'contemporary', '当代的；同时代的', '2');
INSERT INTO `words` VALUES ('3604', 'at', '在…里；在…时', '2');
INSERT INTO `words` VALUES ('3605', 'crow', '鸦，乌鸦', '2');
INSERT INTO `words` VALUES ('3606', 'depend', '依靠，依赖；相信', '2');
INSERT INTO `words` VALUES ('3607', 'item', '一项，一件，一条', '2');
INSERT INTO `words` VALUES ('3608', 'entire', '全部的，整个的', '2');
INSERT INTO `words` VALUES ('3609', 'charge', '索价；控告', '2');
INSERT INTO `words` VALUES ('3610', 'behavior', '行为，举止，态度', '2');
INSERT INTO `words` VALUES ('3611', 'provided', '以…为条件', '2');
INSERT INTO `words` VALUES ('3612', 'thus', '如此，这样；因而', '2');
INSERT INTO `words` VALUES ('3613', 'agreement', '协定，协议；同意', '2');
INSERT INTO `words` VALUES ('3614', 'device', '器械，装置', '2');
INSERT INTO `words` VALUES ('3615', 'clothing', '衣服', '2');
INSERT INTO `words` VALUES ('3616', 'cube', '立方形；立方', '2');
INSERT INTO `words` VALUES ('3617', 'marriage', '结婚，婚姻；婚礼', '2');
INSERT INTO `words` VALUES ('3618', 'kingdom', '王国；界', '2');
INSERT INTO `words` VALUES ('3619', 'bow', '鞠躬；弓；蝴蝶结', '2');
INSERT INTO `words` VALUES ('3620', 'vessel', '船，飞船；管；容器', '2');
INSERT INTO `words` VALUES ('3621', 'automatic', '自动的；机械的', '2');
INSERT INTO `words` VALUES ('3622', 'trace', '痕迹；丝毫', '2');
INSERT INTO `words` VALUES ('3623', 'overnight', '一夜；突然', '2');
INSERT INTO `words` VALUES ('3624', 'feather', '羽毛；翎毛；羽状物', '2');
INSERT INTO `words` VALUES ('3625', 'Monday', '星期一', '2');
INSERT INTO `words` VALUES ('3626', 'export', '出口；输出', '2');
INSERT INTO `words` VALUES ('3627', 'badminton', '羽毛球', '2');
INSERT INTO `words` VALUES ('3628', 'arrival', '到达；到来；到达者', '2');
INSERT INTO `words` VALUES ('3629', 'knock', '敲，击，打', '2');
INSERT INTO `words` VALUES ('3630', 'fifteen', '十五；十五个', '2');
INSERT INTO `words` VALUES ('3631', 'aunt', '伯母，婶母，姑母', '2');
INSERT INTO `words` VALUES ('3632', 'motive', '动机，目的', '2');
INSERT INTO `words` VALUES ('3633', 'capture', '捕获，俘获；夺得', '2');
INSERT INTO `words` VALUES ('3634', 'handful', '一把；少数，一小撮', '2');
INSERT INTO `words` VALUES ('3635', 'being', '存在；生物；生命', '2');
INSERT INTO `words` VALUES ('3636', 'contract', '契约，合同', '2');
INSERT INTO `words` VALUES ('3637', 'collective', '集体的；集合性的', '2');
INSERT INTO `words` VALUES ('3638', 'building', '建筑物，大楼；建筑', '2');
INSERT INTO `words` VALUES ('3639', 'crew', '全体船员', '2');
INSERT INTO `words` VALUES ('3640', 'postman', '邮递员', '2');
INSERT INTO `words` VALUES ('3641', 'corresponding', '相应的；符合的', '2');
INSERT INTO `words` VALUES ('3642', 'restless', '不安定的，焦虑的', '2');
INSERT INTO `words` VALUES ('3643', 'tempt', '引诱，诱惑；吸引', '2');
INSERT INTO `words` VALUES ('3644', 'fix', '决定；使固定', '2');
INSERT INTO `words` VALUES ('3645', 'classroom', '教室，课堂', '2');
INSERT INTO `words` VALUES ('3646', 'corridor', '走廊，回廊，通路', '2');
INSERT INTO `words` VALUES ('3647', 'daughter', '女儿', '2');
INSERT INTO `words` VALUES ('3648', 'out', '出，在外；现出来', '2');
INSERT INTO `words` VALUES ('3649', 'outdoors', '在户外，在野外', '2');
INSERT INTO `words` VALUES ('3650', 'universal', '全世界的；全体的；共同的；普遍的', '2');
INSERT INTO `words` VALUES ('3651', 'garage', '车库；加油站', '2');
INSERT INTO `words` VALUES ('3652', 'mark', '斑点；记号', '2');
INSERT INTO `words` VALUES ('3653', 'outcome', '结果，后果，成果', '2');
INSERT INTO `words` VALUES ('3654', 'duration', '持续，持久', '2');
INSERT INTO `words` VALUES ('3655', 'consideration', '考虑，思考；体贴', '2');
INSERT INTO `words` VALUES ('3656', 'mould', '模子，模型', '2');
INSERT INTO `words` VALUES ('3657', 'already', '早已，已经', '2');
INSERT INTO `words` VALUES ('3658', 'tune', '调子', '2');
INSERT INTO `words` VALUES ('3659', 'logical', '逻辑的；符合逻辑的', '2');
INSERT INTO `words` VALUES ('3660', 'book', '书，书籍', '2');
INSERT INTO `words` VALUES ('3661', 'heavy', '重的；大的；充满的', '2');
INSERT INTO `words` VALUES ('3662', 'loan', '贷款；暂借', '2');
INSERT INTO `words` VALUES ('3663', 'peach', '桃子，桃树', '2');
INSERT INTO `words` VALUES ('3664', 'danger', '危险；危险事物', '2');
INSERT INTO `words` VALUES ('3665', 'horsepower', '马力', '2');
INSERT INTO `words` VALUES ('3666', 'prevent', '预防，防止；阻止', '2');
INSERT INTO `words` VALUES ('3667', 'yield', '出产', '2');
INSERT INTO `words` VALUES ('3668', 'punch', '用拳猛击', '2');
INSERT INTO `words` VALUES ('3669', 'calculator', '计算器，计算者', '2');
INSERT INTO `words` VALUES ('3670', 'plate', '盘', '2');
INSERT INTO `words` VALUES ('3671', 'disclose', '揭开，揭发；透露', '2');
INSERT INTO `words` VALUES ('3672', 'communication', '通讯；传达；交通', '2');
INSERT INTO `words` VALUES ('3673', 'slide', '滑', '2');
INSERT INTO `words` VALUES ('3674', 'candidate', '候选人；投考者', '2');
INSERT INTO `words` VALUES ('3675', 'mount', '登上，爬上', '2');
INSERT INTO `words` VALUES ('3676', 'rat', '老鼠，耗子', '2');
INSERT INTO `words` VALUES ('3677', 'neighbour', '邻居，邻人；邻国', '2');
INSERT INTO `words` VALUES ('3678', 'ceremony', '典礼，仪式；礼节', '2');
INSERT INTO `words` VALUES ('3679', 'fiction', '小说；虚构，杜撰', '2');
INSERT INTO `words` VALUES ('3680', 'determine', '查明；决定；决心', '2');
INSERT INTO `words` VALUES ('3681', 'plan', '计划，打算', '2');
INSERT INTO `words` VALUES ('3682', 'Greek', '希腊的', '2');
INSERT INTO `words` VALUES ('3683', 'party', '聚会；党，党派', '2');
INSERT INTO `words` VALUES ('3684', 'further', '更远地', '2');
INSERT INTO `words` VALUES ('3685', 'radio', '无线电；收音机', '2');
INSERT INTO `words` VALUES ('3686', 'contribute', '捐献，捐助；投稿', '2');
INSERT INTO `words` VALUES ('3687', 'catalog', '目录，目录册', '2');
INSERT INTO `words` VALUES ('3688', 'coward', '懦夫；胆怯者', '2');
INSERT INTO `words` VALUES ('3689', 'apply', '应用，实施，使用', '2');
INSERT INTO `words` VALUES ('3690', 'throat', '咽喉，喉咙；嗓音', '2');
INSERT INTO `words` VALUES ('3691', 'ice', '冰，冰块', '2');
INSERT INTO `words` VALUES ('3692', 'piano', '钢琴', '2');
INSERT INTO `words` VALUES ('3693', 'discuss', '讨论，谈论；论述', '2');
INSERT INTO `words` VALUES ('3694', 'neat', '整洁的', '2');
INSERT INTO `words` VALUES ('3695', 'refresh', '使清新；恢复精神', '2');
INSERT INTO `words` VALUES ('3696', 'curiosity', '好奇，好奇心；珍品', '2');
INSERT INTO `words` VALUES ('3697', 'divide', '分；分开；分配', '2');
INSERT INTO `words` VALUES ('3698', 'leader', '领袖，领导人；首领', '2');
INSERT INTO `words` VALUES ('3699', 'fibre', '纤维质；纤维', '2');
INSERT INTO `words` VALUES ('3700', 'trim', '整齐的', '2');
INSERT INTO `words` VALUES ('3701', 'baby', '婴儿；孩子气的人', '2');
INSERT INTO `words` VALUES ('3702', 'wooden', '木制的；呆板的', '2');
INSERT INTO `words` VALUES ('3703', 'clap', '拍手；拍，轻拍', '2');
INSERT INTO `words` VALUES ('3704', 'vibrate', '使颤动', '2');
INSERT INTO `words` VALUES ('3705', 'honest', '诚实的', '2');
INSERT INTO `words` VALUES ('3706', 'necklace', '项链，项圈', '2');
INSERT INTO `words` VALUES ('3707', 'blame', '责备，把…归咎于', '2');
INSERT INTO `words` VALUES ('3708', 'substance', '物质；实质；本旨', '2');
INSERT INTO `words` VALUES ('3709', 'merry', '欢乐的，愉快的', '2');
INSERT INTO `words` VALUES ('3710', 'fountain', '泉水，喷泉；源泉', '2');
INSERT INTO `words` VALUES ('3711', 'surroundings', '周围的事物，环境', '2');
INSERT INTO `words` VALUES ('3712', 'chair', '椅子；主席', '2');
INSERT INTO `words` VALUES ('3713', 'procession', '队伍，行列', '2');
INSERT INTO `words` VALUES ('3714', 'back', '回原处；回；在后', '2');
INSERT INTO `words` VALUES ('3715', 'jacket', '短上衣，茄克衫', '2');
INSERT INTO `words` VALUES ('3716', 'rifle', '步枪，来复枪', '2');
INSERT INTO `words` VALUES ('3717', 'our', '我们的', '2');
INSERT INTO `words` VALUES ('3718', 'low', '低的；矮的；低下的', '2');
INSERT INTO `words` VALUES ('3719', 'opponent', '对手，敌手；对抗者', '2');
INSERT INTO `words` VALUES ('3720', 'pretend', '假装', '2');
INSERT INTO `words` VALUES ('3721', 'bathroom', '浴室；盥洗室', '2');
INSERT INTO `words` VALUES ('3722', 'champion', '冠军，得胜者', '2');
INSERT INTO `words` VALUES ('3723', 'jump', '跳；暴涨', '2');
INSERT INTO `words` VALUES ('3724', 'count', '计算；数，计数', '2');
INSERT INTO `words` VALUES ('3725', 'vivid', '生动的；鲜艳的', '2');
INSERT INTO `words` VALUES ('3726', 'biscuit', '（英）饼干；（美）软饼', '2');
INSERT INTO `words` VALUES ('3727', 'orange', '橙（树）；柑（树）', '2');
INSERT INTO `words` VALUES ('3728', 'advantage', '优势；优点；好处', '2');
INSERT INTO `words` VALUES ('3729', 'upper', '上面的；地位较高的', '2');
INSERT INTO `words` VALUES ('3730', 'senior', '地位较高的', '2');
INSERT INTO `words` VALUES ('3731', 'regular', '规则的；整齐的', '2');
INSERT INTO `words` VALUES ('3732', 'majority', '多数，大多数', '2');
INSERT INTO `words` VALUES ('3733', 'blossom', '花；开花', '2');
INSERT INTO `words` VALUES ('3734', 'heading', '标题，题词，题名', '2');
INSERT INTO `words` VALUES ('3735', 'fridge', '电冰箱', '2');
INSERT INTO `words` VALUES ('3736', 'destruction', '破坏，毁灭，消灭', '2');
INSERT INTO `words` VALUES ('3737', 'commerce', '商业，贸易；社交', '2');
INSERT INTO `words` VALUES ('3738', 'transmission', '传送；传动；发射', '2');
INSERT INTO `words` VALUES ('3739', 'German', '德国的', '2');
INSERT INTO `words` VALUES ('3740', 'elsewhere', '在别处，向别处', '2');
INSERT INTO `words` VALUES ('3741', 'British', '不列颠的，英联邦的', '2');
INSERT INTO `words` VALUES ('3742', 'discover', '发现', '2');
INSERT INTO `words` VALUES ('3743', 'series', '连续，系列；丛书', '2');
INSERT INTO `words` VALUES ('3744', 'personnel', '全体人员，全体职员', '2');
INSERT INTO `words` VALUES ('3745', 'faulty', '有缺点的；有错误的', '2');
INSERT INTO `words` VALUES ('3746', 'inherit', '继承（传统等）', '2');
INSERT INTO `words` VALUES ('3747', 'famous', '著名的，出名的', '2');
INSERT INTO `words` VALUES ('3748', 'only', '只，仅仅', '2');
INSERT INTO `words` VALUES ('3749', 'resolve', '解决；决心', '2');
INSERT INTO `words` VALUES ('3750', 'gold', '金', '2');
INSERT INTO `words` VALUES ('3751', 'leisure', '空闲时间；悠闲', '2');
INSERT INTO `words` VALUES ('3752', 'breathe', '呼吸', '2');
INSERT INTO `words` VALUES ('3753', 'metre', '米，公尺', '2');
INSERT INTO `words` VALUES ('3754', 'rainbow', '虹，彩虹', '2');
INSERT INTO `words` VALUES ('3755', 'furniture', '家具', '2');
INSERT INTO `words` VALUES ('3756', 'outer', '外部的，外面的', '2');
INSERT INTO `words` VALUES ('3757', 'college', '学院；大学', '2');
INSERT INTO `words` VALUES ('3758', 'mother', '母亲，妈妈', '2');
INSERT INTO `words` VALUES ('3759', 'hour', '小时；时间；时刻', '2');
INSERT INTO `words` VALUES ('3760', 'respective', '各自的，各个的', '2');
INSERT INTO `words` VALUES ('3761', 'crop', '农作物，庄稼；一熟：一季的收成', '2');
INSERT INTO `words` VALUES ('3762', 'feel', '有知觉；触，摸', '2');
INSERT INTO `words` VALUES ('3763', 'ounce', '盎司，英两', '2');
INSERT INTO `words` VALUES ('3764', 'handle', '柄，把手', '2');
INSERT INTO `words` VALUES ('3765', 'active', '活跃的；积极的', '2');
INSERT INTO `words` VALUES ('3766', 'conservation', '保存，保护', '2');
INSERT INTO `words` VALUES ('3767', 'game', '游戏；比赛；猎物', '2');
INSERT INTO `words` VALUES ('3768', 'devil', '魔鬼，恶魔', '2');
INSERT INTO `words` VALUES ('3769', 'imagination', '想象；想象力；空想', '2');
INSERT INTO `words` VALUES ('3770', 'opinion', '意见，看法，主张', '2');
INSERT INTO `words` VALUES ('3771', 'maid', '女佣，女仆；少女', '2');
INSERT INTO `words` VALUES ('3772', 'admire', '钦佩，羡慕，赞赏', '2');
INSERT INTO `words` VALUES ('3773', 'yard', '院子，庭院；场地', '2');
INSERT INTO `words` VALUES ('3774', 'doctor', '医生，医师；博士', '2');
INSERT INTO `words` VALUES ('3775', 'dam', '水坝，水堤；障碍物', '2');
INSERT INTO `words` VALUES ('3776', 'ripe', '熟的；时机成熟的', '2');
INSERT INTO `words` VALUES ('3777', 'soil', '弄脏', '2');
INSERT INTO `words` VALUES ('3778', 'earth', '地球；陆地，地面', '2');
INSERT INTO `words` VALUES ('3779', 'alphabet', '字母表，字母系统', '2');
INSERT INTO `words` VALUES ('3780', 'lucky', '幸运的；吉祥的', '2');
INSERT INTO `words` VALUES ('3781', 'waggon', '四轮运货马车', '2');
INSERT INTO `words` VALUES ('3782', 'restore', '恢复；修补；归还', '2');
INSERT INTO `words` VALUES ('3783', 'complicated', '难懂的；复杂的', '2');
INSERT INTO `words` VALUES ('3784', 'regret', '懊悔；抱歉', '2');
INSERT INTO `words` VALUES ('3785', 'rack', '搁物架；行李架', '2');
INSERT INTO `words` VALUES ('3786', 'lace', '鞋带，系带；花边', '2');
INSERT INTO `words` VALUES ('3787', 'jolly', '快活的；令人高兴的', '2');
INSERT INTO `words` VALUES ('3788', 'area', '地区；面积；领域', '2');
INSERT INTO `words` VALUES ('3789', 'Oceania', '大洋洲', '2');
INSERT INTO `words` VALUES ('3790', 'chemical', '化学的', '2');
INSERT INTO `words` VALUES ('3791', 'ocean', '海洋；洋', '2');
INSERT INTO `words` VALUES ('3792', 'lord', '贵族；上帝', '2');
INSERT INTO `words` VALUES ('3793', 'intelligent', '聪明的；理智的', '2');
INSERT INTO `words` VALUES ('3794', 'loop', '圈，环，环孔', '2');
INSERT INTO `words` VALUES ('3795', 'greedy', '贪吃的；贪婪的', '2');
INSERT INTO `words` VALUES ('3796', 'everything', '每件事，事事', '2');
INSERT INTO `words` VALUES ('3797', 'feedback', '反馈', '2');
INSERT INTO `words` VALUES ('3798', 'total', '总的', '2');
INSERT INTO `words` VALUES ('3799', 'ad', '广告', '2');
INSERT INTO `words` VALUES ('3800', 'check', '检查；制止', '2');
INSERT INTO `words` VALUES ('3801', 'create', '创造；引起，产生', '2');
INSERT INTO `words` VALUES ('3802', 'cheap', '廉价的；劣质的', '2');
INSERT INTO `words` VALUES ('3803', 'reject', '拒绝；驳回；丢掉', '2');
INSERT INTO `words` VALUES ('3804', 'anyway', '无论如何', '2');
INSERT INTO `words` VALUES ('3805', 'decorate', '装饰，装璜，修饰', '2');
INSERT INTO `words` VALUES ('3806', 'string', '线，细绳；一串', '2');
INSERT INTO `words` VALUES ('3807', 'moisture', '潮湿，湿气', '2');
INSERT INTO `words` VALUES ('3808', 'memory', '记忆；回忆；存储', '2');
INSERT INTO `words` VALUES ('3809', 'accept', '接受；同意', '2');
INSERT INTO `words` VALUES ('3810', 'behind', '在…后面', '2');
INSERT INTO `words` VALUES ('3811', 'investment', '投资，投资额；投入', '2');
INSERT INTO `words` VALUES ('3812', 'false', '不真实的；伪造的', '2');
INSERT INTO `words` VALUES ('3813', 'increase', '增加', '2');
INSERT INTO `words` VALUES ('3814', 'guest', '客人，宾客；旅客', '2');
INSERT INTO `words` VALUES ('3815', 'constitution', '章程；体质；构造', '2');
INSERT INTO `words` VALUES ('3816', 'illegal', '不合法的，非法的', '2');
INSERT INTO `words` VALUES ('3817', 'carriage', '四轮马车；客车厢', '2');
INSERT INTO `words` VALUES ('3818', 'summarize', '概括，概述，总结', '2');
INSERT INTO `words` VALUES ('3819', 'raw', '未煮过的；未加工的', '2');
INSERT INTO `words` VALUES ('3820', 'extension', '延长部分；伸展', '2');
INSERT INTO `words` VALUES ('3821', 'polite', '有礼貌的；有教养的', '2');
INSERT INTO `words` VALUES ('3822', 'broom', '扫帚', '2');
INSERT INTO `words` VALUES ('3823', 'thereby', '因此，从而，由此', '2');
INSERT INTO `words` VALUES ('3824', 'threat', '威胁，恐吓；凶兆', '2');
INSERT INTO `words` VALUES ('3825', 'justify', '证明…是正当的', '2');
INSERT INTO `words` VALUES ('3826', 'strategy', '战略；策略', '2');
INSERT INTO `words` VALUES ('3827', 'box', '箱，盒；包厢', '2');
INSERT INTO `words` VALUES ('3828', 'simplify', '简化，使单纯', '2');
INSERT INTO `words` VALUES ('3829', 'usage', '使用，对待；惯用法', '2');
INSERT INTO `words` VALUES ('3830', 'aloud', '出声地；大声地', '2');
INSERT INTO `words` VALUES ('3831', 'delight', '快乐', '2');
INSERT INTO `words` VALUES ('3832', 'cripple', '跛子；残疾人', '2');
INSERT INTO `words` VALUES ('3833', 'cigaret', '香烟，纸烟，卷烟', '2');
INSERT INTO `words` VALUES ('3834', 'square', '正方形；广场', '2');
INSERT INTO `words` VALUES ('3835', 'pray', '祈祷；请求', '2');
INSERT INTO `words` VALUES ('3836', 'attraction', '吸引；吸引力；引力', '2');
INSERT INTO `words` VALUES ('3837', 'reputation', '名誉，名声；好名声', '2');
INSERT INTO `words` VALUES ('3838', 'decrease', '减少', '2');
INSERT INTO `words` VALUES ('3839', 'cave', '山洞，洞穴，窑洞', '2');
INSERT INTO `words` VALUES ('3840', 'banana', '香蕉；芭蕉属植物', '2');
INSERT INTO `words` VALUES ('3841', 'unknown', '不知道的；未知的', '2');
INSERT INTO `words` VALUES ('3842', 'despite', '尽管，虽然，任凭', '2');
INSERT INTO `words` VALUES ('3843', 'transportation', '运输，运送，客运', '2');
INSERT INTO `words` VALUES ('3844', 'collar', '衣领；项圈', '2');
INSERT INTO `words` VALUES ('3845', 'lean', '倾斜，屈身；靠', '2');
INSERT INTO `words` VALUES ('3846', 'undergraduate', '大学在校生', '2');
INSERT INTO `words` VALUES ('3847', 'material', '材料；素材', '2');
INSERT INTO `words` VALUES ('3848', 'neutral', '中立的；中性的', '2');
INSERT INTO `words` VALUES ('3849', 'male', '男的，雄的', '2');
INSERT INTO `words` VALUES ('3850', 'circle', '圆；圆周；圈子', '2');
INSERT INTO `words` VALUES ('3851', 'thickness', '厚（度）；密（度）', '2');
INSERT INTO `words` VALUES ('3852', 'news', '新闻；消息', '2');
INSERT INTO `words` VALUES ('3853', 'wicked', '坏的；令人厌恶的', '2');
INSERT INTO `words` VALUES ('3854', 'suspicious', '怀疑的；可疑的', '2');
INSERT INTO `words` VALUES ('3855', 'shoot', '发射；射中', '2');
INSERT INTO `words` VALUES ('3856', 'publication', '出版；出版物；公布', '2');
INSERT INTO `words` VALUES ('3857', 'possibility', '可能；可能的事', '2');
INSERT INTO `words` VALUES ('3858', 'lie', '躺；平放；位于', '2');
INSERT INTO `words` VALUES ('3859', 'quarrel', '争吵，吵架，口角', '2');
INSERT INTO `words` VALUES ('3860', 'here', '这里；向这里', '2');
INSERT INTO `words` VALUES ('3861', 'scrape', '刮；擦', '2');
INSERT INTO `words` VALUES ('3862', 'example', '例子，实例；模范', '2');
INSERT INTO `words` VALUES ('3863', 'Bible', '基督教《圣经》', '2');
INSERT INTO `words` VALUES ('3864', 'stability', '稳定；稳定性', '2');
INSERT INTO `words` VALUES ('3865', 'equip', '装备，配备', '2');
INSERT INTO `words` VALUES ('3866', 'forest', '森林；森林地带', '2');
INSERT INTO `words` VALUES ('3867', 'reasonable', '合情合理的；公道的', '2');
INSERT INTO `words` VALUES ('3868', 'quit', '离开，退出；退出；停止', '2');
INSERT INTO `words` VALUES ('3869', 'lower', '较低的', '2');
INSERT INTO `words` VALUES ('3870', 'beneath', '在…下方', '2');
INSERT INTO `words` VALUES ('3871', 'transform', '改变；改造；变换', '2');
INSERT INTO `words` VALUES ('3872', 'musician', '音乐家；作曲家', '2');
INSERT INTO `words` VALUES ('3873', 'attribute', '把…归因于', '2');
INSERT INTO `words` VALUES ('3874', 'saddle', '鞍子，马鞍', '2');
INSERT INTO `words` VALUES ('3875', 'trunk', '树干；大衣箱，皮箱', '2');
INSERT INTO `words` VALUES ('3876', 'submit', '服从', '2');
INSERT INTO `words` VALUES ('3877', 'customer', '顾客，主顾', '2');
INSERT INTO `words` VALUES ('3878', 'observation', '注意；观察；观察力', '2');
INSERT INTO `words` VALUES ('3879', 'moderate', '温和的；有节制的', '2');
INSERT INTO `words` VALUES ('3880', 'cope', '对付，应付', '2');
INSERT INTO `words` VALUES ('3881', 'king', '国王，君主', '2');
INSERT INTO `words` VALUES ('3882', 'reaction', '反应；反作用力', '2');
INSERT INTO `words` VALUES ('3883', 'outlook', '观点，看法；展望', '2');
INSERT INTO `words` VALUES ('3884', 'member', '成员，会员', '2');
INSERT INTO `words` VALUES ('3885', 'passport', '护照', '2');
INSERT INTO `words` VALUES ('3886', 'reduction', '减少，减小，缩减', '2');
INSERT INTO `words` VALUES ('3887', 'childhood', '童年，幼年；早期', '2');
INSERT INTO `words` VALUES ('3888', 'corner', '角；边远地区', '2');
INSERT INTO `words` VALUES ('3889', 'grandmother', '祖母，外祖母', '2');
INSERT INTO `words` VALUES ('3890', 'lightning', '闪电，闪电放电', '2');
INSERT INTO `words` VALUES ('3891', 'of', '…的；由于', '2');
INSERT INTO `words` VALUES ('3892', 'classification', '分类；分级；分类法', '2');
INSERT INTO `words` VALUES ('3893', 'tension', '紧张，不安；拉紧；张力', '2');
INSERT INTO `words` VALUES ('3894', 'strip', '剥去；除去', '2');
INSERT INTO `words` VALUES ('3895', 'interpretation', '解释', '2');
INSERT INTO `words` VALUES ('3896', 'condemn', '谴责，指责；判刑', '2');
INSERT INTO `words` VALUES ('3897', 'previous', '先的；前的', '2');
INSERT INTO `words` VALUES ('3898', 'hopeful', '有希望的', '2');
INSERT INTO `words` VALUES ('3899', 'invisible', '看不见的；无形的', '2');
INSERT INTO `words` VALUES ('3900', 'occasion', '场合；时刻；时机', '2');
INSERT INTO `words` VALUES ('3901', 'noun', '名词', '2');
INSERT INTO `words` VALUES ('3902', 'blend', '混和', '2');
INSERT INTO `words` VALUES ('3903', 'colleague', '同事，同僚', '2');
INSERT INTO `words` VALUES ('3904', 'electronic', '电子的', '2');
INSERT INTO `words` VALUES ('3905', 'fire', '火；火灾', '2');
INSERT INTO `words` VALUES ('3906', 'layer', '层；层次', '2');
INSERT INTO `words` VALUES ('3907', 'fade', '逐渐消失；褪色', '2');
INSERT INTO `words` VALUES ('3908', 'ahead', '向前；在前；提前', '2');
INSERT INTO `words` VALUES ('3909', 'chop', '砍，劈；切细', '2');
INSERT INTO `words` VALUES ('3910', 'gulf', '海湾', '2');
INSERT INTO `words` VALUES ('3911', 'convenient', '便利的；近便的', '2');
INSERT INTO `words` VALUES ('3912', 'eleven', '十一，十一个', '2');
INSERT INTO `words` VALUES ('3913', 'by', '在…旁；被，由', '2');
INSERT INTO `words` VALUES ('3914', 'Australian', '澳大利亚的', '2');
INSERT INTO `words` VALUES ('3915', 'main', '主要的，最重要的', '2');
INSERT INTO `words` VALUES ('3916', 'candy', '糖果', '2');
INSERT INTO `words` VALUES ('3917', 'bacteria', '细菌', '2');
INSERT INTO `words` VALUES ('3918', 'repeatedly', '重复地；一再', '2');
INSERT INTO `words` VALUES ('3919', 'explanation', '解释，说明；辩解', '2');
INSERT INTO `words` VALUES ('3920', 'impact', '影响，作用；冲击', '2');
INSERT INTO `words` VALUES ('3921', 'mainly', '主要地，大体上', '2');
INSERT INTO `words` VALUES ('3922', 'administration', '管理；管理部门', '2');
INSERT INTO `words` VALUES ('3923', 'skillful', '灵巧的，娴熟的', '2');
INSERT INTO `words` VALUES ('3924', 'data', '数据；资料', '2');
INSERT INTO `words` VALUES ('3925', 'pollution', '污染', '2');
INSERT INTO `words` VALUES ('3926', 'possession', '有，所有；占有物', '2');
INSERT INTO `words` VALUES ('3927', 'manly', '男子气概的，果断的', '2');
INSERT INTO `words` VALUES ('3928', 'reverse', '颠倒；翻转', '2');
INSERT INTO `words` VALUES ('3929', 'gallon', '加仑', '2');
INSERT INTO `words` VALUES ('3930', 'have', '（与过去分词连用构成完成时）', '2');
INSERT INTO `words` VALUES ('3931', 'boy', '男孩，少年；家伙', '2');
INSERT INTO `words` VALUES ('3932', 'Mister', '先生', '2');
INSERT INTO `words` VALUES ('3933', 'crawl', '爬，爬行', '2');
INSERT INTO `words` VALUES ('3934', 'employment', '工作；职业；雇用；使用', '2');
INSERT INTO `words` VALUES ('3935', 'dread', '畏惧；恐怖', '2');
INSERT INTO `words` VALUES ('3936', 'difficult', '困难的；难对付的', '2');
INSERT INTO `words` VALUES ('3937', 'aggressive', '侵略的；好斗的', '2');
INSERT INTO `words` VALUES ('3938', 'elder', '年龄较大的', '2');
INSERT INTO `words` VALUES ('3939', 'twin', '孪生的', '2');
INSERT INTO `words` VALUES ('3940', 'furnace', '炉子，熔炉；鼓风炉', '2');
INSERT INTO `words` VALUES ('3941', 'political', '政治的，政治上的', '2');
INSERT INTO `words` VALUES ('3942', 'statue', '塑像，雕像，铸像', '2');
INSERT INTO `words` VALUES ('3943', 'geometry', '几何，几何学', '2');
INSERT INTO `words` VALUES ('3944', 'union', '协会；联合', '2');
INSERT INTO `words` VALUES ('3945', 'accord', '给予；使一致', '2');
INSERT INTO `words` VALUES ('3946', 'terminal', '末端的', '2');
INSERT INTO `words` VALUES ('3947', 'petroleum', '石油', '2');
INSERT INTO `words` VALUES ('3948', 'northwest', '西北', '2');
INSERT INTO `words` VALUES ('3949', 'wool', '羊毛；毛线，绒线', '2');
INSERT INTO `words` VALUES ('3950', 'hollow', '空的；空洞的', '2');
INSERT INTO `words` VALUES ('3951', 'mission', '使命，任务；使团', '2');
INSERT INTO `words` VALUES ('3952', 'lantern', '提灯，灯笼', '2');
INSERT INTO `words` VALUES ('3953', 'earnest', '认真的，诚恳的', '2');
INSERT INTO `words` VALUES ('3954', 'lavatory', '盥洗室，厕所', '2');
INSERT INTO `words` VALUES ('3955', 'oneself', '自己；亲自', '2');
INSERT INTO `words` VALUES ('3956', 'familiar', '熟悉的', '2');
INSERT INTO `words` VALUES ('3957', 'rocket', '火箭，火箭发动机', '2');
INSERT INTO `words` VALUES ('3958', 'veteran', '老兵；老手', '2');
INSERT INTO `words` VALUES ('3959', 'declare', '断言；声明；表明', '2');
INSERT INTO `words` VALUES ('3960', 'span', '持续时间；跨距', '2');
INSERT INTO `words` VALUES ('3961', 'bunch', '束，串；一群', '2');
INSERT INTO `words` VALUES ('3962', 'approve', '批准；赞成，称许', '2');
INSERT INTO `words` VALUES ('3963', 'hobby', '业余爱好，癖好', '2');
INSERT INTO `words` VALUES ('3964', 'pea', '豌豆；豌豆属植物', '2');
INSERT INTO `words` VALUES ('3965', 'collapse', '倒坍；崩溃，瓦解', '2');
INSERT INTO `words` VALUES ('3966', 'insect', '昆虫，虫', '2');
INSERT INTO `words` VALUES ('3967', 'he', '（主格）他', '2');
INSERT INTO `words` VALUES ('3968', 'eat', '吃', '2');
INSERT INTO `words` VALUES ('3969', 'add', '添加，附加，掺加', '2');
INSERT INTO `words` VALUES ('3970', 'growth', '增长；增长量；生长', '2');
INSERT INTO `words` VALUES ('3971', 'strange', '陌生的；奇怪的', '2');
INSERT INTO `words` VALUES ('3972', 'invention', '发明，创造；捏造， 假话', '2');
INSERT INTO `words` VALUES ('3973', 'female', '雌性的动物；女性', '2');
INSERT INTO `words` VALUES ('3974', 'disaster', '灾难，灾祸；天灾', '2');
INSERT INTO `words` VALUES ('3975', 'headache', '头痛；头痛的事', '2');
INSERT INTO `words` VALUES ('3976', 'comment', '评论，意见；批评；指责', '2');
INSERT INTO `words` VALUES ('3977', 'damage', '损害，毁坏', '2');
INSERT INTO `words` VALUES ('3978', 'assure', '使确信；向…保证', '2');
INSERT INTO `words` VALUES ('3979', 'store', '商店；贮藏；贮存品', '2');
INSERT INTO `words` VALUES ('3980', 'withdraw', '撤退；收回；撤回', '2');
INSERT INTO `words` VALUES ('3981', 'conduct', '举止，行为', '2');
INSERT INTO `words` VALUES ('3982', 'bulb', '电灯泡', '2');
INSERT INTO `words` VALUES ('3983', 'alcohol', '酒精，乙醇', '2');
INSERT INTO `words` VALUES ('3984', 'bitter', '痛苦的；严寒的', '2');
INSERT INTO `words` VALUES ('3985', 'respond', '作答；响应', '2');
INSERT INTO `words` VALUES ('3986', 'naked', '裸体的；无遮敝的', '2');
INSERT INTO `words` VALUES ('3987', 'radar', '雷达，无线电探测器', '2');
INSERT INTO `words` VALUES ('3988', 'birthday', '生日；诞生的日期', '2');
INSERT INTO `words` VALUES ('3989', 'precise', '精确的，准确的', '2');
INSERT INTO `words` VALUES ('3990', 'emerge', '出现，涌现；冒出', '2');
INSERT INTO `words` VALUES ('3991', 'reality', '现实；真实', '2');
INSERT INTO `words` VALUES ('3992', 'wing', '翼，翅膀，翅', '2');
INSERT INTO `words` VALUES ('3993', 'gauge', '量，测量', '2');
INSERT INTO `words` VALUES ('3994', 'give', '做，作；送给', '2');
INSERT INTO `words` VALUES ('3995', 'end', '末端；目标', '2');
INSERT INTO `words` VALUES ('3996', 'rust', '锈', '2');
INSERT INTO `words` VALUES ('3997', 'disagree', '有分歧；不一致', '2');
INSERT INTO `words` VALUES ('3998', 'engineer', '工程师，技师', '2');
INSERT INTO `words` VALUES ('3999', 'expert', '专家', '2');
INSERT INTO `words` VALUES ('4000', 'plain', '平原', '2');
INSERT INTO `words` VALUES ('4001', 'philosopher', '哲学家', '2');
INSERT INTO `words` VALUES ('4002', 'eastern', '朝东的；东方的', '2');
INSERT INTO `words` VALUES ('4003', 'automobile', '汽车，机动车', '2');
INSERT INTO `words` VALUES ('4004', 'noon', '正午，中午', '2');
INSERT INTO `words` VALUES ('4005', 'region', '地区，地带；领域', '2');
INSERT INTO `words` VALUES ('4006', 'transformation', '变化；改造；转变', '2');
INSERT INTO `words` VALUES ('4007', 'benefit', '利益；恩惠；津贴', '2');
INSERT INTO `words` VALUES ('4008', 'least', '最少的', '2');
INSERT INTO `words` VALUES ('4009', 'grind', '磨（碎）；磨利', '2');
INSERT INTO `words` VALUES ('4010', 'do', '（用于实义动词前构成否定句和疑问句）', '2');
INSERT INTO `words` VALUES ('4011', 'national', '民族的；国家的', '2');
INSERT INTO `words` VALUES ('4012', 'excursion', '远足；短途旅行', '2');
INSERT INTO `words` VALUES ('4013', 'haste', '急速，急忙；草率', '2');
INSERT INTO `words` VALUES ('4014', 'suit', '起诉，诉讼', '2');
INSERT INTO `words` VALUES ('4015', 'stock', '库存品；股本', '2');
INSERT INTO `words` VALUES ('4016', 'needless', '不需要的', '2');
INSERT INTO `words` VALUES ('4017', 'laser', '激光', '2');
INSERT INTO `words` VALUES ('4018', 'boot', '靴子，长统靴', '2');
INSERT INTO `words` VALUES ('4019', 'pain', '痛，疼痛；辛苦', '2');
INSERT INTO `words` VALUES ('4020', 'stale', '陈腐的；走了气的', '2');
INSERT INTO `words` VALUES ('4021', 'habitual', '习惯性的，惯常的', '2');
INSERT INTO `words` VALUES ('4022', 'erect', '建造；使竖立', '2');
INSERT INTO `words` VALUES ('4023', 'noticeable', '显而易见的', '2');
INSERT INTO `words` VALUES ('4024', 'hate', '恨，憎恨；不喜欢', '2');
INSERT INTO `words` VALUES ('4025', 'orderly', '整洁的；有秩序的', '2');
INSERT INTO `words` VALUES ('4026', 'menu', '菜单', '2');
INSERT INTO `words` VALUES ('4027', 'fair', '公平的；相当的', '2');
INSERT INTO `words` VALUES ('4028', 'point', '点；要点；细目；分', '2');
INSERT INTO `words` VALUES ('4029', 'live', '居住；活', '2');
INSERT INTO `words` VALUES ('4030', 'altitude', '高，高度；高处', '2');
INSERT INTO `words` VALUES ('4031', 'horizon', '地平线；眼界，见识', '2');
INSERT INTO `words` VALUES ('4032', 'similarly', '类似地，相似地', '2');
INSERT INTO `words` VALUES ('4033', 'protein', '蛋白质，朊', '2');
INSERT INTO `words` VALUES ('4034', 'miserable', '痛苦的；悲惨的', '2');
INSERT INTO `words` VALUES ('4035', 'influence', '影响；势力', '2');
INSERT INTO `words` VALUES ('4036', 'July', '七月', '2');
INSERT INTO `words` VALUES ('4037', 'sake', '缘故，理由', '2');
INSERT INTO `words` VALUES ('4038', 'tendency', '倾向；趋向，趋势', '2');
INSERT INTO `words` VALUES ('4039', 'giant', '〔儿童故事中的〕巨人；巨人；巨物', '2');
INSERT INTO `words` VALUES ('4040', 'father', '父亲；神父；创始人', '2');
INSERT INTO `words` VALUES ('4041', 'specimen', '样本，标本，样品', '2');
INSERT INTO `words` VALUES ('4042', 'upward', '上升的；向上的', '2');
INSERT INTO `words` VALUES ('4043', 'ready', '准备好的；愿意的', '2');
INSERT INTO `words` VALUES ('4044', 'path', '路，小道；道路', '2');
INSERT INTO `words` VALUES ('4045', 'helmet', '头盔，钢盔', '2');
INSERT INTO `words` VALUES ('4046', 'adverb', '副词', '2');
INSERT INTO `words` VALUES ('4047', 'information', '消息，信息；通知', '2');
INSERT INTO `words` VALUES ('4048', 'exterior', '外部的', '2');
INSERT INTO `words` VALUES ('4049', 'setting', '环境；安装，调整', '2');
INSERT INTO `words` VALUES ('4050', 'tidy', '整洁的；整齐的', '2');
INSERT INTO `words` VALUES ('4051', 'eagle', '鹰', '2');
INSERT INTO `words` VALUES ('4052', 'variable', '易变的', '2');
INSERT INTO `words` VALUES ('4053', 'belt', '带，腰带；皮带；区', '2');
INSERT INTO `words` VALUES ('4054', 'open', '开的；开放的', '2');
INSERT INTO `words` VALUES ('4055', 'relative', '有关系的；相对的', '2');
INSERT INTO `words` VALUES ('4056', 'cage', '笼；鸟笼，囚笼', '2');
INSERT INTO `words` VALUES ('4057', 'revolt', '反抗；造反', '2');
INSERT INTO `words` VALUES ('4058', 'exist', '存在；生存，生活', '2');
INSERT INTO `words` VALUES ('4059', 'width', '宽度', '2');
INSERT INTO `words` VALUES ('4060', 'argue', '争论；争辩，辩论', '2');
INSERT INTO `words` VALUES ('4061', 'herself', '她自己；她亲自', '2');
INSERT INTO `words` VALUES ('4062', 'potato', '马铃薯，土豆', '2');
INSERT INTO `words` VALUES ('4063', 'aspect', '方面；样子，外表', '2');
INSERT INTO `words` VALUES ('4064', 'fertile', '肥沃的', '2');
INSERT INTO `words` VALUES ('4065', 'chamber', '〔人体内或某些机器中的〕室，腔；会议室；房间', '2');
INSERT INTO `words` VALUES ('4066', 'rotary', '旋转的，转动的', '2');
INSERT INTO `words` VALUES ('4067', 'elbow', '肘，肘部；弯管', '2');
INSERT INTO `words` VALUES ('4068', 'dye', '染', '2');
INSERT INTO `words` VALUES ('4069', 'condition', '状况，状态；环境', '2');
INSERT INTO `words` VALUES ('4070', 'deaf', '聋的；不愿听的', '2');
INSERT INTO `words` VALUES ('4071', 'prize', '奖赏，奖金', '2');
INSERT INTO `words` VALUES ('4072', 'knit', '把…编结', '2');
INSERT INTO `words` VALUES ('4073', 'neither', '（两者）都不的', '2');
INSERT INTO `words` VALUES ('4074', 'register', '登记，注册', '2');
INSERT INTO `words` VALUES ('4075', 'flu', '流行性感冒', '2');
INSERT INTO `words` VALUES ('4076', 'petrol', '（英）汽油', '2');
INSERT INTO `words` VALUES ('4077', 'continent', '大陆；陆地；洲', '2');
INSERT INTO `words` VALUES ('4078', 'echo', '回声，反响', '2');
INSERT INTO `words` VALUES ('4079', 'boil', '沸腾；汽化；煮沸', '2');
INSERT INTO `words` VALUES ('4080', 'accident', '意外事件；事故', '2');
INSERT INTO `words` VALUES ('4081', 'log', '原木，木料', '2');
INSERT INTO `words` VALUES ('4082', 'cheat', '骗取；哄', '2');
INSERT INTO `words` VALUES ('4083', 'grass', '草；牧草；草地', '2');
INSERT INTO `words` VALUES ('4084', 'desire', '中文释义；想要：要求', '2');
INSERT INTO `words` VALUES ('4085', 'dense', '密集的；浓厚的', '2');
INSERT INTO `words` VALUES ('4086', 'tank', '大容器，槽；坦克', '2');
INSERT INTO `words` VALUES ('4087', 'restrict', '限制，限定；约束', '2');
INSERT INTO `words` VALUES ('4088', 'first', '第一', '2');
INSERT INTO `words` VALUES ('4089', 'deliver', '投递，送交；发表', '2');
INSERT INTO `words` VALUES ('4090', 'reduce', '减少，减小', '2');
INSERT INTO `words` VALUES ('4091', 'aircraft', '飞机，飞行器', '2');
INSERT INTO `words` VALUES ('4092', 'specific', '特有的；具体的', '2');
INSERT INTO `words` VALUES ('4093', 'scout', '侦察员，侦察机', '2');
INSERT INTO `words` VALUES ('4094', 'instant', '瞬间', '2');
INSERT INTO `words` VALUES ('4095', 'involve', '使卷入；牵涉', '2');
INSERT INTO `words` VALUES ('4096', 'layout', '布局，安排，设计', '2');
INSERT INTO `words` VALUES ('4097', 'business', '商业，生意；事务；事务', '2');
INSERT INTO `words` VALUES ('4098', 'torture', '拷问；折磨', '2');
INSERT INTO `words` VALUES ('4099', 'shiver', '颤抖，哆嗦', '2');
INSERT INTO `words` VALUES ('4100', 'contradiction', '矛盾，不一致；否认', '2');
INSERT INTO `words` VALUES ('4101', 'photograph', '照片，相片', '2');
INSERT INTO `words` VALUES ('4102', 'sophisticated', '老于世故的；高级的', '2');
INSERT INTO `words` VALUES ('4103', 'exploit', '剥削；利用；开拓', '2');
INSERT INTO `words` VALUES ('4104', 'likewise', '同样地；也，又', '2');
INSERT INTO `words` VALUES ('4105', 'ratio', '比，比率', '2');
INSERT INTO `words` VALUES ('4106', 'textile', '纺织品', '2');
INSERT INTO `words` VALUES ('4107', 'employer', '雇佣者，雇主', '2');
INSERT INTO `words` VALUES ('4108', 'fisherman', '渔民，渔夫，打鱼人', '2');
INSERT INTO `words` VALUES ('4109', 'love', '爱，喜欢', '2');
INSERT INTO `words` VALUES ('4110', 'arrive', '到达；来临；达到', '2');
INSERT INTO `words` VALUES ('4111', 'preferable', '更可取的，更好的', '2');
INSERT INTO `words` VALUES ('4112', 'indifferent', '冷漠的；不积极的', '2');
INSERT INTO `words` VALUES ('4113', 'impatient', '不耐烦的，急躁的', '2');
INSERT INTO `words` VALUES ('4114', 'vapour', '汽，蒸气', '2');
INSERT INTO `words` VALUES ('4115', 'chemist', '化学家；药剂师', '2');
INSERT INTO `words` VALUES ('4116', 'novel', '小说', '2');
INSERT INTO `words` VALUES ('4117', 'forward', '向前；今后，往后', '2');
INSERT INTO `words` VALUES ('4118', 'civilize', '使文明；教育', '2');
INSERT INTO `words` VALUES ('4119', 'nail', '钉；指甲', '2');
INSERT INTO `words` VALUES ('4120', 'harsh', '严厉的；刺耳的', '2');
INSERT INTO `words` VALUES ('4121', 'fail', '失败；不能；失灵', '2');
INSERT INTO `words` VALUES ('4122', 'disturb', '打扰，扰乱；弄乱', '2');
INSERT INTO `words` VALUES ('4123', 'favourable', '赞成的；有利的', '2');
INSERT INTO `words` VALUES ('4124', 'exciting', '令人兴奋的', '2');
INSERT INTO `words` VALUES ('4125', 'seize', '抓住；夺取；逮捕', '2');
INSERT INTO `words` VALUES ('4126', 'day', '（一）天；白昼，白天', '2');
INSERT INTO `words` VALUES ('4127', 'onto', '到…上', '2');
INSERT INTO `words` VALUES ('4128', 'ninety', '九十，九十个', '2');
INSERT INTO `words` VALUES ('4129', 'application', '请求，申请；施用', '2');
INSERT INTO `words` VALUES ('4130', 'plot', '小块土地', '2');
INSERT INTO `words` VALUES ('4131', 'hotel', '旅馆', '2');
INSERT INTO `words` VALUES ('4132', 'encourage', '鼓励，支持；助长', '2');
INSERT INTO `words` VALUES ('4133', 'concentrate', '集中；聚集；浓缩', '2');
INSERT INTO `words` VALUES ('4134', 'achievement', '成就，成绩；完成', '2');
INSERT INTO `words` VALUES ('4135', 'comparison', '比较，对照；比拟', '2');
INSERT INTO `words` VALUES ('4136', 'build', '建筑；建立；创立', '2');
INSERT INTO `words` VALUES ('4137', 'bosom', '胸，胸部；内心', '2');
INSERT INTO `words` VALUES ('4138', 'bother', '烦扰，迷惑', '2');
INSERT INTO `words` VALUES ('4139', 'festival', '〔电影、戏剧、音乐等的〕节，节庆，会演；节日', '2');
INSERT INTO `words` VALUES ('4140', 'ensure', '保证；保护；赋予', '2');
INSERT INTO `words` VALUES ('4141', 'face', '脸；表面', '2');
INSERT INTO `words` VALUES ('4142', 'handy', '便于使用的；手边的', '2');
INSERT INTO `words` VALUES ('4143', 'honesty', '诚实，正直', '2');
INSERT INTO `words` VALUES ('4144', 'genuine', '真的；真正的', '2');
INSERT INTO `words` VALUES ('4145', 'cycle', '循环；自行车', '2');
INSERT INTO `words` VALUES ('4146', 'parent', '父亲，母亲，双亲', '2');
INSERT INTO `words` VALUES ('4147', 'graph', '（曲线）图，图表', '2');
INSERT INTO `words` VALUES ('4148', 'seal', '印记；封蜡', '2');
INSERT INTO `words` VALUES ('4149', 'strengthen', '加强，巩固', '2');
INSERT INTO `words` VALUES ('4150', 'deny', '否定；拒绝相信', '2');
INSERT INTO `words` VALUES ('4151', 'empire', '帝国', '2');
INSERT INTO `words` VALUES ('4152', 'surgery', '外科，外科手术', '2');
INSERT INTO `words` VALUES ('4153', 'fortune', '运气；巨款；命运', '2');
INSERT INTO `words` VALUES ('4154', 'interesting', '有趣的，引人入胜的', '2');
INSERT INTO `words` VALUES ('4155', 'project', '方案，工程', '2');
INSERT INTO `words` VALUES ('4156', 'again', '又一次；而且', '2');
INSERT INTO `words` VALUES ('4157', 'favour', '恩惠；赞同', '2');
INSERT INTO `words` VALUES ('4158', 'fleet', '舰队；机群', '2');
INSERT INTO `words` VALUES ('4159', 'mankind', '人类', '2');
INSERT INTO `words` VALUES ('4160', 'liter', '升（容量单位）', '2');
INSERT INTO `words` VALUES ('4161', 'mechanics', '力学', '2');
INSERT INTO `words` VALUES ('4162', 'schedule', '计划表；时间表', '2');
INSERT INTO `words` VALUES ('4163', 'crystal', '结晶体；晶粒；水晶', '2');
INSERT INTO `words` VALUES ('4164', 'letter', '信；字母', '2');
INSERT INTO `words` VALUES ('4165', 'effective', '有效的；有影响的', '2');
INSERT INTO `words` VALUES ('4166', 'eye', '眼睛；眼力', '2');
INSERT INTO `words` VALUES ('4167', 'card', '卡；卡片；名片', '2');
INSERT INTO `words` VALUES ('4168', 'bush', '灌木，灌木丛，矮树', '2');
INSERT INTO `words` VALUES ('4169', 'rouse', '唤醒，唤起；惊起', '2');
INSERT INTO `words` VALUES ('4170', 'reflexion', '映象；反映；反射', '2');
INSERT INTO `words` VALUES ('4171', 'Arabian', '阿拉伯的', '2');
INSERT INTO `words` VALUES ('4172', 'widen', '变宽；加宽', '2');
INSERT INTO `words` VALUES ('4173', 'violent', '暴力的；强暴的；猛烈的；狂暴的', '2');
INSERT INTO `words` VALUES ('4174', 'basic', '基本的，基础的', '2');
INSERT INTO `words` VALUES ('4175', 'director', '理事；导演；指导者；负责人', '2');
INSERT INTO `words` VALUES ('4176', 'own', '自己的', '2');
INSERT INTO `words` VALUES ('4177', 'commit', '犯（错误）；干（坏事）', '2');
INSERT INTO `words` VALUES ('4178', 'ampere', '安培', '2');
INSERT INTO `words` VALUES ('4179', 'blast', '爆炸，冲击波', '2');
INSERT INTO `words` VALUES ('4180', 'doubtless', '无疑地；很可能', '2');
INSERT INTO `words` VALUES ('4181', 'cloak', '斗篷；覆盖（物）', '2');
INSERT INTO `words` VALUES ('4182', 'comprehensive', '广泛的', '2');
INSERT INTO `words` VALUES ('4183', 'mistress', '女主；夫人', '2');
INSERT INTO `words` VALUES ('4184', 'mathematics', '数学', '2');
INSERT INTO `words` VALUES ('4185', 'housewife', '家庭主妇', '2');
INSERT INTO `words` VALUES ('4186', 'headmaster', '校长', '2');
INSERT INTO `words` VALUES ('4187', 'oak', '栎属植物；栎木，橡木', '2');
INSERT INTO `words` VALUES ('4188', 'available', '可利用的', '2');
INSERT INTO `words` VALUES ('4189', 'no', '不；并不', '2');
INSERT INTO `words` VALUES ('4190', 'somebody', '某人，有人', '2');
INSERT INTO `words` VALUES ('4191', 'rotation', '旋转，转动', '2');
INSERT INTO `words` VALUES ('4192', 'virtue', '善；美德；优点', '2');
INSERT INTO `words` VALUES ('4193', 'urban', '都市的，住在都市的', '2');
INSERT INTO `words` VALUES ('4194', 'hardware', '硬件；五金器具', '2');
INSERT INTO `words` VALUES ('4195', 'annoy', '使恼怒；打搅；打扰', '2');
INSERT INTO `words` VALUES ('4196', 'centigrade', '百分度的', '2');
INSERT INTO `words` VALUES ('4197', 'ink', '墨水，油墨', '2');
INSERT INTO `words` VALUES ('4198', 'parallel', '平行的；相同的', '2');
INSERT INTO `words` VALUES ('4199', 'naughty', '顽皮的，淘气的', '2');
INSERT INTO `words` VALUES ('4200', 'cassette', '盒式录音带', '2');
INSERT INTO `words` VALUES ('4201', 'fifth', '第五', '2');
INSERT INTO `words` VALUES ('4202', 'organization', '组织；团体，机构', '2');
INSERT INTO `words` VALUES ('4203', 'hall', '门厅；过道；会堂', '2');
INSERT INTO `words` VALUES ('4204', 'prevail', '流行；胜，优胜', '2');
INSERT INTO `words` VALUES ('4205', 'continue', '继续，连续；延伸', '2');
INSERT INTO `words` VALUES ('4206', 'microcomputer', '微型计算机，微机', '2');
INSERT INTO `words` VALUES ('4207', 'persist', '坚持，固执；持续', '2');
INSERT INTO `words` VALUES ('4208', 'unless', '除非，如果不', '2');
INSERT INTO `words` VALUES ('4209', 'manage', '管理；设法；成功应付，对付', '2');
INSERT INTO `words` VALUES ('4210', 'owner', '物主，所有人', '2');
INSERT INTO `words` VALUES ('4211', 'weep', '哭泣，流泪', '2');
INSERT INTO `words` VALUES ('4212', 'vacuum', '真空；真空吸尘器', '2');
INSERT INTO `words` VALUES ('4213', 'realize', '认识到；实现', '2');
INSERT INTO `words` VALUES ('4214', 'predict', '预言，预告，预测', '2');
INSERT INTO `words` VALUES ('4215', 'portable', '轻便的；手提的', '2');
INSERT INTO `words` VALUES ('4216', 'ditch', '沟，沟渠，渠道', '2');
INSERT INTO `words` VALUES ('4217', 'relief', '减轻；救济；援救', '2');
INSERT INTO `words` VALUES ('4218', 'accommodate', '容纳；供应，供给，提供住宿', '2');
INSERT INTO `words` VALUES ('4219', 'laboratory', '实验室，研究室', '2');
INSERT INTO `words` VALUES ('4220', 'brush', '刷子，毛刷；画笔', '2');
INSERT INTO `words` VALUES ('4221', 'microscope', '显微镜', '2');
INSERT INTO `words` VALUES ('4222', 'emperor', '皇帝', '2');
INSERT INTO `words` VALUES ('4223', 'render', '使得；表示，给予', '2');
INSERT INTO `words` VALUES ('4224', 'plug', '塞子；插头', '2');
INSERT INTO `words` VALUES ('4225', 'consult', '请教；查阅', '2');
INSERT INTO `words` VALUES ('4226', 'candle', '蜡烛', '2');
INSERT INTO `words` VALUES ('4227', 'range', '一系列；范围；山脉', '2');
INSERT INTO `words` VALUES ('4228', 'adult', '成年人', '2');
INSERT INTO `words` VALUES ('4229', 'approach', '向…靠近', '2');
INSERT INTO `words` VALUES ('4230', 'eventually', '终于；最后', '2');
INSERT INTO `words` VALUES ('4231', 'glad', '高兴的；乐意的', '2');
INSERT INTO `words` VALUES ('4232', 'conclude', '推断出；结束', '2');
INSERT INTO `words` VALUES ('4233', 'radiation', '辐射；辐射能', '2');
INSERT INTO `words` VALUES ('4234', 'accidental', '偶然的；非本质的', '2');
INSERT INTO `words` VALUES ('4235', 'dog', '狗，犬；犬科动物', '2');
INSERT INTO `words` VALUES ('4236', 'automation', '自动，自动化', '2');
INSERT INTO `words` VALUES ('4237', 'huge', '巨大的，庞大的', '2');
INSERT INTO `words` VALUES ('4238', 'few', '很少的；少数的', '2');
INSERT INTO `words` VALUES ('4239', 'angel', '天使；安琪儿，天使〔指仁慈、善良或美丽的人〕', '2');
INSERT INTO `words` VALUES ('4240', 'handsome', '英俊的；相当大的', '2');
INSERT INTO `words` VALUES ('4241', 'class', '班，班级；阶级；等级', '2');
INSERT INTO `words` VALUES ('4242', 'nation', '国家；民族', '2');
INSERT INTO `words` VALUES ('4243', 'complaint', '抱怨；怨言；控告', '2');
INSERT INTO `words` VALUES ('4244', 'era', '时代，年代；纪元', '2');
INSERT INTO `words` VALUES ('4245', 'port', '港，港口', '2');
INSERT INTO `words` VALUES ('4246', 'column', '柱，支柱，圆柱', '2');
INSERT INTO `words` VALUES ('4247', 'message', '信息，消息；启示，要旨，寓意', '2');
INSERT INTO `words` VALUES ('4248', 'pack', '（把…）打包；（把…）装箱；挤满', '2');
INSERT INTO `words` VALUES ('4249', 'black', '黑色的；黑暗的', '2');
INSERT INTO `words` VALUES ('4250', 'scan', '细看；浏览；扫描', '2');
INSERT INTO `words` VALUES ('4251', 'variation', '变化，变动；变异', '2');
INSERT INTO `words` VALUES ('4252', 'planet', '行星', '2');
INSERT INTO `words` VALUES ('4253', 'lend', '把…借给；贷（款）', '2');
INSERT INTO `words` VALUES ('4254', 'reflection', '映象；反射；反映', '2');
INSERT INTO `words` VALUES ('4255', 'acre', '英亩', '2');
INSERT INTO `words` VALUES ('4256', 'removal', '移动；移走；除掉；搬迁', '2');
INSERT INTO `words` VALUES ('4257', 'sail', '帆；船', '2');
INSERT INTO `words` VALUES ('4258', 'France', '法国，法兰西', '2');
INSERT INTO `words` VALUES ('4259', 'superior', '有优越感的；较高的', '2');
INSERT INTO `words` VALUES ('4260', 'cafeteria', '自助食堂', '2');
INSERT INTO `words` VALUES ('4261', 'costly', '昂贵的；代价高的', '2');
INSERT INTO `words` VALUES ('4262', 'ideal', '理想的', '2');
INSERT INTO `words` VALUES ('4263', 'sample', '样品；标本', '2');
INSERT INTO `words` VALUES ('4264', 'continuous', '连续不断的，持续的', '2');
INSERT INTO `words` VALUES ('4265', 'joy', '欢乐，喜悦；乐事', '2');
INSERT INTO `words` VALUES ('4266', 'navy', '海军', '2');
INSERT INTO `words` VALUES ('4267', 'fabric', '织物，纺织品；结构', '2');
INSERT INTO `words` VALUES ('4268', 'evolve', '使进化；使发展', '2');
INSERT INTO `words` VALUES ('4269', 'eliminate', '消灭，消除；排除', '2');
INSERT INTO `words` VALUES ('4270', 'staff', '全体职员，员工；工作人员；参谋', '2');
INSERT INTO `words` VALUES ('4271', 'repeat', '重说，重做', '2');
INSERT INTO `words` VALUES ('4272', 'narrow', '狭的，狭窄的', '2');
INSERT INTO `words` VALUES ('4273', 'freight', '货运；货物；运费', '2');
INSERT INTO `words` VALUES ('4274', 'educate', '教育；培养；训练；教导', '2');
INSERT INTO `words` VALUES ('4275', 'fence', '栅栏', '2');
INSERT INTO `words` VALUES ('4276', 'lick', '舔；舔吃', '2');
INSERT INTO `words` VALUES ('4277', 'necessary', '必要的；必然的', '2');
INSERT INTO `words` VALUES ('4278', 'primitive', '原始的；老式的，简陋的', '2');
INSERT INTO `words` VALUES ('4279', 'read', '读，看懂', '2');
INSERT INTO `words` VALUES ('4280', 'and', '和，又，并；则，那么', '2');
INSERT INTO `words` VALUES ('4281', 'complain', '抱怨，诉苦；控告', '2');
INSERT INTO `words` VALUES ('4282', 'thrust', '插，刺', '2');
INSERT INTO `words` VALUES ('4283', 'junior', '青少年的', '2');
INSERT INTO `words` VALUES ('4284', 'leading', '最主要的', '2');
INSERT INTO `words` VALUES ('4285', 'spur', '刺激物', '2');
INSERT INTO `words` VALUES ('4286', 'commercial', '商业的；商品化的', '2');
INSERT INTO `words` VALUES ('4287', 'extraordinary', '非同寻常的；特别的（会议）', '2');
INSERT INTO `words` VALUES ('4288', 'inspire', '鼓舞；给…以灵感', '2');
INSERT INTO `words` VALUES ('4289', 'climate', '气候；地带；风气', '2');
INSERT INTO `words` VALUES ('4290', 'outward', '外面的；向外的', '2');
INSERT INTO `words` VALUES ('4291', 'pessimistic', '悲观的；厌世的', '2');
INSERT INTO `words` VALUES ('4292', 'frost', '冰冻，严寒；霜', '2');
INSERT INTO `words` VALUES ('4293', 'curse', '诅咒，咒骂', '2');
INSERT INTO `words` VALUES ('4294', 'heroic', '英雄的；英勇的', '2');
INSERT INTO `words` VALUES ('4295', 'dive', '跳水；潜水；俯冲', '2');
INSERT INTO `words` VALUES ('4296', 'survey', '调查；测量', '2');
INSERT INTO `words` VALUES ('4297', 'leak', '漏；泄露', '2');
INSERT INTO `words` VALUES ('4298', 'democratic', '民主的，民主政体的', '2');
INSERT INTO `words` VALUES ('4299', 'apart', '相隔；分开；除去', '2');
INSERT INTO `words` VALUES ('4300', 'resort', '求助，凭借；诉诸于', '2');
INSERT INTO `words` VALUES ('4301', 'utter', '完全的，彻底的', '2');
INSERT INTO `words` VALUES ('4302', 'penetrate', '穿过', '2');
INSERT INTO `words` VALUES ('4303', 'passenger', '乘客，旅客', '2');
INSERT INTO `words` VALUES ('4304', 'compete', '竞争；对抗；比赛', '2');
INSERT INTO `words` VALUES ('4305', 'boast', '自夸，吹嘘', '2');
INSERT INTO `words` VALUES ('4306', 'breadth', '宽度，幅度；幅面', '2');
INSERT INTO `words` VALUES ('4307', 'unique', '唯一的，独一无二的', '2');
INSERT INTO `words` VALUES ('4308', 'opportunity', '机会，良机', '2');
INSERT INTO `words` VALUES ('4309', 'precious', '珍贵的，宝贵的', '2');
INSERT INTO `words` VALUES ('4310', 'accurate', '准确的，正确无误的', '2');
INSERT INTO `words` VALUES ('4311', 'feeble', '虚弱的；微弱的', '2');
INSERT INTO `words` VALUES ('4312', 'kind', '种类', '2');
INSERT INTO `words` VALUES ('4313', 'helpful', '给予帮助的；有用的', '2');
INSERT INTO `words` VALUES ('4314', 'apology', '道歉，认错，谢罪', '2');
INSERT INTO `words` VALUES ('4315', 'lighten', '照亮，使明亮', '2');
INSERT INTO `words` VALUES ('4316', 'hot', '热的；刺激的；辣的', '2');
INSERT INTO `words` VALUES ('4317', 'hasty', '急速的；仓促的', '2');
INSERT INTO `words` VALUES ('4318', 'civil', '公民的；普通公民的；平民的', '2');
INSERT INTO `words` VALUES ('4319', 'able', '有能力的；出色的', '2');
INSERT INTO `words` VALUES ('4320', 'drive', '驾驶；打入；驱', '2');
INSERT INTO `words` VALUES ('4321', 'eleventh', '第十一（个）', '2');
INSERT INTO `words` VALUES ('4322', 'friction', '摩擦；摩擦力', '2');
INSERT INTO `words` VALUES ('4323', 'expectation', '期待，预期；期望', '2');
INSERT INTO `words` VALUES ('4324', 'commission', '委员会；委任状', '2');
INSERT INTO `words` VALUES ('4325', 'old', '老的；…岁的', '2');
INSERT INTO `words` VALUES ('4326', 'night', '夜，夜间', '2');
INSERT INTO `words` VALUES ('4327', 'joyful', '十分喜悦的，快乐的', '2');
INSERT INTO `words` VALUES ('4328', 'highly', '很，非常；高度地', '2');
INSERT INTO `words` VALUES ('4329', 'full', '满的；完全的', '2');
INSERT INTO `words` VALUES ('4330', 'detail', '细节；枝节', '2');
INSERT INTO `words` VALUES ('4331', 'foot', '脚；最下部；英尺', '2');
INSERT INTO `words` VALUES ('4332', 'tag', '标签；附加语', '2');
INSERT INTO `words` VALUES ('4333', 'cash', '现金，现款', '2');
INSERT INTO `words` VALUES ('4334', 'vanish', '突然不见，消失', '2');
INSERT INTO `words` VALUES ('4335', 'movie', '电影；电影院', '2');
INSERT INTO `words` VALUES ('4336', 'convert', '使转变；使改变', '2');
INSERT INTO `words` VALUES ('4337', 'although', '尽管，虽然', '2');
INSERT INTO `words` VALUES ('4338', 'submerge', '浸没；潜入水中', '2');
INSERT INTO `words` VALUES ('4339', 'event', '事件，大事；事变', '2');
INSERT INTO `words` VALUES ('4340', 'jam', '果酱', '2');
INSERT INTO `words` VALUES ('4341', 'display', '陈列，展览；显示', '2');
INSERT INTO `words` VALUES ('4342', 'mutton', '羊肉', '2');
INSERT INTO `words` VALUES ('4343', 'exhaust', '使筋疲力尽；用尽', '2');
INSERT INTO `words` VALUES ('4344', 'pot', '锅；壶，罐，盆', '2');
INSERT INTO `words` VALUES ('4345', 'murder', '谋杀，凶杀', '2');
INSERT INTO `words` VALUES ('4346', 'language', '语言；语言课程', '2');
INSERT INTO `words` VALUES ('4347', 'wire', '金属线；电缆', '2');
INSERT INTO `words` VALUES ('4348', 'honourable', '光荣的', '2');
INSERT INTO `words` VALUES ('4349', 'nationality', '国籍；民族，族', '2');
INSERT INTO `words` VALUES ('4350', 'remove', '移动，搬开；脱掉', '2');
INSERT INTO `words` VALUES ('4351', 'spacecraft', '航天器，宇宙飞船', '2');
INSERT INTO `words` VALUES ('4352', 'channel', '海峡；渠道；频道', '2');
INSERT INTO `words` VALUES ('4353', 'lunch', '午餐，（美）便餐', '2');
INSERT INTO `words` VALUES ('4354', 'form', '形式；形状', '2');
INSERT INTO `words` VALUES ('4355', 'soak', '浸，泡', '2');
INSERT INTO `words` VALUES ('4356', 'mobile', '运动的；流动的', '2');
INSERT INTO `words` VALUES ('4357', 'dim', '昏暗的；朦胧的', '2');
INSERT INTO `words` VALUES ('4358', 'death', '死，死亡；灭亡', '2');
INSERT INTO `words` VALUES ('4359', 'inevitable', '不可避免的，必然的', '2');
INSERT INTO `words` VALUES ('4360', 'host', '主人；东道主', '2');
INSERT INTO `words` VALUES ('4361', 'Marxist', '马克思主义的', '2');
INSERT INTO `words` VALUES ('4362', 'pork', '猪肉', '2');
INSERT INTO `words` VALUES ('4363', 'expect', '预料，预期；等待', '2');
INSERT INTO `words` VALUES ('4364', 'disorder', '骚乱；混乱，杂乱', '2');
INSERT INTO `words` VALUES ('4365', 'triumph', '凯旋；胜利', '2');
INSERT INTO `words` VALUES ('4366', 'jaw', '颌，颚', '2');
INSERT INTO `words` VALUES ('4367', 'peak', '山顶，巅', '2');
INSERT INTO `words` VALUES ('4368', 'practically', '实际上；几乎', '2');
INSERT INTO `words` VALUES ('4369', 'exclusively', '专门地', '2');
INSERT INTO `words` VALUES ('4370', 'noble', '贵族的；高尚的', '2');
INSERT INTO `words` VALUES ('4371', 'liberty', '自由；释放；许可', '2');
INSERT INTO `words` VALUES ('4372', 'graceful', '优美的，优雅的', '2');
INSERT INTO `words` VALUES ('4373', 'joint', '关节；接头，接缝', '2');
INSERT INTO `words` VALUES ('4374', 'sweep', '扫；刮起；扫过', '2');
INSERT INTO `words` VALUES ('4375', 'session', '一段时间；会议', '2');
INSERT INTO `words` VALUES ('4376', 'countryside', '乡下，农村', '2');
INSERT INTO `words` VALUES ('4377', 'miss', '小姐', '2');
INSERT INTO `words` VALUES ('4378', 'hundred', '百，百个', '2');
INSERT INTO `words` VALUES ('4379', 'tube', '管；电子管，显像管', '2');
INSERT INTO `words` VALUES ('4380', 'jungle', '丛林，密林，莽丛', '2');
INSERT INTO `words` VALUES ('4381', 'fool', '蠢人，傻子', '2');
INSERT INTO `words` VALUES ('4382', 'optical', '眼的；光学的', '2');
INSERT INTO `words` VALUES ('4383', 'attentive', '注意的；有礼貌的', '2');
INSERT INTO `words` VALUES ('4384', 'anybody', '任何人', '2');
INSERT INTO `words` VALUES ('4385', 'complete', '完整的；完成的', '2');
INSERT INTO `words` VALUES ('4386', 'depth', '深度；深厚；深处', '2');
INSERT INTO `words` VALUES ('4387', 'participate', '参与，参加；分享', '2');
INSERT INTO `words` VALUES ('4388', 'tire', '疲劳，累；厌倦', '2');
INSERT INTO `words` VALUES ('4389', 'God', '神，神像；上帝', '2');
INSERT INTO `words` VALUES ('4390', 'habit', '习惯；习性', '2');
INSERT INTO `words` VALUES ('4391', 'enlarge', '扩大，扩展；放大', '2');
INSERT INTO `words` VALUES ('4392', 'bargain', '交易', '2');
INSERT INTO `words` VALUES ('4393', 'revolutionary', '革命的', '2');
INSERT INTO `words` VALUES ('4394', 'instance', '例子，实例，事例', '2');
INSERT INTO `words` VALUES ('4395', 'considerate', '考虑周到的；体谅的', '2');
INSERT INTO `words` VALUES ('4396', 'dismiss', '不再考虑；解雇', '2');
INSERT INTO `words` VALUES ('4397', 'dare', '敢；竟敢', '2');
INSERT INTO `words` VALUES ('4398', 'odour', '气味，味道', '2');
INSERT INTO `words` VALUES ('4399', 'cultivate', '耕；种植；培养', '2');
INSERT INTO `words` VALUES ('4400', 'thunder', '雷', '2');
INSERT INTO `words` VALUES ('4401', 'enclose', '附上；围住，圈起', '2');
INSERT INTO `words` VALUES ('4402', 'enter', '走进，进入；参加', '2');
INSERT INTO `words` VALUES ('4403', 'introduce', '介绍；引进；传入', '2');
INSERT INTO `words` VALUES ('4404', 'judgement', '判断；意见；审判', '2');
INSERT INTO `words` VALUES ('4405', 'pool', '游泳池；水塘，水池', '2');
INSERT INTO `words` VALUES ('4406', 'daring', '大胆的，勇敢的', '2');
INSERT INTO `words` VALUES ('4407', 'postpone', '延迟，推迟，延缓', '2');
INSERT INTO `words` VALUES ('4408', 'telegram', '电报', '2');
INSERT INTO `words` VALUES ('4409', 'fund', '基金；资金', '2');
INSERT INTO `words` VALUES ('4410', 'lifetime', '一生，终身', '2');
INSERT INTO `words` VALUES ('4411', 'control', '控制；克制', '2');
INSERT INTO `words` VALUES ('4412', 'bronze', '青铜；青铜制品', '2');
INSERT INTO `words` VALUES ('4413', 'pit', '坑，地坑；煤矿', '2');
INSERT INTO `words` VALUES ('4414', 'lab', '实验室，研究室', '2');
INSERT INTO `words` VALUES ('4415', 'dynamic', '有活力的；动力的', '2');
INSERT INTO `words` VALUES ('4416', 'disable', '使无能，使伤残', '2');
INSERT INTO `words` VALUES ('4417', 'comparative', '比较的；相对的', '2');
INSERT INTO `words` VALUES ('4418', 'gate', '大门；篱笆门', '2');
INSERT INTO `words` VALUES ('4419', 'seed', '种（子），籽；起因，萌芽', '2');
INSERT INTO `words` VALUES ('4420', 'worthwhile', '值得花时间的', '2');
INSERT INTO `words` VALUES ('4421', 'fame', '名声，名望', '2');
INSERT INTO `words` VALUES ('4422', 'doubtful', '难以预测的；怀疑的', '2');
INSERT INTO `words` VALUES ('4423', 'distinguish', '区别，辨别；认别', '2');
INSERT INTO `words` VALUES ('4424', 'concert', '音乐会，演奏会', '2');
INSERT INTO `words` VALUES ('4425', 'famine', '饥荒', '2');
INSERT INTO `words` VALUES ('4426', 'slice', '薄片，切片；部分', '2');
INSERT INTO `words` VALUES ('4427', 'invade', '入侵，侵略；侵袭', '2');
INSERT INTO `words` VALUES ('4428', 'celebrate', '庆祝；歌颂，赞美', '2');
INSERT INTO `words` VALUES ('4429', 'prisoner', '囚犯', '2');
INSERT INTO `words` VALUES ('4430', 'temporary', '暂时的，临时的', '2');
INSERT INTO `words` VALUES ('4431', 'princess', '公主；王妃', '2');
INSERT INTO `words` VALUES ('4432', 'treasure', '财富；珍宝', '2');
INSERT INTO `words` VALUES ('4433', 'ill', '有病的；坏的', '2');
INSERT INTO `words` VALUES ('4434', 'comrade', '亲密的同伴；同志', '2');
INSERT INTO `words` VALUES ('4435', 'fragment', '碎片，破片，碎块', '2');
INSERT INTO `words` VALUES ('4436', 'problem', '问题；习题，问题', '2');
INSERT INTO `words` VALUES ('4437', 'enough', '足够的', '2');
INSERT INTO `words` VALUES ('4438', 'address', '地址；演说', '2');
INSERT INTO `words` VALUES ('4439', 'bath', '浴，洗澡；浴缸', '2');
INSERT INTO `words` VALUES ('4440', 'invent', '发明，创造；捏造', '2');
INSERT INTO `words` VALUES ('4441', 'provision', '供应；预备；存粮', '2');
INSERT INTO `words` VALUES ('4442', 'coordinate', '使协调，调节', '2');
INSERT INTO `words` VALUES ('4443', 'devote', '将…奉献，致力于', '2');
INSERT INTO `words` VALUES ('4444', 'inside', '在…里面', '2');
INSERT INTO `words` VALUES ('4445', 'valid', '有效的；正当的', '2');
INSERT INTO `words` VALUES ('4446', 'oh', '嗬，哦，唉呀', '2');
INSERT INTO `words` VALUES ('4447', 'liberate', '解放；释放', '2');
INSERT INTO `words` VALUES ('4448', 'talk', '讲话；谈论', '2');
INSERT INTO `words` VALUES ('4449', 'ever', '在任何时候；曾经', '2');
INSERT INTO `words` VALUES ('4450', 'bark', '吠叫声', '2');
INSERT INTO `words` VALUES ('4451', 'horror', '恐怖；战栗；憎恶', '2');
INSERT INTO `words` VALUES ('4452', 'deduce', '演绎，推论，推断', '2');
INSERT INTO `words` VALUES ('4453', 'deserve', '应受；值得', '2');
INSERT INTO `words` VALUES ('4454', 'overcome', '克服；战胜', '2');
INSERT INTO `words` VALUES ('4455', 'angry', '愤怒的，生气的', '2');
INSERT INTO `words` VALUES ('4456', 'Asian', '亚洲的', '2');
INSERT INTO `words` VALUES ('4457', 'dress', '服装', '2');
INSERT INTO `words` VALUES ('4458', 'inefficient', '效率低的，无能的', '2');
INSERT INTO `words` VALUES ('4459', 'mouthful', '满口，一口', '2');
INSERT INTO `words` VALUES ('4460', 'appetite', '食欲，胃口；欲望', '2');
INSERT INTO `words` VALUES ('4461', 'hospital', '医院', '2');
INSERT INTO `words` VALUES ('4462', 'fortnight', '两星期，十四天', '2');
INSERT INTO `words` VALUES ('4463', 'chew', '咀嚼，嚼碎', '2');
INSERT INTO `words` VALUES ('4464', 'optional', '可以任意选择的', '2');
INSERT INTO `words` VALUES ('4465', 'assist', '援助，帮助', '2');
INSERT INTO `words` VALUES ('4466', 'carpet', '地毯，毡毯，毛毯', '2');
INSERT INTO `words` VALUES ('4467', 'probability', '可能性；概率', '2');
INSERT INTO `words` VALUES ('4468', 'railway', '铁路，铁道', '2');
INSERT INTO `words` VALUES ('4469', 'each', '各，各自', '2');
INSERT INTO `words` VALUES ('4470', 'explosion', '爆炸，炸裂；爆发', '2');
INSERT INTO `words` VALUES ('4471', 'racial', '种族的；人种的', '2');
INSERT INTO `words` VALUES ('4472', 'clerk', '办事员，职员；店员', '2');
INSERT INTO `words` VALUES ('4473', 'asleep', '睡着的，睡熟的', '2');
INSERT INTO `words` VALUES ('4474', 'possible', '可能的；可能存在的', '2');
INSERT INTO `words` VALUES ('4475', 'hostess', '女主人', '2');
INSERT INTO `words` VALUES ('4476', 'exception', '例外，除外', '2');
INSERT INTO `words` VALUES ('4477', 'cathedral', '总教堂；大教堂', '2');
INSERT INTO `words` VALUES ('4478', 'acceptance', '接受，验收；承认', '2');
INSERT INTO `words` VALUES ('4479', 'might', '可能，会，也许', '2');
INSERT INTO `words` VALUES ('4480', 'unite', '联合', '2');
INSERT INTO `words` VALUES ('4481', 'ox', '阉牛；牛；公牛', '2');
INSERT INTO `words` VALUES ('4482', 'recovery', '重获；痊愈；恢复', '2');
INSERT INTO `words` VALUES ('4483', 'fellow', '家伙；伙伴', '2');
INSERT INTO `words` VALUES ('4484', 'brown', '褐色，棕色', '2');
INSERT INTO `words` VALUES ('4485', 'blind', '瞎的；盲目的', '2');
INSERT INTO `words` VALUES ('4486', 'dash', '使猛撞；溅', '2');
INSERT INTO `words` VALUES ('4487', 'must', '必须；必然要', '2');
INSERT INTO `words` VALUES ('4488', 'importance', '重要；重要性', '2');
INSERT INTO `words` VALUES ('4489', 'reception', '接待；招待会', '2');
INSERT INTO `words` VALUES ('4490', 'cap', '帽子，便帽；帽状物', '2');
INSERT INTO `words` VALUES ('4491', 'captain', '陆军上尉；队长', '2');
INSERT INTO `words` VALUES ('4492', 'rigid', '刚硬的；僵硬的', '2');
INSERT INTO `words` VALUES ('4493', 'mistake', '错误', '2');
INSERT INTO `words` VALUES ('4494', 'depart', '离开，起程；出发', '2');
INSERT INTO `words` VALUES ('4495', 'engage', '使从事于；聘用', '2');
INSERT INTO `words` VALUES ('4496', 'crazy', '疯狂的，荒唐的', '2');
INSERT INTO `words` VALUES ('4497', 'butcher', '屠夫；屠杀者', '2');
INSERT INTO `words` VALUES ('4498', 'pay', '支付；付给；给予', '2');
INSERT INTO `words` VALUES ('4499', 'lonely', '孤独的；荒凉的', '2');
INSERT INTO `words` VALUES ('4500', 'corn', '谷物；（英）小麦', '2');
INSERT INTO `words` VALUES ('4501', 'pierce', '剌穿', '2');
INSERT INTO `words` VALUES ('4502', 'revise', '修订，校订；修改', '2');
INSERT INTO `words` VALUES ('4503', 'primarily', '首先；主要地', '2');
INSERT INTO `words` VALUES ('4504', 'field', '田野；田；运动场', '2');
INSERT INTO `words` VALUES ('4505', 'compromise', '妥协，和解', '2');
INSERT INTO `words` VALUES ('4506', 'crane', '起重机，摄影升降机', '2');
INSERT INTO `words` VALUES ('4507', 'future', '将来，未来；前途', '2');
INSERT INTO `words` VALUES ('4508', 'external', '外部的，外面的', '2');
INSERT INTO `words` VALUES ('4509', 'fraction', '小部分；片断；分数', '2');
INSERT INTO `words` VALUES ('4510', 'delicate', '纤细的；易碎的', '2');
INSERT INTO `words` VALUES ('4511', 'abundant', '丰富的；大量的', '2');
INSERT INTO `words` VALUES ('4512', 'brittle', '脆的；易损坏的', '2');
INSERT INTO `words` VALUES ('4513', 'claim', '声称，主张；索取', '2');
INSERT INTO `words` VALUES ('4514', 'appreciate', '领会；感谢；欣赏', '2');
INSERT INTO `words` VALUES ('4515', 'about', '关于；在…周围', '2');
INSERT INTO `words` VALUES ('4516', 'parade', '游行；检阅', '2');
INSERT INTO `words` VALUES ('4517', 'furnish', '装备，布置 （房间、建筑物）；供应，提供', '2');
INSERT INTO `words` VALUES ('4518', 'mourn', '哀痛，哀悼', '2');
INSERT INTO `words` VALUES ('4519', 'hazard', '危险；公害', '2');
INSERT INTO `words` VALUES ('4520', 'choice', '选择，抉择', '2');
INSERT INTO `words` VALUES ('4521', 'liable', '易于…的；可能的', '2');
INSERT INTO `words` VALUES ('4522', 'sum', '金额；总数', '2');
INSERT INTO `words` VALUES ('4523', 'foreigner', '外国人', '2');
INSERT INTO `words` VALUES ('4524', 'mud', '软泥，泥浆', '2');
INSERT INTO `words` VALUES ('4525', 'reveal', '揭示，揭露；展现', '2');
INSERT INTO `words` VALUES ('4526', 'fold', '折叠；合拢', '2');
INSERT INTO `words` VALUES ('4527', 'beard', '胡须，络腮胡子', '2');
INSERT INTO `words` VALUES ('4528', 'illustrate', '（用图等）说明', '2');
INSERT INTO `words` VALUES ('4529', 'protect', '保护，保卫，警戒', '2');
INSERT INTO `words` VALUES ('4530', 'airline', '航空公司', '2');
INSERT INTO `words` VALUES ('4531', 'military', '军事的；军人的', '2');
INSERT INTO `words` VALUES ('4532', 'Negro', '黑人', '2');
INSERT INTO `words` VALUES ('4533', 'deep', '深的；纵深的', '2');
INSERT INTO `words` VALUES ('4534', 'storey', '（层）楼', '2');
INSERT INTO `words` VALUES ('4535', 'willing', '愿意的，心甘情愿的', '2');
INSERT INTO `words` VALUES ('4536', 'quarter', '四分之一；一刻钟', '2');
INSERT INTO `words` VALUES ('4537', 'obey', '顺从', '2');
INSERT INTO `words` VALUES ('4538', 'pattern', '型，式样；模，模型', '2');
INSERT INTO `words` VALUES ('4539', 'lightly', '轻轻地，轻松地', '2');
INSERT INTO `words` VALUES ('4540', 'suppose', '猜想；假定', '2');
INSERT INTO `words` VALUES ('4541', 'case', '情况；病例；事实', '2');
INSERT INTO `words` VALUES ('4542', 'overcoat', '外衣，大衣', '2');
INSERT INTO `words` VALUES ('4543', 'installation', '安装；装置；设施', '2');
INSERT INTO `words` VALUES ('4544', 'niece', '侄女，外甥女', '2');
INSERT INTO `words` VALUES ('4545', 'incline', '斜坡', '2');
INSERT INTO `words` VALUES ('4546', 'superficial', '肤浅的；表面的', '2');
INSERT INTO `words` VALUES ('4547', 'appointment', '约定，约会；任命', '2');
INSERT INTO `words` VALUES ('4548', 'tyre', '轮胎，车胎', '2');
INSERT INTO `words` VALUES ('4549', 'failure', '失败；失败的人', '2');
INSERT INTO `words` VALUES ('4550', 'beauty', '美，美丽；美人', '2');
INSERT INTO `words` VALUES ('4551', 'painting', '油画；绘画；着色', '2');
INSERT INTO `words` VALUES ('4552', 'frown', '皱眉，蹙额', '2');
INSERT INTO `words` VALUES ('4553', 'drown', '淹死，溺死', '2');
INSERT INTO `words` VALUES ('4554', 'resemble', '像，类似', '2');
INSERT INTO `words` VALUES ('4555', 'pressure', '压力；〔工作或生活中的〕压力；压，按', '2');
INSERT INTO `words` VALUES ('4556', 'remarkable', '异常的，非凡的', '2');
INSERT INTO `words` VALUES ('4557', 'muscle', '肌肉，肌；体力', '2');
INSERT INTO `words` VALUES ('4558', 'nap', '小睡，打盹，瞌睡', '2');
INSERT INTO `words` VALUES ('4559', 'polish', '磨光；使优美', '2');
INSERT INTO `words` VALUES ('4560', 'company', '公司，商号；同伴', '2');
INSERT INTO `words` VALUES ('4561', 'critical', '批评的；决定性的', '2');
INSERT INTO `words` VALUES ('4562', 'renew', '使更新', '2');
INSERT INTO `words` VALUES ('4563', 'maintain', '维持；赡养；维修', '2');
INSERT INTO `words` VALUES ('4564', 'computer', '计算机，电脑', '2');
INSERT INTO `words` VALUES ('4565', 'feasible', '可行的；可能的', '2');
INSERT INTO `words` VALUES ('4566', 'transformer', '变压器', '2');
INSERT INTO `words` VALUES ('4567', 'vehicle', '车辆，机动车', '2');
INSERT INTO `words` VALUES ('4568', 'politician', '政治家；政客', '2');
INSERT INTO `words` VALUES ('4569', 'regard', '把…看作', '2');
INSERT INTO `words` VALUES ('4570', 'oral', '口头的；口的', '2');
INSERT INTO `words` VALUES ('4571', 'height', '高，高度；高处', '2');
INSERT INTO `words` VALUES ('4572', 'approximately', '近似地，大约', '2');
INSERT INTO `words` VALUES ('4573', 'long', '渴望，极想念', '2');
INSERT INTO `words` VALUES ('4574', 'bit', '一点，一些，小片', '2');
INSERT INTO `words` VALUES ('4575', 'sole', '脚底；鞋底，袜底', '2');
INSERT INTO `words` VALUES ('4576', 'imprison', '关押，监禁；限制', '2');
INSERT INTO `words` VALUES ('4577', 'folk', '人们；家属，亲属', '2');
INSERT INTO `words` VALUES ('4578', 'carve', '刻，雕刻；切开', '2');
INSERT INTO `words` VALUES ('4579', 'practice', '练习；实践；业务', '2');
INSERT INTO `words` VALUES ('4580', 'element', '成分；要素；元素', '2');
INSERT INTO `words` VALUES ('4581', 'rapid', '快的', '2');
INSERT INTO `words` VALUES ('4582', 'rational', '理性的；出于理性的', '2');
INSERT INTO `words` VALUES ('4583', 'indispensable', '必不可少的，必需的', '2');
INSERT INTO `words` VALUES ('4584', 'contact', '与…联系', '2');
INSERT INTO `words` VALUES ('4585', 'treatment', '待遇；治疗，疗法', '2');
INSERT INTO `words` VALUES ('4586', 'insure', '给…保险；确保', '2');
INSERT INTO `words` VALUES ('4587', 'excellent', '优秀的，杰出的', '2');
INSERT INTO `words` VALUES ('4588', 'loyal', '忠诚的，忠心的', '2');
INSERT INTO `words` VALUES ('4589', 'dull', '枯燥的；不鲜明的', '2');
INSERT INTO `words` VALUES ('4590', 'ghost', '鬼，灵魂；鬼魂', '2');
INSERT INTO `words` VALUES ('4591', 'mortal', '终有一死的；致死的', '2');
INSERT INTO `words` VALUES ('4592', 'identify', '认出，识别，鉴定', '2');
INSERT INTO `words` VALUES ('4593', 'iron', '铁', '2');
INSERT INTO `words` VALUES ('4594', 'China', '中国', '2');
INSERT INTO `words` VALUES ('4595', 'collision', '碰撞；冲突', '2');
INSERT INTO `words` VALUES ('4596', 'harmful', '有害的', '2');
INSERT INTO `words` VALUES ('4597', 'volume', '音量；容积；卷，册', '2');
INSERT INTO `words` VALUES ('4598', 'bull', '公牛；雄的象', '2');
INSERT INTO `words` VALUES ('4599', 'mask', '面具；伪装', '2');
INSERT INTO `words` VALUES ('4600', 'crime', '犯罪；罪，罪行', '2');
INSERT INTO `words` VALUES ('4601', 'debate', '争论，辩论', '2');
INSERT INTO `words` VALUES ('4602', 'newspaper', '报纸，报', '2');
INSERT INTO `words` VALUES ('4603', 'criticize', '批评；非难；评论', '2');
INSERT INTO `words` VALUES ('4604', 'pencil', '铅笔', '2');
INSERT INTO `words` VALUES ('4605', 'courage', '勇气，胆量，胆识', '2');
INSERT INTO `words` VALUES ('4606', 'forehead', '额头，前部', '2');
INSERT INTO `words` VALUES ('4607', 'perceive', '理解；察觉，发觉', '2');
INSERT INTO `words` VALUES ('4608', 'place', '地方，地点；住所', '2');
INSERT INTO `words` VALUES ('4609', 'joke', '笑话', '2');
INSERT INTO `words` VALUES ('4610', 'sheet', '被单；纸张；薄板', '2');
INSERT INTO `words` VALUES ('4611', 'dot', '点，圆点', '2');
INSERT INTO `words` VALUES ('4612', 'balance', '使平衡', '2');
INSERT INTO `words` VALUES ('4613', 'melon', '瓜，甜瓜', '2');
INSERT INTO `words` VALUES ('4614', 'injure', '伤害，损害，损伤', '2');
INSERT INTO `words` VALUES ('4615', 'cucumber', '黄瓜', '2');
INSERT INTO `words` VALUES ('4616', 'flame', '火焰；热情', '2');
INSERT INTO `words` VALUES ('4617', 'less', '更少的', '2');
INSERT INTO `words` VALUES ('4618', 'peace', '和平；平静；和睦', '2');
INSERT INTO `words` VALUES ('4619', 'solve', '解决；解答，解释', '2');
INSERT INTO `words` VALUES ('4620', 'basis', '基础，根据', '2');
INSERT INTO `words` VALUES ('4621', 'once', '一次；曾经', '2');
INSERT INTO `words` VALUES ('4622', 'bus', '公共汽车', '2');
INSERT INTO `words` VALUES ('4623', 'husband', '丈夫', '2');
INSERT INTO `words` VALUES ('4624', 'haircut', '理发', '2');
INSERT INTO `words` VALUES ('4625', 'kiss', '吻', '2');
INSERT INTO `words` VALUES ('4626', 'pet', '爱畜；宠儿', '2');
INSERT INTO `words` VALUES ('4627', 'harvest', '收获；收成', '2');
INSERT INTO `words` VALUES ('4628', 'considerable', '相当大的；重要的', '2');
INSERT INTO `words` VALUES ('4629', 'cordial', '真诚的，诚恳的', '2');
INSERT INTO `words` VALUES ('4630', 'sketch', '略图；速写；概略', '2');
INSERT INTO `words` VALUES ('4631', 'avenue', '大街；林荫道，道路', '2');
INSERT INTO `words` VALUES ('4632', 'bright', '明亮的；聪明的', '2');
INSERT INTO `words` VALUES ('4633', 'intimate', '亲密的；个人的', '2');
INSERT INTO `words` VALUES ('4634', 'locate', '探明，找出，查出', '2');
INSERT INTO `words` VALUES ('4635', 'pride', '骄傲；自豪', '2');
INSERT INTO `words` VALUES ('4636', 'ore', '矿，矿石，矿砂', '2');
INSERT INTO `words` VALUES ('4637', 'cupboard', '碗柜，碗碟橱；食橱', '2');
INSERT INTO `words` VALUES ('4638', 'battery', '电池；一套，一组', '2');
INSERT INTO `words` VALUES ('4639', 'impression', '印象；印记', '2');
INSERT INTO `words` VALUES ('4640', 'waterproof', '不透水的，防水的', '2');
INSERT INTO `words` VALUES ('4641', 'find', '找到；找出；发觉', '2');
INSERT INTO `words` VALUES ('4642', 'chapter', '章，回，篇', '2');
INSERT INTO `words` VALUES ('4643', 'powerful', '有权威的；强有力的', '2');
INSERT INTO `words` VALUES ('4644', 'overtime', '加班；加班的时间', '2');
INSERT INTO `words` VALUES ('4645', 'carrier', '运输工具；运载工具', '2');
INSERT INTO `words` VALUES ('4646', 'troop', '军队；一群，大量', '2');
INSERT INTO `words` VALUES ('4647', 'garbage', '垃圾，污物，废料', '2');
INSERT INTO `words` VALUES ('4648', 'literature', '文学；文献', '2');
INSERT INTO `words` VALUES ('4649', 'excessive', '过多的，极度的', '2');
INSERT INTO `words` VALUES ('4650', 'nasty', '龌龊的；淫猥的', '2');
INSERT INTO `words` VALUES ('4651', 'aboard', '在船（车）上；上船', '2');
INSERT INTO `words` VALUES ('4652', 'outdoor', '户外的，室外的', '2');
INSERT INTO `words` VALUES ('4653', 'accuse', '指责；归咎于', '2');
INSERT INTO `words` VALUES ('4654', 'heaven', '天堂；天，天空', '2');
INSERT INTO `words` VALUES ('4655', 'include', '包括，包含', '2');
INSERT INTO `words` VALUES ('4656', 'poisonous', '有毒的，有害的', '2');
INSERT INTO `words` VALUES ('4657', 'medicine', '内服药；医学', '2');
INSERT INTO `words` VALUES ('4658', 'Europe', '欧洲', '2');
INSERT INTO `words` VALUES ('4659', 'examine', '检查，仔细观察', '2');
INSERT INTO `words` VALUES ('4660', 'halt', '停止；立定', '2');
INSERT INTO `words` VALUES ('4661', 'endure', '忍受；容忍', '2');
INSERT INTO `words` VALUES ('4662', 'opening', '开始的', '2');
INSERT INTO `words` VALUES ('4663', 'silence', '沉默', '2');
INSERT INTO `words` VALUES ('4664', 'missile', '导弹；发射物', '2');
INSERT INTO `words` VALUES ('4665', 'executive', '执行的', '2');
INSERT INTO `words` VALUES ('4666', 'reliability', '可靠性', '2');
INSERT INTO `words` VALUES ('4667', 'granddaughter', '孙女，外孙女', '2');
INSERT INTO `words` VALUES ('4668', 'occasional', '偶然的；临时的', '2');
INSERT INTO `words` VALUES ('4669', 'fortunate', '幸运的；侥幸的', '2');
INSERT INTO `words` VALUES ('4670', 'ear', '耳朵；听力，听觉', '2');
INSERT INTO `words` VALUES ('4671', 'sequence', '次序', '2');
INSERT INTO `words` VALUES ('4672', 'guarantee', '保证；担保物', '2');
INSERT INTO `words` VALUES ('4673', 'link', '有环连接', '2');
INSERT INTO `words` VALUES ('4674', 'actual', '实际的', '2');
INSERT INTO `words` VALUES ('4675', 'after', '在…以后；次于', '2');
INSERT INTO `words` VALUES ('4676', 'access', '通道，入口', '2');
INSERT INTO `words` VALUES ('4677', 'recently', '最近，新近', '2');
INSERT INTO `words` VALUES ('4678', 'intellectual', '知识分子', '2');
INSERT INTO `words` VALUES ('4679', 'rotate', '旋转', '2');
INSERT INTO `words` VALUES ('4680', 'deck', '甲板；舱面；层面', '2');
INSERT INTO `words` VALUES ('4681', 'plough', '犁', '2');
INSERT INTO `words` VALUES ('4682', 'poison', '毒，毒药', '2');
INSERT INTO `words` VALUES ('4683', 'perhaps', '也许，可能，多半', '2');
INSERT INTO `words` VALUES ('4684', 'acid', '酸', '2');
INSERT INTO `words` VALUES ('4685', 'elect', '选举，推选；选择', '2');
INSERT INTO `words` VALUES ('4686', 'cent', '分；分币', '2');
INSERT INTO `words` VALUES ('4687', 'arbitrary', '随心所欲的；专断的', '2');
INSERT INTO `words` VALUES ('4688', 'either', '（两者）任何一个', '2');
INSERT INTO `words` VALUES ('4689', 'Atlantic', '大西洋的', '2');
INSERT INTO `words` VALUES ('4690', 'actor', '演剧的人', '2');
INSERT INTO `words` VALUES ('4691', 'fever', '发热，发烧；狂热', '2');
INSERT INTO `words` VALUES ('4692', 'mostly', '主要的，大部分', '2');
INSERT INTO `words` VALUES ('4693', 'player', '游戏的人；比赛者', '2');
INSERT INTO `words` VALUES ('4694', 'swell', '膨胀；增长；隆起', '2');
INSERT INTO `words` VALUES ('4695', 'experience', '经验，感受；经历', '2');
INSERT INTO `words` VALUES ('4696', 'creative', '创造性的，创作的', '2');
INSERT INTO `words` VALUES ('4697', 'perfect', '完美的；完全的', '2');
INSERT INTO `words` VALUES ('4698', 'affection', '慈爱，爱；爱慕', '2');
INSERT INTO `words` VALUES ('4699', 'largely', '大部分；大量地', '2');
INSERT INTO `words` VALUES ('4700', 'extent', '程度；广度；范围', '2');
INSERT INTO `words` VALUES ('4701', 'better', '较好的', '2');
INSERT INTO `words` VALUES ('4702', 'disappear', '消失；不见；失踪', '2');
INSERT INTO `words` VALUES ('4703', 'motivate', '促动；激励，激发', '2');
INSERT INTO `words` VALUES ('4704', 'moreover', '再者，加之，此外', '2');
INSERT INTO `words` VALUES ('4705', 'regulate', '管理，控制；调整', '2');
INSERT INTO `words` VALUES ('4706', 'respectively', '各自地，分别地', '2');
INSERT INTO `words` VALUES ('4707', 'exit', '出口；退场', '2');
INSERT INTO `words` VALUES ('4708', 'chairman', '主席；议长，会长', '2');
INSERT INTO `words` VALUES ('4709', 'journal', '日报，杂志；日志', '2');
INSERT INTO `words` VALUES ('4710', 'below', '在…下面（以下）', '2');
INSERT INTO `words` VALUES ('4711', 'belief', '信念；信任，相信', '2');
INSERT INTO `words` VALUES ('4712', 'minority', '少数；少数民族', '2');
INSERT INTO `words` VALUES ('4713', 'over', '在…上方；超过', '2');
INSERT INTO `words` VALUES ('4714', 'conversation', '会话，非正式会谈', '2');
INSERT INTO `words` VALUES ('4715', 'factory', '工厂，制造厂', '2');
INSERT INTO `words` VALUES ('4716', 'cherry', '樱桃；樱桃树', '2');
INSERT INTO `words` VALUES ('4717', 'consent', '同意，赞成', '2');
INSERT INTO `words` VALUES ('4718', 'else', '其它，另外', '2');
INSERT INTO `words` VALUES ('4719', 'mouse', '鼠，耗子', '2');
INSERT INTO `words` VALUES ('4720', 'disk', '圆盘，唱片；磁盘', '2');
INSERT INTO `words` VALUES ('4721', 'legal', '法律的；合法的', '2');
INSERT INTO `words` VALUES ('4722', 'fundamental', '基础的，基本的', '2');
INSERT INTO `words` VALUES ('4723', 'liquor', '酒', '2');
INSERT INTO `words` VALUES ('4724', 'ancient', '古代的；古老的', '2');
INSERT INTO `words` VALUES ('4725', 'pillow', '枕头', '2');
INSERT INTO `words` VALUES ('4726', 'grip', '握紧，抓牢', '2');
INSERT INTO `words` VALUES ('4727', 'limitation', '限制；限度，局限', '2');
INSERT INTO `words` VALUES ('4728', 'chief', '首席的；主要的', '2');
INSERT INTO `words` VALUES ('4729', 'dark', '暗的；黑色的', '2');
INSERT INTO `words` VALUES ('4730', 'stoop', '俯身；弯身', '2');
INSERT INTO `words` VALUES ('4731', 'parliament', '议会，国会', '2');
INSERT INTO `words` VALUES ('4732', 'weld', '焊接，熔接', '2');
INSERT INTO `words` VALUES ('4733', 'hang', '挂，悬；吊死', '2');
INSERT INTO `words` VALUES ('4734', 'pacific', '和平的', '2');
INSERT INTO `words` VALUES ('4735', 'regulation', '规则，规章；管理', '2');
INSERT INTO `words` VALUES ('4736', 'against', '倚在；逆，对着', '2');
INSERT INTO `words` VALUES ('4737', 'blood', '血，血液；血统', '2');
INSERT INTO `words` VALUES ('4738', 'life', '生命；一生；寿命', '2');
INSERT INTO `words` VALUES ('4739', 'cannon', '大炮，火炮；榴弹炮', '2');
INSERT INTO `words` VALUES ('4740', 'evening', '傍晚，黄昏，晚上', '2');
INSERT INTO `words` VALUES ('4741', 'confine', '禁闭；限制', '2');
INSERT INTO `words` VALUES ('4742', 'ceiling', '天花板，顶蓬', '2');
INSERT INTO `words` VALUES ('4743', 'ashamed', '惭愧（的）；羞耻（的）', '2');
INSERT INTO `words` VALUES ('4744', 'just', '正好；只是；刚才', '2');
INSERT INTO `words` VALUES ('4745', 'necessity', '必要性；必然性', '2');
INSERT INTO `words` VALUES ('4746', 'mercury', '水银，汞', '2');
INSERT INTO `words` VALUES ('4747', 'materialism', '唯物主义', '2');
INSERT INTO `words` VALUES ('4748', 'let', '允许，让；使', '2');
INSERT INTO `words` VALUES ('4749', 'darling', '亲爱的人；宠儿', '2');
INSERT INTO `words` VALUES ('4750', 'billion', '万亿（英）', '2');
INSERT INTO `words` VALUES ('4751', 'frame', '框架，框子；构架', '2');
INSERT INTO `words` VALUES ('4752', 'cheek', '面颊，脸蛋', '2');
INSERT INTO `words` VALUES ('4753', 'incident', '发生的事；事件', '2');
INSERT INTO `words` VALUES ('4754', 'head', '头；上端', '2');
INSERT INTO `words` VALUES ('4755', 'acquaintance', '熟人；认识；了解', '2');
INSERT INTO `words` VALUES ('4756', 'fifty', '五十，五十个', '2');
INSERT INTO `words` VALUES ('4757', 'people', '人；人民，民族', '2');
INSERT INTO `words` VALUES ('4758', 'injection', '注射；注入', '2');
INSERT INTO `words` VALUES ('4759', 'fetch', '拿来；请来，接去', '2');
INSERT INTO `words` VALUES ('4760', 'indignant', '愤慨的，义愤的', '2');
INSERT INTO `words` VALUES ('4761', 'carpenter', '木工，木匠', '2');
INSERT INTO `words` VALUES ('4762', 'function', '功能；职务；函数', '2');
INSERT INTO `words` VALUES ('4763', 'transparent', '透明的；易识破的', '2');
INSERT INTO `words` VALUES ('4764', 'exposure', '暴露；揭露；曝光', '2');
INSERT INTO `words` VALUES ('4765', 'sightseeing', '观光，游览', '2');
INSERT INTO `words` VALUES ('4766', 'around', '在…周围', '2');
INSERT INTO `words` VALUES ('4767', 'everybody', '每人，人人', '2');
INSERT INTO `words` VALUES ('4768', 'cart', '二轮运货马车', '2');
INSERT INTO `words` VALUES ('4769', 'theoretical', '理论（上）的', '2');
INSERT INTO `words` VALUES ('4770', 'herd', '兽群，牧群', '2');
INSERT INTO `words` VALUES ('4771', 'fatal', '致命的', '2');
INSERT INTO `words` VALUES ('4772', 'England', '英格兰；英国', '2');
INSERT INTO `words` VALUES ('4773', 'sportsman', '运动员', '2');
INSERT INTO `words` VALUES ('4774', 'intensity', '强烈，剧烈；〔光、声等的〕强度', '2');
INSERT INTO `words` VALUES ('4775', 'violet', '紫罗兰', '2');
INSERT INTO `words` VALUES ('4776', 'agree', '同意；持相同意见', '2');
INSERT INTO `words` VALUES ('4777', 'lens', '镜头；透镜，镜片', '2');
INSERT INTO `words` VALUES ('4778', 'attitude', '态度，看法；姿势', '2');
INSERT INTO `words` VALUES ('4779', 'dirt', '尘，污物，污垢；土', '2');
INSERT INTO `words` VALUES ('4780', 'assemble', '集合，召集；装配', '2');
INSERT INTO `words` VALUES ('4781', 'slender', '细长的；微薄的', '2');
INSERT INTO `words` VALUES ('4782', 'sticky', '粘性的；胶粘的', '2');
INSERT INTO `words` VALUES ('4783', 'drawer', '抽屉', '2');
INSERT INTO `words` VALUES ('4784', 'dormitory', '集体寝室；宿舍', '2');
INSERT INTO `words` VALUES ('4785', 'ray', '光线；射线，辐射线', '2');
INSERT INTO `words` VALUES ('4786', 'delicious', '美味的；怡人的', '2');
INSERT INTO `words` VALUES ('4787', 'admit', '承认；准许…进入', '2');
INSERT INTO `words` VALUES ('4788', 'thread', '线；丝；螺纹；头绪', '2');
INSERT INTO `words` VALUES ('4789', 'poet', '诗人', '2');
INSERT INTO `words` VALUES ('4790', 'somehow', '由于某种原因', '2');
INSERT INTO `words` VALUES ('4791', 'mate', '伙伴，同事；配偶', '2');
INSERT INTO `words` VALUES ('4792', 'character', '性格；角色；特性', '2');
INSERT INTO `words` VALUES ('4793', 'across', '横过；在…对面', '2');
INSERT INTO `words` VALUES ('4794', 'organ', '器官；管风琴；机构', '2');
INSERT INTO `words` VALUES ('4795', 'gesture', '姿势，手势；姿态', '2');
INSERT INTO `words` VALUES ('4796', 'equality', '等同，平等；相等', '2');
INSERT INTO `words` VALUES ('4797', 'landlady', '女房东；女地主', '2');
INSERT INTO `words` VALUES ('4798', 'attend', '出席；照顾，护理', '2');
INSERT INTO `words` VALUES ('4799', 'proof', '证据；证明；校样', '2');
INSERT INTO `words` VALUES ('4800', 'cover', '盖；包括', '2');
INSERT INTO `words` VALUES ('4801', 'fasten', '扎牢，扣住', '2');
INSERT INTO `words` VALUES ('4802', 'push', '推；鼓励；敦促；逼迫', '2');
INSERT INTO `words` VALUES ('4803', 'rib', '肋，肋骨', '2');
INSERT INTO `words` VALUES ('4804', 'light', '轻的；少量的', '2');
INSERT INTO `words` VALUES ('4805', 'stir', '搅动；搅和；搅拌', '2');
INSERT INTO `words` VALUES ('4806', 'earthquake', '地震；大震荡', '2');
INSERT INTO `words` VALUES ('4807', 'concentration', '专注；集中；浓度', '2');
INSERT INTO `words` VALUES ('4808', 'make', '做，制造；使', '2');
INSERT INTO `words` VALUES ('4809', 'wind', '绕，缠绕', '2');
INSERT INTO `words` VALUES ('4810', 'guilty', '内疚的；有罪的', '2');
INSERT INTO `words` VALUES ('4811', 'blaze', '火；闪光', '2');
INSERT INTO `words` VALUES ('4812', 'invest', '投资；投入', '2');
INSERT INTO `words` VALUES ('4813', 'cloudy', '多云的；云一般的', '2');
INSERT INTO `words` VALUES ('4814', 'grandson', '孙子，外孙子', '2');
INSERT INTO `words` VALUES ('4815', 'feeling', '感觉，知觉；感情', '2');
INSERT INTO `words` VALUES ('4816', 'trap', '陷阱；诡计', '2');
INSERT INTO `words` VALUES ('4817', 'race', '比赛，竞赛，竞争', '2');
INSERT INTO `words` VALUES ('4818', 'overlook', '忽略；未注意到；眺望', '2');
INSERT INTO `words` VALUES ('4819', 'spade', '铲，铁锹', '2');
INSERT INTO `words` VALUES ('4820', 'whistle', '口哨', '2');
INSERT INTO `words` VALUES ('4821', 'action', '行动；作用；功能', '2');
INSERT INTO `words` VALUES ('4822', 'bolt', '插销；螺栓', '2');
INSERT INTO `words` VALUES ('4823', 'drug', '药，药物，药材', '2');
INSERT INTO `words` VALUES ('4824', 'nitrogen', '氮', '2');
INSERT INTO `words` VALUES ('4825', 'listen', '听，留神听；听从', '2');
INSERT INTO `words` VALUES ('4826', 'murderer', '杀人犯，凶手', '2');
INSERT INTO `words` VALUES ('4827', 'evidence', '根据；证据，证人', '2');
INSERT INTO `words` VALUES ('4828', 'inhabitant', '居民，住户', '2');
INSERT INTO `words` VALUES ('4829', 'instead', '代替，顶替；反而', '2');
INSERT INTO `words` VALUES ('4830', 'alike', '相像；十分相似', '2');
INSERT INTO `words` VALUES ('4831', 'lesson', '功课，课；课程', '2');
INSERT INTO `words` VALUES ('4832', 'medium', '媒质', '2');
INSERT INTO `words` VALUES ('4833', 'lest', '以免；惟恐', '2');
INSERT INTO `words` VALUES ('4834', 'cancel', '取消，撤销', '2');
INSERT INTO `words` VALUES ('4835', 'butter', '黄油；奶油', '2');
INSERT INTO `words` VALUES ('4836', 'pill', '药丸，丸剂', '2');
INSERT INTO `words` VALUES ('4837', 'fairly', '相当；公平地', '2');
INSERT INTO `words` VALUES ('4838', 'horn', '号角；喇叭；角', '2');
INSERT INTO `words` VALUES ('4839', 'melt', '融化', '2');
INSERT INTO `words` VALUES ('4840', 'preposition', '前置词，介词', '2');
INSERT INTO `words` VALUES ('4841', 'fruitful', '多产的；肥沃的', '2');
INSERT INTO `words` VALUES ('4842', 'middle', '中部', '2');
INSERT INTO `words` VALUES ('4843', 'leap', '跳，跃', '2');
INSERT INTO `words` VALUES ('4844', 'million', '百万', '2');
INSERT INTO `words` VALUES ('4845', 'know', '知道；认识；通晓', '2');
INSERT INTO `words` VALUES ('4846', 'biology', '生物学', '2');
INSERT INTO `words` VALUES ('4847', 'voluntary', '自愿的，志愿的', '2');
INSERT INTO `words` VALUES ('4848', 'acquire', '取得；获得；学到', '2');
INSERT INTO `words` VALUES ('4849', 'independent', '独立的；自主的', '2');
INSERT INTO `words` VALUES ('4850', 'wheel', '轮，车轮', '2');
INSERT INTO `words` VALUES ('4851', 'hole', '洞；孔眼；裂开处', '2');
INSERT INTO `words` VALUES ('4852', 'symbol', '象征；符号，记号', '2');
INSERT INTO `words` VALUES ('4853', 'curious', '好奇的；稀奇古怪的', '2');
INSERT INTO `words` VALUES ('4854', 'bay', '湾', '2');
INSERT INTO `words` VALUES ('4855', 'forbid', '禁止，不许；阻止', '2');
INSERT INTO `words` VALUES ('4856', 'refer', '谈到', '2');
INSERT INTO `words` VALUES ('4857', 'finally', '最后', '2');
INSERT INTO `words` VALUES ('4858', 'nylon', '尼龙，耐纶', '2');
INSERT INTO `words` VALUES ('4859', 'ambition', '雄心，抱负，野心', '2');
INSERT INTO `words` VALUES ('4860', 'electric', '电的，电动的', '2');
INSERT INTO `words` VALUES ('4861', 'velocity', '速度', '2');
INSERT INTO `words` VALUES ('4862', 'relax', '使松弛', '2');
INSERT INTO `words` VALUES ('4863', 'golf', '高尔夫球', '2');
INSERT INTO `words` VALUES ('4864', 'bone', '骨，骨骼', '2');
INSERT INTO `words` VALUES ('4865', 'glory', '光荣；荣誉的事', '2');
INSERT INTO `words` VALUES ('4866', 'interpret', '口译；解释，说明', '2');
INSERT INTO `words` VALUES ('4867', 'want', '需要；缺乏', '2');
INSERT INTO `words` VALUES ('4868', 'mood', '心情，情绪；语气', '2');
INSERT INTO `words` VALUES ('4869', 'coach', '长途公共汽车', '2');
INSERT INTO `words` VALUES ('4870', 'examination', '考试；检查，细查', '2');
INSERT INTO `words` VALUES ('4871', 'kindness', '仁慈，好意', '2');
INSERT INTO `words` VALUES ('4872', 'terror', '恐怖，惊骇', '2');
INSERT INTO `words` VALUES ('4873', 'heroine', '女英雄；女主角', '2');
INSERT INTO `words` VALUES ('4874', 'cricket', '板球；蟋蟀', '2');
INSERT INTO `words` VALUES ('4875', 'retreat', '（被迫）退却；后退', '2');
INSERT INTO `words` VALUES ('4876', 'curve', '曲线；弯', '2');
INSERT INTO `words` VALUES ('4877', 'structural', '结构的，构造的', '2');
INSERT INTO `words` VALUES ('4878', 'via', '经过；通过', '2');
INSERT INTO `words` VALUES ('4879', 'misunderstand', '误解，误会，曲解', '2');
INSERT INTO `words` VALUES ('4880', 'pond', '池塘', '2');
INSERT INTO `words` VALUES ('4881', 'precaution', '预防；警惕', '2');
INSERT INTO `words` VALUES ('4882', 'shore', '滨，岸', '2');
INSERT INTO `words` VALUES ('4883', 'autumn', '秋，秋季', '2');
INSERT INTO `words` VALUES ('4884', 'prospect', '展望；前景，前程', '2');
INSERT INTO `words` VALUES ('4885', 'question', '问题；疑问', '2');
INSERT INTO `words` VALUES ('4886', 'front', '前面的', '2');
INSERT INTO `words` VALUES ('4887', 'broadcast', '广播，播音', '2');
INSERT INTO `words` VALUES ('4888', 'background', '背景，经历；后景', '2');
INSERT INTO `words` VALUES ('4889', 'appearance', '外观；出现，来到', '2');
INSERT INTO `words` VALUES ('4890', 'fur', '软毛；毛皮，裘皮', '2');
INSERT INTO `words` VALUES ('4891', 'pronoun', '代词', '2');
INSERT INTO `words` VALUES ('4892', 'coarse', '粗的，粗糙的', '2');
INSERT INTO `words` VALUES ('4893', 'clarify', '澄清，阐明', '2');
INSERT INTO `words` VALUES ('4894', 'remote', '相隔很远的；冷淡的', '2');
INSERT INTO `words` VALUES ('4895', 'investigation', '调查，调查研究', '2');
INSERT INTO `words` VALUES ('4896', 'boat', '小船，艇', '2');
INSERT INTO `words` VALUES ('4897', 'attractive', '有吸引力的', '2');
INSERT INTO `words` VALUES ('4898', 'occupy', '占领；占，占有', '2');
INSERT INTO `words` VALUES ('4899', 'agony', '极度痛苦', '2');
INSERT INTO `words` VALUES ('4900', 'platform', '站台；讲台；平台', '2');
INSERT INTO `words` VALUES ('4901', 'communism', '共产主义', '2');
INSERT INTO `words` VALUES ('4902', 'not', '不，没有', '2');
INSERT INTO `words` VALUES ('4903', 'intensive', '加强的；精耕细作的', '2');
INSERT INTO `words` VALUES ('4904', 'maybe', '大概，或许；也许', '2');
INSERT INTO `words` VALUES ('4905', 'disgust', '厌恶，憎恶', '2');
INSERT INTO `words` VALUES ('4906', 'utilize', '利用', '2');
INSERT INTO `words` VALUES ('4907', 'protection', '保护', '2');
INSERT INTO `words` VALUES ('4908', 'connect', '连接，连结；联系', '2');

-- ----------------------------
-- Table structure for wordslist
-- ----------------------------
DROP TABLE IF EXISTS `wordslist`;
CREATE TABLE `wordslist` (
  `list_id` int NOT NULL AUTO_INCREMENT,
  `list_name` varchar(255) DEFAULT NULL,
  PRIMARY KEY (`list_id`)
) ENGINE=InnoDB AUTO_INCREMENT=3 DEFAULT CHARSET=utf8mb3;

-- ----------------------------
-- Records of wordslist
-- ----------------------------
INSERT INTO `wordslist` VALUES ('1', '四级核心');
INSERT INTO `wordslist` VALUES ('2', '四级全部');
